No.,NPSN,"Nama Satuan Pendidikan",Alamat,Kelurahan,Status,"Bentuk Pendidikan",Kecamatan,Kabupaten/Kota,Provinsi
"1 "," 40402837 ","SLB INALAHI ","JL. MOKODOMPIT NO.367 B KEL. INALAHI ","INALAHI ","SWASTA ",SLB,"Kec. Wawotobi","Kab. Konawe","Prov. Sulawesi Tenggara"
"1 "," 40400411 ","SDLB NEGERI INALAHI ","JL. MOKODOMPIT NO.368 ","INALAHI ","NEGERI ",SDLB,"Kec. Wawotobi","Kab. Konawe","Prov. Sulawesi Tenggara"
"1 "," 40403672 ","SMA LUAR BIASA WAWOTOBI ","JLN. MOKODOMPIT KEL. INALAHI   ","INALAHI ","SWASTA ",SMLB,"Kec. Wawotobi","Kab. Konawe","Prov. Sulawesi Tenggara"
"1 "," 40405729 ","SLB BINA MANDIRI ","DESA DIOLO ","DIOLO ","SWASTA ",SLB,"Kec. Bondoala","Kab. Konawe","Prov. Sulawesi Tenggara"
"1 "," 69991537 ","SLB ADIGUNA ","JALAN 30 POROS INALAHI UNAAHA ","PARAUNA ","SWASTA ",SLB,"Kec. Anggaberi","Kab. Konawe","Prov. Sulawesi Tenggara"
"2 "," 40404158 ","SLB KONAWE ","KEL. ANDABIA ","ANDABIA ","NEGERI ",SLB,"Kec. Anggaberi","Kab. Konawe","Prov. Sulawesi Tenggara"
"1 "," NP409025 ","SLB KILA MANDIRI KAPOIALA ","JALAN POROS KECAMATAN KAPOIALA ","LABOTOY ","SWASTA ",SLB,"Kec. Kapoiala","Kab. Konawe","Prov. Sulawesi Tenggara"
"1 "," 40405753 ","SLB TAMAN BAHAGIA ","KEL. TOMBULA ","TOMBULA ","SWASTA ",SLB,"Kec. Tongkuno","Kab. Muna","Prov. Sulawesi Tenggara"
"1 "," 69984216 ","SEKOLAH PENDIDIKAN KHUSUS FIIHA MUSTOFA ","JALAN POROS PARIGI ","WALAMBENO WITE ","SWASTA ",SLB,"Kec. Parigi","Kab. Muna","Prov. Sulawesi Tenggara"
"1 "," 40402945 ","SLB AMAL BHAKTI KABAWO ","JL. LAUTE DESA KONTUMERE ","KONTUMERE ","SWASTA ",SLB,"Kec. Kabawo","Kab. Muna","Prov. Sulawesi Tenggara"
"1 "," 40402947 ","SLB  ABCD INSAN MANDIRI ","JL. RONGGO WARSITO BELAKANG NO. 31 ","MANGGA KUNING ","SWASTA ",SLB,"Kec. Katobu","Kab. Muna","Prov. Sulawesi Tenggara"
"2 "," 40404979 ","SLB PERMATA BUNDA ","JL.KETIMUN ","RAHA I ","SWASTA ",SLB,"Kec. Katobu","Kab. Muna","Prov. Sulawesi Tenggara"
"1 "," 40405289 ","SDLB ANUGRAH HATI ","JL. DIPONEGORO, LRG. ANUGRAH HATI NO. 21 A ","WAMPONIKI ","SWASTA ",SDLB,"Kec. Katobu","Kab. Muna","Prov. Sulawesi Tenggara"
"1 "," 69876123 ","SMPLB ANUGRAH HATI ","KATOBU ","WAMPONIKI ","SWASTA ",SMPLB,"Kec. Katobu","Kab. Muna","Prov. Sulawesi Tenggara"
"1 "," 60730208 ","SMALBS ANUGRAH HATI ","JL. DIPONRGORO NO. 19 RAHA ","WAMPONIKI ","SWASTA ",SMLB,"Kec. Katobu","Kab. Muna","Prov. Sulawesi Tenggara"
"1 "," 40402951 ","SLB TAMPO ","JLN. IDRUS EFENDI NO.20 TAMPO ","NAPABALANO ","SWASTA ",SLB,"Kec. Napabalano","Kab. Muna","Prov. Sulawesi Tenggara"
"1 "," 40404980 ","PK-PLKSD SAMATA KASIH 2 ","JLN. PAELANGKUTA ","TAMPO ","SWASTA ",SDLB,"Kec. Napabalano","Kab. Muna","Prov. Sulawesi Tenggara"
"2 "," 69752434 ","PK/SD TAMPO ","JL. LA ALAWUNA ","TAMPO ","SWASTA ",SDLB,"Kec. Napabalano","Kab. Muna","Prov. Sulawesi Tenggara"
"1 "," 40405851 ","PKSMP TAMPO ","JL. LA ALAMUNA ","TAMPO ","SWASTA ",SMPLB,"Kec. Napabalano","Kab. Muna","Prov. Sulawesi Tenggara"
"1 "," 69786272 ","SMALBS YLKN TAMPO ","JL. LA ALAMUNA KEL. TAMPO ","TAMPO ","SWASTA ",SMLB,"Kec. Napabalano","Kab. Muna","Prov. Sulawesi Tenggara"
"1 "," 60728677 ","SLB KARAIMAMU ","DESA BUNGI ","BUNGI ","SWASTA ",SLB,"Kec. Kontunaga","Kab. Muna","Prov. Sulawesi Tenggara"
"1 "," 40400884 ","SLB ABCD WATOPUTE ","JLN. RAYA RAHA - BAU-BAU ","LABAHA ","SWASTA ",SLB,"Kec. Watopute","Kab. Muna","Prov. Sulawesi Tenggara"
"2 "," 40404114 ","SLB THIMONINIGHO ","JL. POROS BANDARA DESA BANGKALI ","BANGKALI ","SWASTA ",SLB,"Kec. Watopute","Kab. Muna","Prov. Sulawesi Tenggara"
"1 "," 40404147 ","SDLB NEGERI KUSAMBI ","DESA MATARAWA ","MATARAWA ","NEGERI ",SDLB,"Kec. Watopute","Kab. Muna","Prov. Sulawesi Tenggara"
"1 "," 40404968 ","SLB AMET JAYA RAHA ","JL. LUMBA-LUMBA RAHA ( LRG. KEC. BATALAIWORU) ","LAIWORU ","SWASTA ",SLB,"Kec. Batalaiworu","Kab. Muna","Prov. Sulawesi Tenggara"
"2 "," 69955182 ","SLB PK DAN LK HARAPAN KITA ","JL. WIRABUANA LR. JIMS DESA WAWESA  ","WAWESA ","SWASTA ",SLB,"Kec. Batalaiworu","Kab. Muna","Prov. Sulawesi Tenggara"
"3 "," 40405749 ","SLB SEHATI ","BATALAIWORU ","LAIWORU ","SWASTA ",SLB,"Kec. Batalaiworu","Kab. Muna","Prov. Sulawesi Tenggara"
"1 "," 69952310 ","PKLK-SDLB QISWAH AN-NAAFI ","JL. MADE SABARA ","LAIWORU ","SWASTA ",SDLB,"Kec. Batalaiworu","Kab. Muna","Prov. Sulawesi Tenggara"
"2 "," 40400728 ","SLB ABC RAHA ","LAIWORU ","LAIWORU ","SWASTA ",SDLB,"Kec. Batalaiworu","Kab. Muna","Prov. Sulawesi Tenggara"
"1 "," 69872325 ","SMPLB ABC RAHA ","BATALAIWORU ","LAIWORU ","SWASTA ",SMPLB,"Kec. Batalaiworu","Kab. Muna","Prov. Sulawesi Tenggara"
"1 "," 40400729 ","SLB SAMATA KASIH ","JL. IR SOEKARNO ","GHONSUME ","SWASTA ",SLB,"Kec. Duruka","Kab. Muna","Prov. Sulawesi Tenggara"
"1 "," 69986505 ","SLB AMALIA BUTON RAYA ","LINGKUNGAN LEPEKA INDAH ","KOMBELI ","SWASTA ",SLB,"Kec. Pasar Wajo","Kab. Buton","Prov. Sulawesi Tenggara"
"1 "," 40403413 ","SDLB NEGERI 1 POMALAA ","JL. SAKURA NO. 5 ","PELAMBUA ","NEGERI ",SDLB,"Kec. Pomalaa","Kab. Kolaka","Prov. Sulawesi Tenggara"
"1 "," 40404605 ","SMPLB INKLUSI POMALAA ","SMPLB INKLUSI POMALAA ","PELAMBUA ","SWASTA ",SMPLB,"Kec. Pomalaa","Kab. Kolaka","Prov. Sulawesi Tenggara"
"1 "," 40401627 ","SDLB NEGERI 1 KOWIOHA ","JLN. POROS KOLAKA-POMALAA ","KOWIOHA ","NEGERI ",SDLB,"Kec. Wundulako","Kab. Kolaka","Prov. Sulawesi Tenggara"
"1 "," 40401523 ","SMPLB MOSEHA ","JLN.POROS KOLAKA-POMALAA ","KOWIOHA ","SWASTA ",SMPLB,"Kec. Wundulako","Kab. Kolaka","Prov. Sulawesi Tenggara"
"1 "," 69896142 ","SLB TUNAS HARAPAN MEKONGGA ","JL. BADEWI ","BALANDETE ","SWASTA ",SLB,"Kec. Kolaka","Kab. Kolaka","Prov. Sulawesi Tenggara"
"1 "," 40403606 ","SLB NEGERI TANGGETADA ","JL. POROS POMALAA-WATUBANGGA ","ONEEHA ","NEGERI ",SLB,"Kec. Tanggetada","Kab. Kolaka","Prov. Sulawesi Tenggara"
"1 "," 40404026 ","SDLBN BAULA ","PUUNDOHO BAULA ","PUUNDOHO ","NEGERI ",SDLB,"Kec. Baula","Kab. Kolaka","Prov. Sulawesi Tenggara"
"1 "," 40404139 ","SLB CEMERLANG ","JL. BEKICOT ","KOLAKAASIH ","SWASTA ",SLB,"Kec. Latambaga","Kab. Kolaka","Prov. Sulawesi Tenggara"
"1 "," 69896044 ","SLB TOSIBA ","JL. MAKMUR NO. 15 ","TOSIBA ","SWASTA ",SLB,"Kec. Samaturu","Kab. Kolaka","Prov. Sulawesi Tenggara"
"1 "," 69985271 ","SPK TOARI TUNAS JAYA ","JALAN PLAMBOYANG ","WONUA RAYA ","SWASTA ",SLB,"Kec. Toari","Kab. Kolaka","Prov. Sulawesi Tenggara"
"1 "," 69900225 ","SDLB CHINTA SALSABILA ","JL. POROS KENDARI-ANDOOLO ","WAWONGGURA ","SWASTA ",SDLB,"Kec. Palangga","Kab. Konawe Selatan","Prov. Sulawesi Tenggara"
"1 "," 40408932 ","SLB NEGERI KONDA ","LINGKUNGAN TIGA ","KONDA ","NEGERI ",SLB,"Kec. Konda","Kab. Konawe Selatan","Prov. Sulawesi Tenggara"
"1 "," 69786842 ","SLB FITRAH LAKOMEA ","JALAN POROS KENDARI- MOTAHA, DESA LAKOMEA ","LAKOMEA ","SWASTA ",SLB,"Kec. Landono","Kab. Konawe Selatan","Prov. Sulawesi Tenggara"
"1 "," 40404244 ","SLB NEGERI WAKATOBI ","JL. K.H. ASYARI ","NUMANA ","NEGERI ",SLB,"Kec. Wangi-Wangi Selatan","Kab. Wakatobi","Prov. Sulawesi Tenggara"
"1 "," 69958956 ","SLB NEGERI BOMBANA ","JL. DIKLAT  ","KAMPUNG BARU ","NEGERI ",SLB,"Kec. Rumbia Tengah","Kab. Bombana","Prov. Sulawesi Tenggara"
"1 "," 60726488 ","SLBS WANGGUDU ","WANGGUDU ","KEL. WANGGUDU ","SWASTA ",SLB,"Kec. Asera","Kab. Konawe Utara","Prov. Sulawesi Tenggara"
"1 "," 69960640 ","SLB NEGERI KULISUSU ","KOMPLEK PERKANTORAN SARAEA ","KADACUA ","NEGERI ",SLB,"Kec. Kulisusu","Kab. Buton Utara","Prov. Sulawesi Tenggara"
"1 "," 69978369 ","SLB LANGKOLU ","DESA KOEPISINO ","KOEPISINO ","SWASTA ",SLB,"Kec. Bonegunu","Kab. Buton Utara","Prov. Sulawesi Tenggara"
"1 "," 69899142 ","SLB NEGERI TIRAWUTA ","KEL. WOIHA ","WOIHA ","NEGERI ",SLB,"KEC. TIRAWUTA","Kab. Kolaka Timur","Prov. Sulawesi Tenggara"
"1 "," 69992667 ","SLB ABCDE CAHAYA KONKEP ","LANGARA IWAWO ","LANGARA IWAWO ","SWASTA ",SLB,"Kec. Wawonii Barat","Kab. Konawe Kepulauan","Prov. Sulawesi Tenggara"
"1 "," 69939582 ","SD PK/LK AMAL AL - HAZI ","DESA LAKALAMBA ","LAKALAMBA ","SWASTA ",SDLB,"Kec. Sawerigadi","Kab. Muna Barat","Prov. Sulawesi Tenggara"
"1 "," 69888649 ","PK/LK AMAL AL-HAZI ","LAKALAMBA ","LAKALAMBA ","SWASTA ",SMPLB,"Kec. Sawerigadi","Kab. Muna Barat","Prov. Sulawesi Tenggara"
"1 "," 40402949 ","SLB HASTA MANUNGGAL ","JLN. DIPONEGORO ","MEKAR JAYA ","SWASTA ",SLB,"Kec. Tiworo Tengah","Kab. Muna Barat","Prov. Sulawesi Tenggara"
"1 "," 69965360 ","SLBN 1 TIKEP ","JALAN POROS KAMBARA - TONDASI ","WAUMERE ","NEGERI ",SLB,"Kec. Tiworo Kepulauan","Kab. Muna Barat","Prov. Sulawesi Tenggara"
"1 "," 69862394 ","SLB TANGKUMAHO ","DESA TANGKUMAHO ","TANGKUMAHO ","SWASTA ",SLB,"Kec. Napano Kusambi","Kab. Muna Barat","Prov. Sulawesi Tenggara"
"1 "," 69896482 ","SLB TAMAN SARI KUSAMBI ","KUSAMBI ","KUSAMBI ","SWASTA ",SDLB,"Kec. Kusambi","Kab. Muna Barat","Prov. Sulawesi Tenggara"
"1 "," 69986922 ","SLB PERINTIS LAKAPERA ","JLN. POROS DESA LAKAPERA ","LAKAPERA ","SWASTA ",SLB,"Kec. Gu","Kab. Buton Tengah","Prov. Sulawesi Tenggara"
"1 "," 69899136 ","SMALB NUR HIDAYAH KENDARI ","JL IMAM BONJOL ","WAWOMBALATA ","SWASTA ",SLB,"Kec. Mandonga","Kota Kendari","Prov. Sulawesi Tenggara"
"2 "," 69899137 ","SMPLB NUR HIDAYAH KENDARI ","JL. IMAM BONJOL ","WAWOMBALATA ","SWASTA ",SLB,"Kec. Mandonga","Kota Kendari","Prov. Sulawesi Tenggara"
"1 "," 69899138 ","TKLB NUR HIDAYAH KENDARI ","JL IMAM BONJOL ","WAWOMBALATA ","SWASTA ",TKLB,"Kec. Mandonga","Kota Kendari","Prov. Sulawesi Tenggara"
"1 "," 69878012 ","SDLB NUR HIDAYAH KENDARI ","JL. IMAM BONJOL ","WAWOMBALATA ","SWASTA ",SDLB,"Kec. Mandonga","Kota Kendari","Prov. Sulawesi Tenggara"
"1 "," 69970046 ","SLB KUSUMA BANGSA ","JALAN JAMBU ","ANGGOEYA ","SWASTA ",SLB,"Kec. Poasia","Kota Kendari","Prov. Sulawesi Tenggara"
"1 "," 40403980 ","SLB B-F MANDARA KOTA KENDARI ","JLN. ANTERO HAMRA ","BARUGA ","SWASTA ",SLB,"Kec. Baruga","Kota Kendari","Prov. Sulawesi Tenggara"
"2 "," 40405787 ","SLB NEGERI BARUGA ","JL. DI. PANJAITAN ","WUNDUDOPI ","NEGERI ",SLB,"Kec. Baruga","Kota Kendari","Prov. Sulawesi Tenggara"
"1 "," 40402674 ","SLB ABC MANDARA KENDARI BARAT ","JL. MAYJEND. S.PARMAN KOMP. KAMPUS LAMA KENDARI ","LAHUNDAPE ","SWASTA ",SLB,"Kec. Kendari Barat","Kota Kendari","Prov. Sulawesi Tenggara"
"1 "," 69892400 ","SEKOLAH KHUSUS NEGERI 1 KENDARI ","JL. SAO-SAO ","BENDE ","NEGERI ",SLB,"Kec. Kadia","Kota Kendari","Prov. Sulawesi Tenggara"
"1 "," 40402802 ","SDLB N WABOROBO ","JLN. LA BUKE DAN KAMPUS 2 JL. WOLTER MONGINSIDI ","WABOROBO ","NEGERI ",SDLB,"Kec. Betoambari","Kota Baubau","Prov. Sulawesi Tenggara"
"1 "," 40402741 ","SLB TAT TWAM ASI ","JL. BUDI UTOMO, LORONG TK PEMBINA BAUBAU ","WANGKANAPI ","SWASTA ",SLB,"Kec. Wolio","Kota Baubau","Prov. Sulawesi Tenggara"
"1 "," 40404291 ","SLB KOKALUKUNA ","JL. ANGGREK ","WARURUMA ","SWASTA ",SLB,"Kec. Kokalukuna","Kota Baubau","Prov. Sulawesi Tenggara"
"1 "," 40404437 ","SLB NEGERI BUNGI ","JL. POROS KALIA-LIA (BELAKANG SMA NEGERI 5 BAUBAU), WAMEMBE ","KANTALAI ","NEGERI ",SLB,"Kec. Lea-Lea","Kota Baubau","Prov. Sulawesi Tenggara"
"1 "," 69952204 ","SD PK / LK AL HALIM ","JL. POROS BATU SORI ","PALABUSA ","SWASTA ",SDLB,"Kec. Lea-Lea","Kota Baubau","Prov. Sulawesi Tenggara"
"1 "," 69953507 ","SMP PK / LK AL HALIM ","JL. POROS BATU SORI ","PALABUSA ","SWASTA ",SMPLB,"Kec. Lea-Lea","Kota Baubau","Prov. Sulawesi Tenggara"
"1 "," 69952208 ","SMA PK / LK AL HALIM ","JL. POROS BATUSORI ","PALABUSA ","SWASTA ",SMLB,"Kec. Lea-Lea","Kota Baubau","Prov. Sulawesi Tenggara"
