No.,NPSN,"Nama Satuan Pendidikan",Alamat,Kelurahan,Status,"Bentuk Pendidikan",Kecamatan,Kabupaten/Kota,Provinsi
"1 "," 40500238 ","SLB KABUPATEN BOALEMO ","JLN. RASJID P MUSA DESA HUNGAYONAA KECAMATAN TILAMUTA KABUPATEN BOALEMO ","HUNGAYONAA ","NEGERI ",SLB,"Kec. Tilamuta","Kab. Boalemo","Prov. Gorontalo"
"1 "," 40501683 ","SLBN PAGUYAMAN ","JLN. TRANS SULAWESI ","TANGKOBU ","NEGERI ",SLB,"Kec. Paguyaman","Kab. Boalemo","Prov. Gorontalo"
"1 "," 40500679 ","SENTRA PK-LK SLB NEGERI KABUPATEN GORONTALO ","JALAN MUCHTAR PULUKADANG NO 152 ","YOOSONEGORO ","NEGERI ",SLB,"Kec. Limboto Barat","Kab. Gorontalo","Prov. Gorontalo"
"1 "," 40501629 ","SLB NEGERI POHUWATO ","JL.SMK  ","TERATAI ","NEGERI ",SLB,"Kec. Marisa","Kab. Pohuwato","Prov. Gorontalo"
"1 "," 40500991 ","SLB NEGERI BONE BOLANGO ","JLN PASAR RABU ","BOLUDAWA ","NEGERI ",SLB,"Kec. Suwawa","Kab. Bone Bolango","Prov. Gorontalo"
"1 "," 40502733 ","SLB NEGERI BONEPANTAI ","JLN TRANS SULAWESI ","BATU HIJAU ","NEGERI ",SLB,"Kec. Bonepantai","Kab. Bone Bolango","Prov. Gorontalo"
"1 "," 40501883 ","SLBN GORONTALO UTARA ","JL. MARTIN LIPUTO ","ALATA KARYA ","NEGERI ",SLB,"Kec. Kwandang","Kab. Gorontalo Utara","Prov. Gorontalo"
"1 "," 58570014 ","SLB NEGERI KOTA GORONTALO ","JL BERINGIN ","TULADENGGI ","NEGERI ",SLB,"Kec. Dungingi","Kota Gorontalo","Prov. Gorontalo"
