No.,NPSN,"Nama Satuan Pendidikan",Alamat,Kelurahan,Status,"Bentuk Pendidikan",Kecamatan,Kabupaten/Kota,Provinsi
"1 "," 10500462 ","SLBN MUARA BULIAN ","JL. GAJAH MADA ","RENGAS CONDONG ","NEGERI ",SLB,"Kec. Muara Bulian","Kab. Batang Hari","Prov. Jambi"
"1 "," 10505181 ","SLBN MUARA BUNGO ","JLN. TEUKU UMAR RT. 018 RW. 006 ","KELURAHAN PASIR PUTIH ","NEGERI ",SLB,"Kec. Rimbo Tengah","Kab. Bungo","Prov. Jambi"
"1 "," 10505138 ","SLBN SAROLANGUN ","JLN. TAMBIR  ","AUR GADING ","NEGERI ",SLB,"Kec. Sarolangun","Kab. Sarolangun","Prov. Jambi"
"1 "," 10502094 ","SLB NEGERI KUALA TUNGKAL  ","JLN. PANGERAN DIPONEGORO NO 38 ","TUNGKAL HARAPAN ","NEGERI ",SLB,"Kec. Tungkal Ilir","Kab. Tanjung Jabung Barat","Prov. Jambi"
"1 "," 10507383 ","SLB MERLUNG ","JL. TANJUNG PAKU ","MERLUNG ","NEGERI ",SLB,"Kec. Merlung","Kab. Tanjung Jabung Barat","Prov. Jambi"
"1 "," 69943088 ","SLB AL-MUIZ ","JLN. RADJO MUDO DESA KEMANTAN TINGGI ","KEMANTAN TINGGI ","SWASTA ",SLB,"Kec. Air Hangat Timur","Kab. Kerinci","Prov. Jambi"
"1 "," 69859755 ","SLB MINWA ","JL. R.A. KARTINI  ","RIMBO MULYO ","SWASTA ",SLB,"Kec. Rimbo Bujang","Kab. Tebo","Prov. Jambi"
"2 "," 10505776 ","SLB NEGERI KABUPATEN TEBO ","JL. DR WAHIDIN ","KELURAHAN WIROTHO AGUNG ","NEGERI ",SLB,"Kec. Rimbo Bujang","Kab. Tebo","Prov. Jambi"
"1 "," 10507255 ","SLB MUARO JAMBI ","KOMPLEK  PERKANTORAN BUKIT CINTO KENANG ","BUKIT BALING ","NEGERI ",SLB,"Kec. Sekernan","Kab. Muaro Jambi","Prov. Jambi"
"1 "," 10505859 ","SLB NEGERI TANJUNG JABUNG TIMUR ","JL. WR. SUPRATMAN  ","PARIT CULUM I ","NEGERI ",SLB,"Kec. Muara Sabak Barat","Kab. Tanjung Jabung Timur","Prov. Jambi"
"1 "," 69943337 ","SLB NEGERI MERANGIN ","JLN. SAPTA MARGA LRG.MASJID MUHAJIRIN RT 21 RW 00 KM 03 ","KELURAHAN PEMATANG KANDIS ","NEGERI ",SLB,"Kec. Bangko","Kab. Merangin","Prov. Jambi"
"1 "," 69947993 ","SLB HARAPAN MULIA ","JL. H. KAMIL NO. 35 ","WIJAYA PURA ","SWASTA ",SLB,"Kec. Jambi Selatan","Kota Jambi","Prov. Jambi"
"2 "," 10504891 ","SLB NEGERI 1 KOTA JAMBI ","JLN. SERSAN MUSLIM RT. 24 ","THE HOK ","NEGERI ",SLB,"Kec. Jambi Selatan","Kota Jambi","Prov. Jambi"
"1 "," 69969336 ","SLBS BUNGONG JEUMPA KOTA JAMBI ","JLN. UNTUNG SURAPATI RT.45 ","JELUTUNG ","SWASTA ",SLB,"Kec. Jelutung","Kota Jambi","Prov. Jambi"
"1 "," 69980932 ","SLB BUAH HATI ","JLN. KOL AMIR HAMZAH LRG. KENANGA II NO.37 JAMBI ","SIMPANG IV SIPIN ","SWASTA ",SLB,"Kec. Telanai Pura","Kota Jambi","Prov. Jambi"
"2 "," 10504944 ","SLB PROF. DR. SRI SOEDEWI MASJCHUN SOFWAN, SH JAMB ","JLN. DEPATI PURBO ","PEMATANG SULUR ","NEGERI ",SLB,"Kec. Telanai Pura","Kota Jambi","Prov. Jambi"
"1 "," 69978865 ","SLB NEGERI 2 KOTA JAMBI ","JLN. PROF. DR. SRI SOEDEWI MS, SH, SUNGAI PUTRI ","SUNGAI PUTRI ","NEGERI ",SLB,"Kec. Danau Sipin","Kota Jambi","Prov. Jambi"
"1 "," 10505449 ","SLB NEGERI KOTA SUNGAI PENUH ","SANDARAN GALEH ","SANDARAN GALEH ","NEGERI ",SLB,"Kec. Kumun Debai","Kota Sungai Penuh","Prov. Jambi"
