No.,NPSN,"Nama Satuan Pendidikan",Alamat,Kelurahan,Status,"Bentuk Pendidikan",Kecamatan,Kabupaten/Kota,Provinsi
"1 "," 69962452 ","SLB NEGERI WEDA ","JLN. RAYA WEDANA KEC. WEDA ","WEDANA ","NEGERI ",SLB,"Kec. Weda","Kab. Halmahera Tengah","Prov. Maluku Utara"
"1 "," 69786657 ","SLB NEGERI HALMAHERA BARAT   ","JLN. HATELASA  ","HATEBICARA ","NEGERI ",SLB,"Kec. Jailolo","Kab. Halmahera Barat","Prov. Maluku Utara"
"1 "," 69755884 ","SLB NEGERI TOBELO ","JL. BUKIT DOA ","GAMSUNGI ","NEGERI ",SLB,"Kec. Tobelo","Kab. halmahera Utara","Prov. Maluku Utara"
"1 "," 60203216 ","SLB NEGERI LABUHA ","BACAN ","HIDAYAT ","NEGERI ",SLB,"Kec. Bacan","Kab. Halmahera Selatan","Prov. Maluku Utara"
"1 "," 69962302 ","SLB NEGERI SUBAIM ","JL. TRANS HALMAHERA ","RAWAMANGUN ","NEGERI ",SLB,"Kec. Wasile Timur","Kab. Halmahera Timur","Prov. Maluku Utara"
"1 "," 69962301 ","SLB NEGERI MABA ","JL. RAYA BHAYANGKARA DESA SOA GIMALAHA ","SOA GIMALAHA ","NEGERI ",SLB,"Kec. Kota Maba","Kab. Halmahera Timur","Prov. Maluku Utara"
"1 "," 60202469 ","SLB NEGERI SANANA ","JL. PANTAI WAIHAMA ","DESA WAIHAMA ","NEGERI ",SLB,"Kec. Sanana","Kab. Kepulauan Sula","Prov. Maluku Utara"
"1 "," 69786799 ","SLBN MOROTAI ","JL. AL-MUHAJIRIN DARUBA MOROTAI ","DARUBA ","NEGERI ",SLB,"Kec. Morotai Selatan","Kab. Kepulauan Morotai","Prov. Maluku Utara"
"1 "," 60203523 ","SLB NEGERI SASA TERNATE ","JL. K.H. AHMAD DAHLAN ","SASA ","NEGERI ",SLB,"Kec. Ternate Selatan","Kota Ternate","Prov. Maluku Utara"
"1 "," 60200800 ","SLB SDLB YPAC ","JL. ZAINAL ABIDIN SYAH ","TAKOMA ","SWASTA ",SLB,"Kec. Ternate Tengah","Kota Ternate","Prov. Maluku Utara"
"1 "," 60202352 ","SDLB NEGERI TERNATE ","JL. RAMBUTAN ","MAKASSAR BARAT ","NEGERI ",SDLB,"Kec. Ternate Tengah","Kota Ternate","Prov. Maluku Utara"
"1 "," 60200759 ","SLB SMPLB YPAC ","JL. ZAINAL ABIDINSYAH ","TAKOMA ","SWASTA ",SMPLB,"Kec. Ternate Tengah","Kota Ternate","Prov. Maluku Utara"
"2 "," 60203526 ","SMPLB NEGERI TERNATE ","JLN. RAMBUTAN ","MAKASSAR BARAT ","SWASTA ",SMPLB,"Kec. Ternate Tengah","Kota Ternate","Prov. Maluku Utara"
"1 "," 69861156 ","SMALB NEGERI TERNATE  ","JL. RAMBUTAN KELURAHAN MAKASSAR BARAT KECAMATAN KOTA TERNATE TENGAH ","MAKASSAR BARAT ","NEGERI ",SMLB,"Kec. Ternate Tengah","Kota Ternate","Prov. Maluku Utara"
"2 "," 60200724 ","SMALB YPAC TERNATE ","TERNATE TENGAH ","KOTA BARU ","SWASTA ",SMLB,"Kec. Ternate Tengah","Kota Ternate","Prov. Maluku Utara"
"1 "," 69759268 ","SLB CENTRA PKLK NEGERI SOFIFI ","JL. LINGKAR II RABADOFA ","GURAPING ","NEGERI ",SLB,"Kec. Oba Utara","Kota Tidore Kepulauan","Prov. Maluku Utara"
"1 "," 69930460 ","SMALB NEGERI TIDORE ","KELURAHAN DOWORA  ","DOWORA ","NEGERI ",SLB,"Kec. Tidore Timur","Kota Tidore Kepulauan","Prov. Maluku Utara"
"1 "," 60201016 ","SDLB NEGERI TIDORE ","JLN. KEMAKMURAN ","DOWORA ","NEGERI ",SDLB,"Kec. Tidore Timur","Kota Tidore Kepulauan","Prov. Maluku Utara"
"1 "," 60203594 ","SMPLB NEGERI TIDORE ","JALAN KEMAKMURAN ","KELURAHAN DOWORA ","NEGERI ",SMPLB,"Kec. Tidore Timur","Kota Tidore Kepulauan","Prov. Maluku Utara"
