No.,NPSN,"Nama Satuan Pendidikan",Alamat,Kelurahan,Status,"Bentuk Pendidikan",Kecamatan,Kabupaten/Kota,Provinsi
"1 "," 69969844 ","SLBN PEMBINA PROVINSI ACEH ","JL. REL KERETA API ","JURONG PEUJEURA ","NEGERI ",SLB,"Kec. Ingin Jaya","Kab. Aceh Besar","Prov. Aceh"
"1 "," 10100156 ","SDLB NEGERI KOTA JANTHO ","JALAN JENDERAL AHMAD YANI NO. 1 KOTA JANTHO ","JANTHO MAKMUR ","NEGERI ",SDLB,"Kec. Kota Jantho","Kab. Aceh Besar","Prov. Aceh"
"1 "," 10107481 ","SMPLB ANEUK MEUTUAH KOTA JANTHO ","JANTHO MAKMUR ","JANTHO MAKMUR ","SWASTA ",SMPLB,"Kec. Kota Jantho","Kab. Aceh Besar","Prov. Aceh"
"1 "," 60729107 ","SMALB ANEUK MEUTUAH KOTA JANTHO ","JANTHO MAKMUR ","JANTHO MAKMUR ","SWASTA ",SMLB,"Kec. Kota Jantho","Kab. Aceh Besar","Prov. Aceh"
"1 "," 69831498 ","SLB NEGERI PIDIE ","JLN.BEUREUNUEN-TANGSE KM.1 ","RAPANA ","NEGERI ",SLB,"Kec. Mutiara","Kab. Pidie","Prov. Aceh"
"1 "," 10110265 ","SDLB NEGERI BAMBI ","JL. BALE OEN BAMBI ","BLANG RAYA ","NEGERI ",SDLB,"Kec. Peukan Baro","Kab. Pidie","Prov. Aceh"
"1 "," 69830444 ","SLB ANEUK NANGGROE ","JLN. ARA SELO GAMPONG RISEH TUNONG ","SAWANG ","SWASTA ",SLB,"Kec. Sawang","Kab. Aceh Utara","Prov. Aceh"
"1 "," 69978223 ","SLB BABUL HUDA ","JL. IRIGASI KRUENG PASE ","NIBONG ","SWASTA ",SLB,"Kec. Meurah Mulia","Kab. Aceh Utara","Prov. Aceh"
"1 "," 69954207 ","SLB BLANG JRUEN ","JLN. REL KERETA API ","BLANG JRUEN ","SWASTA ",SLB,"Kec. Tanah Luas","Kab. Aceh Utara","Prov. Aceh"
"1 "," 69930309 ","SLB NEGERI BINA BANGSA SYAMTALIRA ARON ","GAMPONG PANTE ","PANTE ","NEGERI ",SLB,"Kec. Syamtalira Aron","Kab. Aceh Utara","Prov. Aceh"
"1 "," 10106163 ","SLB YPAC DEWANTARA ","JALAN MEDAN BANDA ACEH ","UTEUN GEULINGGANG ","SWASTA ",SLB,"Kec. Dewantara","Kab. Aceh Utara","Prov. Aceh"
"1 "," 69814205 ","SLBS CAHAYA ","JL. PUNTI ","LHOK DALAM ","SWASTA ",SLB,"Kec. Peureulak","Kab. Aceh Timur","Prov. Aceh"
"1 "," 69812530 ","TKLB CAHAYA ","JL.PUNTI DUSUN PULO IBEUH GAMPONG LHOK DALAM ","LHOK DALAM ","SWASTA ",TKLB,"Kec. Peureulak","Kab. Aceh Timur","Prov. Aceh"
"1 "," 69991917 ","SLB NEGERI ACEH TIMUR ","DESA PAYA BILI SA. KEC. PEUDAWA ","PAYA BILI I ","NEGERI ",SLB,"Kec. Peudawa","Kab. Aceh Timur","Prov. Aceh"
"1 "," 69929702 ","SLB MUSARA ATE ","JL. TAKENGON - BINTANG ","LINUNG BULEN II ","SWASTA ",SLB,"Kec. Bintang","Kab. Aceh Tengah","Prov. Aceh"
"1 "," 10102320 ","SLB SWASTA PEGASING ","KAYU KUL JLN. TAKENGON - ISAQ ","KAYU KUL ","SWASTA ",SDLB,"Kec. Pegasing","Kab. Aceh Tengah","Prov. Aceh"
"1 "," 10107175 ","SLB SILIH NARA ANGKUP ","JLN. TAKENGON - ANGKUP ","BIUS UTAMA ","SWASTA ",SLB,"Kec. Silih Nara","Kab. Aceh Tengah","Prov. Aceh"
"1 "," 69859400 ","SLB KUTE PANANG ","JALAN LUKUP SABUN - TAWARDI ","TAWARDI ","SWASTA ",SLB,"Kec. Kute Panang","Kab. Aceh Tengah","Prov. Aceh"
"1 "," 69775643 ","SLBS QALBUN FITRAH TAKENGON ","CANGDURI ","CANG DURI ","SWASTA ",SLB,"Kec. Ketol","Kab. Aceh Tengah","Prov. Aceh"
"1 "," 69893697 ","SLB QALBUN INSANNI CELALA ","JL. CELALA - BEUTONG ","CIBRO ","SWASTA ",SLB,"Kec. Celala","Kab. Aceh Tengah","Prov. Aceh"
"1 "," 10102319 ","SDLBN KEBAYAKAN  ","JLN ABD WAHAB KEBAYAKAN ","GUNUNG BALOHEN ","NEGERI ",SDLB,"Kec. Kebayakan","Kab. Aceh Tengah","Prov. Aceh"
"1 "," 10102255 ","SMPSLB TAKENGON ","KEBAYAKAN ","GUNUNG BUKIT ","SWASTA ",SMPLB,"Kec. Kebayakan","Kab. Aceh Tengah","Prov. Aceh"
"1 "," 69876702 ","SMALB NEGERI 14 TAKENGON ","JLN. ABDUL WAHAB KEBAYAKAN ","GUNUNG BALOHEN ","NEGERI ",SMLB,"Kec. Kebayakan","Kab. Aceh Tengah","Prov. Aceh"
"1 "," 69945828 ","SLB NEGERI MEULABOH ","JALAN BAKTI PEMUDA ","DRIEN RAMPAK ","NEGERI ",SLB,"Kec. Johan Pahlawan","Kab. Aceh Barat","Prov. Aceh"
"1 "," 10107912 ","SDLB NEGERI MEULABOH ","JALAN BAKTI PEMUDA ","DRIEN RAMPAK ","NEGERI ",SDLB,"Kec. Johan Pahlawan","Kab. Aceh Barat","Prov. Aceh"
"1 "," 69964436 ","SDLB RAHMATILLAH ","JL. MEULABOH KUALA BHEE ","COT SEUMEURENG ","SWASTA ",SDLB,"Kec. Samatiga","Kab. Aceh Barat","Prov. Aceh"
"1 "," 69964437 ","SMPLB RAHMATILLAH ","JL. MEULABOH KUALA BHEE ","COT SEUMEURENG ","SWASTA ",SMPLB,"Kec. Samatiga","Kab. Aceh Barat","Prov. Aceh"
"1 "," 69991920 ","SLB AZZAHRA ","JL. MEDAN PASIE LEMBANG ","PASI LEMBANG ","SWASTA ",SLB,"Kec. Kluet Selatan","Kab. Aceh Selatan","Prov. Aceh"
"1 "," 10103048 ","SD NEGERI LUAR BIASA SIMPANG EMPAT ","SIMPANG EMPAT ","SIMPANG EMPAT ","NEGERI ",SDLB,"Kec. Lawe Bulan","Kab. Aceh Tenggara","Prov. Aceh"
"1 "," 10113630 ","SLB NEGERI SEMADAM ","JL.SIMPANG SEMADAM - SALIM PINIM ","NGK ALUR BULUH ","NEGERI ",SLB,"Kec. Semadam","Kab. Aceh Tenggara","Prov. Aceh"
"1 "," 69969845 ","SLB NEGERI SIMEULUE ","JL. TGK. DIUJUNG ","SUAK BULUH ","NEGERI ",SLB,"Kec. Simeulue Timur","Kab. Simeulue","Prov. Aceh"
"1 "," 10107112 ","SLB AL IKHLAS ","JL. GAYO KM. 3,5 ","JULI KEUDEE DUA ","SWASTA ",SLB,"Kec. Juli","Kab. Bireuen","Prov. Aceh"
"1 "," 69766972 ","SLB JEUMPA BIREUEN ","JLN CEMPAKA INDAH 1 ","COT TAROM BAROH ","SWASTA ",SLB,"Kec. Jeumpa","Kab. Bireuen","Prov. Aceh"
"1 "," 69964066 ","SLB NEGERI TERPADU BIREUEN ","JL. COT IJUE-TANOH MIRAH ","COT IEJU ","NEGERI ",SLB,"Kec. Peusangan","Kab. Bireuen","Prov. Aceh"
"1 "," 10110286 ","SLB NEGERI BIREUEN ","JLN. MEDAN - BANDA ACEH ","BIREUN MEUNASAH BLANG ","NEGERI ",SLB,"Kec. Kota Juang","Kab. Bireuen","Prov. Aceh"
"1 "," 10107113 ","SLB YTC KUTA BLANG ","JL. KRUENG TINGKEUM NO.17 ","TINGKEUM MANYANG ","SWASTA ",SLB,"Kec. Kuta Blang","Kab. Bireuen","Prov. Aceh"
"1 "," 69968408 ","SLB NEGERI AL-FANSURY ","DESA PULAU SAROK ","PULO SAROK ","NEGERI ",SLB,"Kec. Singkil","Kab. Aceh Singkil","Prov. Aceh"
"1 "," 10107120 ","SLB NEGERI PEMBINA ACEH TAMIANG ","DESA LANDUH ","LANDUH ","NEGERI ",SLB,"Kec. Rantau","Kab. Aceh Tamiang","Prov. Aceh"
"1 "," 10114230 ","SLB NEGERI SEUNAGAN ","JLN. NASIONAL KUTA PAYA - KRUENG CEUKO ","KUTA PAYA ","NEGERI ",SLB,"Kec. Seunagan","Kab. Nagan Raya","Prov. Aceh"
"1 "," 69988487 ","SLB NEGERI ACEH JAYA ","JL. KEJAKSAAN NO. 26 ","BAHAGIA ","NEGERI ",SLB,"Kec. Krueng Sabee","Kab. Aceh Jaya","Prov. Aceh"
"1 "," 10104793 ","SDLB NEGERI SUSOH ","JLN. PROVINSI ","PAWOH ","NEGERI ",SDLB,"Kec. Susoh","Kab. Aceh Barat Daya","Prov. Aceh"
"1 "," 69830449 ","SMPLB SUSOH ","JL. PROVINSI  ","PAWOH ","NEGERI ",SMPLB,"Kec. Susoh","Kab. Aceh Barat Daya","Prov. Aceh"
"1 "," 69969567 ","SMALB NEGERI SUSOH ","JLN. LETKOL BB DJALAL ","PAWOH ","NEGERI ",SMLB,"Kec. Susoh","Kab. Aceh Barat Daya","Prov. Aceh"
"1 "," 10111359 ","SDLBS MUTIARA LOUSER ","KP. LEME ","LEME ","SWASTA ",SDLB,"Kec. Blangkejeren","Kab. Gayo Lues","Prov. Aceh"
"1 "," 10113046 ","SMPLBS MUTIARA LOUSER ","KP. LEME ","LEME ","SWASTA ",SMPLB,"Kec. Blangkejeren","Kab. Gayo Lues","Prov. Aceh"
"1 "," 69786524 ","SMALBS MUTIARA LOUSER ","JL. BLANGKEJEREN - TAKENGON KM.2 ","LEME ","SWASTA ",SMLB,"Kec. Blangkejeren","Kab. Gayo Lues","Prov. Aceh"
"1 "," 10113205 ","SLB PEMBINA BLANGKEJEREN ","KP. PANGUR ","PANGUR ","NEGERI ",SLB,"Kec. Dabun Gelang","Kab. Gayo Lues","Prov. Aceh"
"1 "," 10110766 ","SLBS RESTU PERMATA BUNDA ","LAMPAHAN BARAT ","LAMPAHAN BARAT ","SWASTA ",SLB,"Kec. Timang Gajah","Kab. Bener Meriah","Prov. Aceh"
"1 "," 10105249 ","SDLBS PONDOK GAJAH ","PONDOK GAJAH ","PONDOK GAJAH ","SWASTA ",SDLB,"Kec. Bandar","Kab. Bener Meriah","Prov. Aceh"
"1 "," 10107258 ","SMPLB PONDOK GAJAH ","PONDOK GAJAH ","PONDOK GAJAH ","SWASTA ",SMPLB,"Kec. Bandar","Kab. Bener Meriah","Prov. Aceh"
"1 "," 10112907 ","SMALBS PONDOK GAJAH ","JLN. SIMPANG TIGA - PONDOK BARU ","PONDOK GAJAH ","SWASTA ",SMLB,"Kec. Bandar","Kab. Bener Meriah","Prov. Aceh"
"1 "," 69963053 ","SLB ASHABUL KAHFI ","JL. KOLONEL HUSEN YUSUF ","RIME RAYA ","SWASTA ",SLB,"Kec. Pintu Rime Gayo","Kab. Bener Meriah","Prov. Aceh"
"1 "," 10107207 ","SLBN PEMBINA BENER MERIAH ","PANTE RAYA ","PANTE RAYA ","NEGERI ",SLB,"Kec. Wih Pesam","Kab. Bener Meriah","Prov. Aceh"
"1 "," 69830103 ","SLB NEGERI PIDIE JAYA ","GP. POHROH KEMUKIMAN BEURIWEUH ","POHROH ","NEGERI ",SLB,"Kec. Meureudu","Kab. Pidie Jaya","Prov. Aceh"
"1 "," 69984140 ","SLB BAITUL ILMI ","JL. BANDA ACEH MEDAN KM. 150 DUSUN KHUTANG ","SAGOE ","SWASTA ",SLB,"Kec. Trienggadeng","Kab. Pidie Jaya","Prov. Aceh"
"1 "," 10105289 ","SDLB N SABANG ","JLN. HAJI AGUS SALIM ","IE MEULEE ","NEGERI ",SDLB,"Kec. Sukajaya","Kota Sabang","Prov. Aceh"
"1 "," 69838664 ","SMPLB SABANG ","JL. ANEUK LAOT- PAYA SEUNARA ","ANEUK LAOT ","NEGERI ",SMPLB,"Kec. Sukakarya","Kota Sabang","Prov. Aceh"
"1 "," 69892366 ","SLB-YBSM ","JL. PENDIDIKAN NO. 2 LAMJABAT, BANDA ACEH ","LAMJABAT ","SWASTA ",SLB,"Kec. Meuraxa","Kota Banda Aceh","Prov. Aceh"
"1 "," 10105344 ","SDLB NEGERI BANDA ACEH ","JL..SEKOLAH NO.6 DS.LABUI KEL.ATEUK PAHLAWAN ","ATEUK PAHLAWAN ","NEGERI ",SDLB,"Kec. Baiturrahman","Kota Banda Aceh","Prov. Aceh"
"1 "," 10105437 ","SMPLB YPPC BANDA ACEH ","JL SEKOLAH NO 4 ","ATEUK PAHLAWAN ","SWASTA ",SMPLB,"Kec. Baiturrahman","Kota Banda Aceh","Prov. Aceh"
"1 "," 10110808 ","SMALB YPPC BANDA ACEH ","JL. SEKOLAH NO. 5 DS. LABUY ","ATEUK PAHLAWAN ","SWASTA ",SMLB,"Kec. Baiturrahman","Kota Banda Aceh","Prov. Aceh"
"1 "," 69959161 ","SLB TNCC ","JL. RAJAWALI NO. 5 GP. KERAMAT KOTA BANDA ACEH ","KEURAMAT ","SWASTA ",SLB,"Kec. Kuta Alam","Kota Banda Aceh","Prov. Aceh"
"2 "," 10107303 ","SLB YPAC I BANDA ACEH ","JL. PATI NO. 4 KEURAMAT ","KEURAMAT ","SWASTA ",SLB,"Kec. Kuta Alam","Kota Banda Aceh","Prov. Aceh"
"1 "," 10105439 ","SMPLB YPAC BANDA ACEH ","JL.PATI NO.4  ","KEURAMAT ","SWASTA ",SMPLB,"Kec. Kuta Alam","Kota Banda Aceh","Prov. Aceh"
"1 "," 10105341 ","SMALBS B YPAC ","JL. PATI NO. 4 ","KEURAMAT ","SWASTA ",SMLB,"Kec. Kuta Alam","Kota Banda Aceh","Prov. Aceh"
"1 "," 10105331 ","SLB AB BUKESRA ","JL. KEBUN RAJA DESA DOY ULEE KARENG ","DOI ","SWASTA ",SLB,"Kec. Ulee Kareng","Kota Banda Aceh","Prov. Aceh"
"1 "," 10105438 ","SMPLB BUKESRA ","JLN KEBUN RAJA DOY ULEE KARENG ","DOI ","SWASTA ",SMPLB,"Kec. Ulee Kareng","Kota Banda Aceh","Prov. Aceh"
"1 "," 10106289 ","SMALBS BUKESRA ","JL. KEBON RAJA ","DOI ","SWASTA ",SMLB,"Kec. Ulee Kareng","Kota Banda Aceh","Prov. Aceh"
"1 "," 10107304 ","SLB CD YPAC-II BANDA ACEH ","JL. BANDA ACEH - MEDAN KM. 4,5 ","LUENG BATA ","SWASTA ",SLB,"Kec. Lueng Bata","Kota Banda Aceh","Prov. Aceh"
"1 "," 10113356 ","SMP LB CD YPAC BANDA ACEH ","JL. BANDA ACEH MEDAN KM. 4,5 LUENG BATA ","LUENG BATA ","SWASTA ",SMPLB,"Kec. Lueng Bata","Kota Banda Aceh","Prov. Aceh"
"1 "," 10113370 ","SMALBS CD YPAC II ","JL. BANDA ACEH - MEDAN KM. 45 ","LUENG BATA ","SWASTA ",SMLB,"Kec. Lueng Bata","Kota Banda Aceh","Prov. Aceh"
"1 "," 10113250 ","SLB CINTA MANDIRI ","JL. MEDAN - B. ACEH, PANGGOI ","PANGGOI ","SWASTA ",SLB,"Kec. Muara Dua","Kota Lhokseumawe","Prov. Aceh"
"2 "," 69932555 ","SLB NEGERI ANEUK NANGGROE ","JL. MERDEKA TIMUR, LR. H. IBRAHIM AGUNG ","UTEUN KOT ","NEGERI ",SLB,"Kec. Muara Dua","Kota Lhokseumawe","Prov. Aceh"
"1 "," 10113641 ","SLB KOTA LHOKSEUMAWE ","JL. LISTRIK SP. BESI TUA, HAGU TEUNGOH ","HAGU TEUNGOH ","SWASTA ",SLB,"Kec. Banda Sakti","Kota Lhokseumawe","Prov. Aceh"
"1 "," 10105716 ","SLB NEGERI KOTA LANGSA ","JLN. JEND. A. YANI ","TEUNGOH ","NEGERI ",SLB,"Kec. Langsa Kota","Kota Langsa","Prov. Aceh"
"2 "," 69991216 ","TKLB GLOBAL SCHOOL LANGSA ","JLN.KUALA LANGSA KEC.LANGSA BARAT ","ALUE BERAWE ","SWASTA ",SLB,"Kec. Langsa Kota","Kota Langsa","Prov. Aceh"
"1 "," 69940654 ","TKLB GLOBAL SCHOOL ","JL. A. YANI GP. TEUNGOH ","TEUNGOH ","SWASTA ",TKLB,"Kec. Langsa Kota","Kota Langsa","Prov. Aceh"
"1 "," 10105745 ","SMPLB KOTA LANGSA ","JL. PERUMNAS  ","PAYA BUJOK SEULEUMAK ","SWASTA ",SMPLB,"Kec. Langsa Baro","Kota Langsa","Prov. Aceh"
"1 "," 10112965 ","SMALB KOTA LANGSA ","JL. PERUMNAS LANGSA ","PAYA BUJOK SEULEUMAK ","SWASTA ",SMLB,"Kec. Langsa Baro","Kota Langsa","Prov. Aceh"
