No.,NPSN,"Nama Satuan Pendidikan",Alamat,Kelurahan,Status,"Bentuk Pendidikan",Kecamatan,Kabupaten/Kota,Provinsi
"1 "," 20230410 ","SLB ABC TUNAS KASIH 1 ","JL. RAYA KAREHKEL NO. 9 RT.01/08 ","LEUWILIANG ","SWASTA ",SLB,"Kec. Leuwiliang","Kab. Bogor","Prov. Jawa Barat"
"1 "," 69733313 ","SLB AL-FAJRI ","KP.CIDOKOM ","KOPO ","SWASTA ",SLB,"Kec. Cisarua","Kab. Bogor","Prov. Jawa Barat"
"1 "," 20230408 ","SLB BINA SEJAHTERA ","JL. CIGAROGOL RT 09/03 ","MEKARSARI ","SWASTA ",SLB,"Kec. Cileungsi","Kab. Bogor","Prov. Jawa Barat"
"1 "," 20271748 ","SLB MEKAR SARI 1 ","JL. MESJID AL-BALIYAH RT 06/09 PABUARAN - CIBINONG ","PABUARAN ","SWASTA ",SLB,"Kec. Cibinong","Kab. Bogor","Prov. Jawa Barat"
"2 "," 20230406 ","SLB NEGERI BOGOR ","JL. RAYA PEMDA KARADENAN (BELAKANG SMKN) CIBINONG ","KARADENAN ","NEGERI ",SLB,"Kec. Cibinong","Kab. Bogor","Prov. Jawa Barat"
"1 "," 20230407 ","SLB AYAH BUNDA ","ANGGUR RAYA NO.5/6 PERUMNAS II PARUNG PANJANG ","PARUNG PANJANG ","SWASTA ",SLB,"Kec. Parungpanjang","Kab. Bogor","Prov. Jawa Barat"
"1 "," 20258252 ","SLB NEGERI SURADE ","JL. LAPANG LODAYA SETRA SURADE ","SURADE ","NEGERI ",SLB,"Kec. Surade","Kab. Sukabumi","Prov. Jawa Barat"
"1 "," 20202315 ","SLB NEGERI MUTIARA BAHARI MANDIRI ","JL. PELITA NO. 99 CIPATUGURAN ","JAYANTI ","NEGERI ",SLB,"Kec. Pelabuhan Ratu","Kab. Sukabumi","Prov. Jawa Barat"
"1 "," 69830651 ","SLB PGRI GEGERBITUNG ","KP. NANGOH ","CARINGIN ","SWASTA ",SLB,"Kec. Gegerbitung","Kab. Sukabumi","Prov. Jawa Barat"
"1 "," 20258155 ","SLB ABC PURNA BHAKTI PERTIWI ","JL. GENTONG PASIR NO. 03 ","LANGENSARI ","SWASTA ",SLB,"Kec. Sukaraja","Kab. Sukabumi","Prov. Jawa Barat"
"1 "," 20258142 ","SLB BAKTI PERTIWI ","JL. SITU GUNUNG KM. 05 ","KADUDAMPIT ","SWASTA ",SLB,"Kec. Kadudampit","Kab. Sukabumi","Prov. Jawa Barat"
"1 "," 57580344 ","SLB PGRI CISAAT ","JL. RAYA CISAAT NO 131 ","CISAAT ","SWASTA ",SLB,"Kec. Cisaat","Kab. Sukabumi","Prov. Jawa Barat"
"1 "," 20253129 ","SLB NEGERI HANDAYANI ","JL. RAYA KARANGTENGAH NO. 126 ","KARANGTENGAH ","NEGERI ",SLB,"Kec. Cibadak","Kab. Sukabumi","Prov. Jawa Barat"
"1 "," 20258235 ","SLB AL-ROSYADIYAH ","JL. SILIWANGI KP. BANGKONGREANG GG. RODA RT : 03 RW : 04 ","BENDA ","SWASTA ",SLB,"Kec. Cicurug","Kab. Sukabumi","Prov. Jawa Barat"
"1 "," 20275994 ","SLB ABC ANUGRAH ","JAYABAKTI KEC. CIDAHU ","JAYABAKTI ","SWASTA ",SLB,"Kec. Cidahu","Kab. Sukabumi","Prov. Jawa Barat"
"1 "," 69962157 ","SLB SUKALARANG ","JL. RAYA SUKABUMI CIANJUR RT 03 RW 04 ","CIMANGKOK ","SWASTA ",SLB,"Kec. Sukalarang","Kab. Sukabumi","Prov. Jawa Barat"
"1 "," 69760680 ","SLB PGRI CIAMBAR ","JL. CIAMBAR KM 05 PASIR ANGIN ","CIAMBAR ","SWASTA ",SLB,"Kec. Ciambar","Kab. Sukabumi","Prov. Jawa Barat"
"1 "," 20267753 ","SLB NEGERI SUKANAGARA ","JL RAYA SUKANAGARA ","SUKAMEKAR ","NEGERI ",SLB,"Kec. Sukanagara","Kab. Cianjur","Prov. Jawa Barat"
"1 "," 20267754 ","SLB AL-AZAMI ","JL KH A SUJA`I KM 9 ","SUKASARI ","SWASTA ",SLB,"Kec. Cilaku","Kab. Cianjur","Prov. Jawa Barat"
"1 "," 20258237 ","SLB PERMATA CIRANJANG ","JL. KAUM KALER RT 01 RW 15 ","CIRANJANG ","SWASTA ",SLB,"Kec. Ciranjang","Kab. Cianjur","Prov. Jawa Barat"
"1 "," 20254693 ","SLB ABC BINA BANGSA ","JL NANGKA KAVLING RT 02 RW 05 PERUMNAS ","HEGARMANAH ","SWASTA ",SLB,"Kec. Karang Tengah","Kab. Cianjur","Prov. Jawa Barat"
"1 "," 20271063 ","SLB A-B BINA ASIH ","JL SURYA KENCANA NO 11 ","SAWAHGEDE ","SWASTA ",SLB,"Kec. Cianjur","Kab. Cianjur","Prov. Jawa Barat"
"2 "," 20269403 ","SLB-C BINA ASIH ","JL SURYAKENCANA NO 11 ","SAWAHGEDE ","SWASTA ",SLB,"Kec. Cianjur","Kab. Cianjur","Prov. Jawa Barat"
"1 "," 20268247 ","SLB BC PURNAMA ","JL PAHLAWAN LANDBOUW SINDANGSARI CIPANAS CIANJUR ","CIPANAS ","SWASTA ",SLB,"Kec. Cipanas","Kab. Cianjur","Prov. Jawa Barat"
"1 "," 20256464 ","SLB CAHAYA GEMILANG PERTIWI ","KP. PARABON RT. 01/04 ","KERTASARI ","SWASTA ",SLB,"Kec. Haurwangi","Kab. Cianjur","Prov. Jawa Barat"
"1 "," 20259617 ","SLB PGRI PASIRJAMBU ","JL SETATSION BATU REOK PASIR JAMBU ","PASIR JAMBU ","SWASTA ",SLB,"Kec. Pasirjambu","Kab. Bandung","Prov. Jawa Barat"
"1 "," 20258470 ","SLB AL FITHRI ","JL. RAYA PANGALENGAN KM. 26 ","CIPINANG ","SWASTA ",SLB,"Kec. Cimaung","Kab. Bandung","Prov. Jawa Barat"
"2 "," 20259611 ","SLB MIFTAHUL FALAH ","KP. BABAKAN CIANJUR RT 01/01 ","MALASARI ","SWASTA ",SLB,"Kec. Cimaung","Kab. Bandung","Prov. Jawa Barat"
"1 "," 20258482 ","SLB AL FAJAR ","JL. PASIRMULYA RT. 02 RW.12 ","MARGAMULYA ","SWASTA ",SLB,"Kec. Pangalengan","Kab. Bandung","Prov. Jawa Barat"
"1 "," 69939603 ","SLB BUNDA PERTIWI INDONESIA ","JL. BEBEDAHAN PASIR ANGIN RT 01/04 ","TALUN ","SWASTA ",SLB,"Kec. Ibun","Kab. Bandung","Prov. Jawa Barat"
"1 "," 69981047 ","SLB AL HIDAYAH ","KP. BARU RT002/005 MEKARPAWITAN BANDUNG ","MEKARPAWITAN ","SWASTA ",SLB,"Kec. Paseh","Kab. Bandung","Prov. Jawa Barat"
"2 "," 69983825 ","SLB RIFALIANA ","KAMPUNG CURUG RT002/005 SUKAMANTRI ","SUKAMANTRI ","SWASTA ",SLB,"Kec. Paseh","Kab. Bandung","Prov. Jawa Barat"
"1 "," 20259592 ","SLB A YPKR ","JL.RAYA TIMUR NO 364 KACA-KACA WETAN ","CICALENGKA WETAN ","SWASTA ",SLB,"Kec. Cicalengka","Kab. Bandung","Prov. Jawa Barat"
"2 "," 20258468 ","SLB BCD YPKR ","JL.HM.SHODIKIN 14 A ","MARGAASIH ","SWASTA ",SLB,"Kec. Cicalengka","Kab. Bandung","Prov. Jawa Barat"
"3 "," 69786716 ","SLBS PUTRA BERLIAN ","KP. CISEUPANG RT 03 RW 11  ","NAGROG ","SWASTA ",SLB,"Kec. Cicalengka","Kab. Bandung","Prov. Jawa Barat"
"1 "," 20258494 ","SLB BC MULTAHADA ","JL RAYA RANCAEKEK KM 23 BELAKANG SMP PGRI  ","BOJONGLOA ","SWASTA ",SLB,"Kec. Rancaekek","Kab. Bandung","Prov. Jawa Barat"
"2 "," 20258462 ","SLB BINA KARYA ","JL.CIKIJING RT. 02 RW 10 ","LINGGAR  ","SWASTA ",SLB,"Kec. Rancaekek","Kab. Bandung","Prov. Jawa Barat"
"3 "," 20258498 ","SLB YAPMI RANCAEKEK ","JL. ANGGREK MAGEWI NO. 4 BRK ","RANCAEKEK KENCANA ","SWASTA ",SLB,"Kec. Rancaekek","Kab. Bandung","Prov. Jawa Barat"
"1 "," 20258475 ","SLB ABC YKS II ","JL.TUGU PAHLAWAN KONDANG ","MAJALAYA ","SWASTA ",SLB,"Kec. Majalaya","Kab. Bandung","Prov. Jawa Barat"
"2 "," 20258479 ","SLB BC YKS I MAJALAYA ","JL.WANGISAGARA ","WANGISAGARA ","SWASTA ",SLB,"Kec. Majalaya","Kab. Bandung","Prov. Jawa Barat"
"1 "," 20258472 ","SLB ABCD MUHAMMADIYAH CIPARAY ","JL. PAPAKSERANG  RW 03 RW 08 ","SERANGMEKAR ","SWASTA ",SLB,"Kec. Ciparay","Kab. Bandung","Prov. Jawa Barat"
"2 "," 20259594 ","SLB IBNU SINA ","JL. RAYA PACET NO.114 ","PAKUTANDANG ","SWASTA ",SLB,"Kec. Ciparay","Kab. Bandung","Prov. Jawa Barat"
"3 "," 69940514 ","SLB NURUL MAJID ","KP. PASIR LEUTIK RT 02/11 ","CIHEULANG ","SWASTA ",SLB,"Kec. Ciparay","Kab. Bandung","Prov. Jawa Barat"
"4 "," 20258490 ","SLB SATRIA GALDIN ","KP. LOA KERAK RT.03 RW.04 ","MEKARSARI ","SWASTA ",SLB,"Kec. Ciparay","Kab. Bandung","Prov. Jawa Barat"
"1 "," 20259623 ","SLB G YBMU BALEENDAH ","JL. KIASTRA MANGGALA NO. 06 BALEENDAH ","BALEENDAH ","SWASTA ",SLB,"Kec. Baleendah","Kab. Bandung","Prov. Jawa Barat"
"1 "," 69912939 ","SLB RAFAHA ","JL. KANANGASARI RT 04/06 ","ARJASARI ","SWASTA ",SLB,"Kec. Arjasari","Kab. Bandung","Prov. Jawa Barat"
"1 "," 20258464 ","SLB BC YPLAB BANJARAN ","JL.SINDANG PANON ","SINDANGPANON ","SWASTA ",SLB,"Kec. Banjaran","Kab. Bandung","Prov. Jawa Barat"
"1 "," 20259604 ","SLB BC YPNI PAMEUNGPEUK ","JL. RAYA BANJARAN NO.501 KP.BOJONGPULUS RT 02/09 ","SUKASARI ","SWASTA ",SLB,"Kec. Pameungpeuk","Kab. Bandung","Prov. Jawa Barat"
"1 "," 20268473 ","SLB SABILULUNGAN ","KP. SUKASARI RT 01 / 12 KEC. KATAPANG ","SANGKANHURIP ","SWASTA ",SLB,"Kec. Katapang","Kab. Bandung","Prov. Jawa Barat"
"2 "," 20258492 ","SLB YKS 3 ","JL.KATAPANG WETAN NO 02 RT 02/06 ","PANGAUBAN ","SWASTA ",SLB,"Kec. Katapang","Kab. Bandung","Prov. Jawa Barat"
"1 "," 20259621 ","SLB BC ROUDHOTUL ZANNAH ","JL. TERUSAN KOPO KM.15 ","SEKARWANGI ","SWASTA ",SLB,"Kec. Soreang","Kab. Bandung","Prov. Jawa Barat"
"2 "," 20258497 ","SLB NEGERI CINTA ASIH ","JL. NYALINDUNG NO 91 ","SOREANG ","NEGERI ",SLB,"Kec. Soreang","Kab. Bandung","Prov. Jawa Barat"
"1 "," 20258480 ","SLB DARUL MAARIF ","JL MAHMUD NO 26 DESA RAHAYU ","RAHAYU ","SWASTA ",SLB,"Kec. Margaasih","Kab. Bandung","Prov. Jawa Barat"
"2 "," 20258484 ","SLB HASRAT MULIA ","JL. JATI TIMUR D14 NO. 4 KOMPLEK  MARGAASIH ","MARGAASIH ","SWASTA ",SLB,"Kec. Margaasih","Kab. Bandung","Prov. Jawa Barat"
"1 "," 20258477 ","SLB ANGKASA LANUD SULAIMAN ","JL. OTTER BLOK C NO. 1 LANUD SULAIMAN ","SULAEMAN ","SWASTA ",SLB,"Kec. Margahayu","Kab. Bandung","Prov. Jawa Barat"
"2 "," 20258478 ","SLB BC NUFTAH HIDAYAH ","JL. MAWAR NO 16 RT 01/14 ","SUKAMENAK ","SWASTA ",SLB,"Kec. Margahayu","Kab. Bandung","Prov. Jawa Barat"
"3 "," 20268462 ","SLB BINTANG HARAPAN ","KOMPLEK KOPO PERMAI II BLOK 9A NO 6 ","SUKAMENAK ","SWASTA ",SLB,"Kec. Margahayu","Kab. Bandung","Prov. Jawa Barat"
"4 "," 20259616 ","SLB NURVITA ","JL.SUKALUYU RT 04/13 ","SAYATI ","SWASTA ",SLB,"Kec. Margahayu","Kab. Bandung","Prov. Jawa Barat"
"5 "," 20259622 ","SLB TOTAL SYSTEM ","NATA ENDAH F.24 ","MARGAHAYU ","SWASTA ",SLB,"Kec. Margahayu","Kab. Bandung","Prov. Jawa Barat"
"1 "," 20258486 ","SLB NURUL IMAN ","KOMPLEK PASIGARAN DAYEUHKOLOT ","CITEUREUP ","SWASTA ",SLB,"Kec. Dayeuhkolot","Kab. Bandung","Prov. Jawa Barat"
"1 "," 20258465 ","SLB ABC NITA KARYA ","JL.INSPEKSI CITARUM CIGEBAR ","BOJONGSARI ","SWASTA ",SLB,"Kec. Bojongsoang","Kab. Bandung","Prov. Jawa Barat"
"1 "," 69945088 ","SLB AUTISMA BUNDA BENING SELAKSHAHATI ","KP. CIBIRUBEET HILIR  RT 05/13 ","CILEUNYI WETAN ","SWASTA ",SLB,"Kec. Cileunyi","Kab. Bandung","Prov. Jawa Barat"
"2 "," 20259619 ","SLB BC PUTRA 45 ","JL. KP NYALINDUNG RT 05 RW 09 CILEUNYI ","CILEUNYI WETAN ","SWASTA ",SLB,"Kec. Cileunyi","Kab. Bandung","Prov. Jawa Barat"
"3 "," 20259613 ","SLB NEGERI CILEUNYI ","JL. PANDANWANGI CIBIRU INDAH III ","CIBIRU HILIR ","NEGERI ",SLB,"Kec. Cileunyi","Kab. Bandung","Prov. Jawa Barat"
"1 "," 20258471 ","SLB ABCD ASYIFA ","JL TERUSAN LIGAR RAYA NO. 28 ","CIBEUNYING ","SWASTA ",SLB,"Kec. Cimenyan","Kab. Bandung","Prov. Jawa Barat"
"2 "," 22059620 ","SLB BCD PUTERA MANDIRI ","JL. MARS DIRGAHAYU NO.15 RT.02/22 ","CIBEUNYING ","SWASTA ",SLB,"Kec. Cimenyan","Kab. Bandung","Prov. Jawa Barat"
"1 "," 20259618 ","SLB PELITA BANGSA ","JL. PENDIDIKAN BLOK GAMBLUNG I RT.02 RW.02 ","NAGREG KENDAN ","SWASTA ",SLB,"Kec. Nagreg","Kab. Bandung","Prov. Jawa Barat"
"1 "," 20258495 ","SLB AULIA ","JLN RAYA SAPAN MAJALAYA KP TAWANGHEMAN RT 03 RW 08										  ","RANCAKASUMBA ","SWASTA ",SLB,"Kec. Solokanjeruk","Kab. Bandung","Prov. Jawa Barat"
"1 "," 20258466 ","SLB BC AL HUDA ","PERUM BUMI PARAHYANGAN KENCANA ","NAGRAK ","SWASTA ",SLB,"Kec. Cangkuang","Kab. Bandung","Prov. Jawa Barat"
"1 "," 20821002 ","SLB ADHITYA SOREANG ","JL RAYA SOREANG-CIPATIK  KM  3 ","KOPO ","SWASTA ",SLB,"Kec. Kutawaringin","Kab. Bandung","Prov. Jawa Barat"
"1 "," 20208541 ","SLB BC FADHILAH ","JL. LURAH ABDUL HAMID CIPACING ","CIPACING ","SWASTA ",SLB,"Kec. Jatinangor","Kab. Sumedang","Prov. Jawa Barat"
"1 "," 20279938 ","SLB AL FAZA ","JL DALEM TANUBAYA RT 02/06 ","SINDANGPAKUON ","SWASTA ",SLB,"Kec. Cimanggung","Kab. Sumedang","Prov. Jawa Barat"
"1 "," 20235534 ","SLB ABC DOA BUNDA ","JL. KENANGA TANJUNGSARI ","TANJUNGSARI ","SWASTA ",SLB,"Kec. Tanjungsari","Kab. Sumedang","Prov. Jawa Barat"
"2 "," 20279943 ","SLB PLUS RAHARJA MANDIRI ","KP. BABAKAN SIRNA ","RAHARJA ","SWASTA ",SLB,"Kec. Tanjungsari","Kab. Sumedang","Prov. Jawa Barat"
"1 "," 20258209 ","SLB BHAKTI MULIA 2 ","JL. CITUNGKU  ","NAGARAWANGI ","SWASTA ",SLB,"Kec. Rancakalong","Kab. Sumedang","Prov. Jawa Barat"
"1 "," 69899133 ","SLB CIMAREME ","JL. RAYA PANGERAN KORNEL LINGK. CIMAREME RT 01/11 NO. 121 ","PASANGGRAHAN BARU ","SWASTA ",SLB,"Kec. Sumedang Selatan","Kab. Sumedang","Prov. Jawa Barat"
"2 "," 20235578 ","SLB RAHMAH DEWI ","JL. PAGERBETIS ","CIPAMEUNGPEUK ","SWASTA ",SLB,"Kec. Sumedang Selatan","Kab. Sumedang","Prov. Jawa Barat"
"3 "," 69762645 ","SLBS SOLAHUDDIN AL AYUBI ","DSN. GUNUNG GADUNG RT 05 RW 10, DS. SUKAJAYA, SUMEDANG SELATAN ","SUKAJAYA ","SWASTA ",SLB,"Kec. Sumedang Selatan","Kab. Sumedang","Prov. Jawa Barat"
"1 "," 20235548 ","SLB ABC MUHAMMADIYAH SUMEDANG ","JL. M. ABDURRAHMAN NO.219A SUMEDANG ","KOTAKALER ","SWASTA ",SLB,"Kec. Sumedang Utara","Kab. Sumedang","Prov. Jawa Barat"
"2 "," 20235533 ","SLB ABCD NUR AMALIA ","JL. PANUNJANG ","PADASUKA ","SWASTA ",SLB,"Kec. Sumedang Utara","Kab. Sumedang","Prov. Jawa Barat"
"3 "," 69946437 ","SLB DENIR BHAKTI ","JL. RAMBUTAN RAYA BLOK 9 NO. 71 ","JATIHURIP ","SWASTA ",SLB,"Kec. Sumedang Utara","Kab. Sumedang","Prov. Jawa Barat"
"1 "," 20235538 ","SLB BC BAITUL ROHMAN ","JL.CIGANGSA ","CIJATI ","SWASTA ",SLB,"Kec. Situraja","Kab. Sumedang","Prov. Jawa Barat"
"2 "," 69870687 ","SLB HARAPAN BUNDA ","DSN PAKEMITAN RT 04/05  ","SITURAJA ","SWASTA ",SLB,"Kec. Situraja","Kab. Sumedang","Prov. Jawa Barat"
"1 "," 20234014 ","SLB ABC AL BAROKAH ","DARMARAJA ","CIKEUSI ","SWASTA ",SLB,"Kec. Darmaraja","Kab. Sumedang","Prov. Jawa Barat"
"1 "," 20234021 ","SLB LINGGA DHARMA ","JL. CIBUGEL LIMBANGAN KM.16 NO.33 ","JAYA MEKAR ","SWASTA ",SLB,"Kec. Cibugel","Kab. Sumedang","Prov. Jawa Barat"
"1 "," 20208518 ","SLB KARTINI ","JL. RAYA WADO ","WADO ","SWASTA ",SLB,"Kec. Wado","Kab. Sumedang","Prov. Jawa Barat"
"1 "," 20208411 ","SLB PERMATA HATI ","JL. RAYA CIJELAG TOMO ","TOMO ","SWASTA ",SLB,"Kec. Tomo","Kab. Sumedang","Prov. Jawa Barat"
"1 "," 20208390 ","SLB WINAYA BHAKTI ","JL. RAYA TMUR UJUNGJAYA ","UJUNGJAYA ","SWASTA ",SLB,"Kec. Ujungjaya","Kab. Sumedang","Prov. Jawa Barat"
"1 "," 20235537 ","SLBS AMALIA BHAKTI ","JL. GOGONGO  CONGGEANG ","CONGGEANG KULON ","SWASTA ",SLB,"Kec. Conggeang","Kab. Sumedang","Prov. Jawa Barat"
"1 "," 20235547 ","SLB ABC MIROJUTTAQWA ","JL. SILIWANGI PASEH NO. 28 ","PASEH KIDUL ","SWASTA ",SLB,"Kec. Paseh","Kab. Sumedang","Prov. Jawa Barat"
"1 "," 20235532 ","SLB BINA NUSANTARA ","JLN. MUFAKAT NO. 15 A ","NALUK ","SWASTA ",SLB,"Kec. Cimalaka","Kab. Sumedang","Prov. Jawa Barat"
"2 "," 69944061 ","SLB SHAPPHIRA DIYANAH ","JL. SINDANGSARI RT 02/02 CIBEUREUM WETAN CIMALAKA SUMEDANG ","CIBEUREUM WETAN ","SWASTA ",SLB,"Kec. Cimalaka","Kab. Sumedang","Prov. Jawa Barat"
"3 "," 20235575 ","SLBN B PEMBINA TINGKAT PROVINSI JAWA BARAT ","JL. MARGAMUKTI ","LICIN ","NEGERI ",SLB,"Kec. Cimalaka","Kab. Sumedang","Prov. Jawa Barat"
"4 "," 20235576 ","SLBN-B SUMEDANG ","JL. MARGAMUKTI ","LICIN ","NEGERI ",SLB,"Kec. Cimalaka","Kab. Sumedang","Prov. Jawa Barat"
"1 "," 20259889 ","SLB C YPWG TANJUNGKERTA ","JLN. CIMUNCANG ","MULYAMEKAR ","SWASTA ",SLB,"Kec. Tanjungkerta","Kab. Sumedang","Prov. Jawa Barat"
"1 "," 20235541 ","SLB BC YAYASAN PUTRA BUAH DUA ","JLN. DARONGDONG NO.38 ","BUAHDUA ","SWASTA ",SLB,"Kec. Buahdua","Kab. Sumedang","Prov. Jawa Barat"
"2 "," 69786713 ","SLBS HIKMAH MANDIRI ","JLN. HARIANG RT: 01 RW: 01 ","HARIANG ","SWASTA ",SLB,"Kec. Buahdua","Kab. Sumedang","Prov. Jawa Barat"
"1 "," 20234018 ","SLB BINA NUSANTARA I ","JL. DAYEUHLUHUR NO. 05 ","SUKAWENING ","SWASTA ",SLB,"Kec. Ganeas","Kab. Sumedang","Prov. Jawa Barat"
"2 "," 20234024 ","SLB PGRI DHARMA PERTIWI ","JL. RAYA SUMEDANG - SITURAJA ","SUKALUYU ","SWASTA ",SLB,"Kec. Ganeas","Kab. Sumedang","Prov. Jawa Barat"
"1 "," 20235536 ","SLB ABCD KOSERA PUTRA ","JALAN RAYA SIMPANG - PARAKANMUNCANG ","HAURNGOMBONG ","SWASTA ",SLB,"Kec. Pamulihan","Kab. Sumedang","Prov. Jawa Barat"
"1 "," 69756301 ","SLB BINA BHAKTI MANDIRI ","JL. RAYA SUMEDANG-DARMARAJA KM 18 DSN. DUSTAN RT 03/04 ","SITUMEKAR ","SWASTA ",SLB,"Kec. Cisitu","Kab. Sumedang","Prov. Jawa Barat"
"1 "," 69840969 ","SLB BINANGKIT ","DSN. SUKAMUKTI RT. 01 RW. 07 ","SARIMEKAR ","SWASTA ",SLB,"Kec. Jatinunggal","Kab. Sumedang","Prov. Jawa Barat"
"1 "," 20235573 ","SLB BHAKTI MULIA ","JL. PASIR MUNDING NO. 04 RT01/RW09 DESA KEBON KALAPA KEC. CISARUA ","KEBONKALAPA ","SWASTA ",SLB,"Kec. Cisarua","Kab. Sumedang","Prov. Jawa Barat"
"1 "," 20279936 ","SLB YAPHIM TANJUNGMEDAR ","JL. CIRANJANG - CIKARAMAS ","SUKAMUKTI ","SWASTA ",SLB,"Kec. Tanjungmedar","Kab. Sumedang","Prov. Jawa Barat"
"1 "," 69786400 ","SLBS PUTRA HANJUANG ","KP. BARUKALIKI ","HANJUANG ","SWASTA ",SLB,"Kec. Bungbulang","Kab. Garut","Prov. Jawa Barat"
"1 "," 20258197 ","SLB B/C NURUL INSANI ","JL. MIRAMARE KM 1,5 KOMPLEK PERUM WANIKARI ","SIRNABAKTI ","SWASTA ",SLB,"Kec. Pameungpeuk","Kab. Garut","Prov. Jawa Barat"
"1 "," 20276137 ","SLB YAYASAN CAHAYA AL FURQON ","KAMPUNG BABAKAN POJOK ","SUKAWANGI ","SWASTA ",SLB,"Kec. Singajaya","Kab. Garut","Prov. Jawa Barat"
"1 "," 69949239 ","SLB MADHANI ","KP. KESER RT 05 RW 03 ","MEKARJAYA ","SWASTA ",SLB,"Kec. Cikajang","Kab. Garut","Prov. Jawa Barat"
"1 "," 69929696 ","SLB AL HASYEMI ","KP. CIPAGEUR RT 02/04 ","KARYAMEKAR ","SWASTA ",SLB,"Kec. Cilawu","Kab. Garut","Prov. Jawa Barat"
"1 "," 20258194 ","SLB MUHAMMADIYAH BAYONGBONG GARUT ","JL. RAYA BAYONGBONG NO 45 B ","BAYONGBONG ","SWASTA ",SLB,"Kec. Bayongbong","Kab. Garut","Prov. Jawa Barat"
"1 "," 20258199 ","SLB AT-TAQWA ","JL. RAYA CIDATAR NO. 29 ","CIDATAR ","SWASTA ",SLB,"Kec. Cisurupan","Kab. Garut","Prov. Jawa Barat"
"1 "," 20258193 ","SLB BC AL BARKAH ","JL RAYA SAMARANG NO 6 ","SAMARANG ","SWASTA ",SLB,"Kec. Samarang","Kab. Garut","Prov. Jawa Barat"
"1 "," 69981694 ","SLB BANY AL-MUTTAQIN ","JL. BRATAYUDHA KP SIRAHSITU RT06/23 ","KOTAKULON ","SWASTA ",SLB,"Kec. Garut Kota","Kab. Garut","Prov. Jawa Barat"
"1 "," 69956456 ","SLB AL FALAH JAYA ","JALAN GODOG KP. CARINGIN ","LEBAKJAYA ","SWASTA ",SLB,"Kec. Karangpawitan","Kab. Garut","Prov. Jawa Barat"
"2 "," 20258195 ","SLB MUHAMMADIYAH KARANGPAWITAN ","JL. RAYA KARANGPAWITAN BELAKANG 267 ","SINDANGGALIH ","SWASTA ",SLB,"Kec. Karangpawitan","Kab. Garut","Prov. Jawa Barat"
"1 "," 20258174 ","SLB NUSANTARA KITA ","JALAN TALAGABODAS NOMOR 681 ","WANAMEKAR ","SWASTA ",SLB,"Kec. Wanaraja","Kab. Garut","Prov. Jawa Barat"
"1 "," 20258240 ","SLB ANNAJAAT ","JL PONPES SUMURSARI ","SUKASONO ","SWASTA ",SLB,"Kec. Sukawening","Kab. Garut","Prov. Jawa Barat"
"1 "," 20258161 ","SLB BC BINA MANDIRI ","JL IRIWARDI NO. 21 ","BANYURESMI ","SWASTA ",SLB,"Kec. Banyuresmi","Kab. Garut","Prov. Jawa Barat"
"1 "," 20258167 ","SLB C BINA GRAHITA LELES ","JL RAYA LELES KM 13 PROYEK I ","LELES ","SWASTA ",SLB,"Kec. Leles","Kab. Garut","Prov. Jawa Barat"
"1 "," 20258238 ","SLB AL-GHIFARI ","JL RAYA CIBIUK LEUWIGOONG ","LEUWIGOONG ","SWASTA ",SLB,"Kec. Leuwigoong","Kab. Garut","Prov. Jawa Barat"
"1 "," 20258243 ","SLB BC YGP CIBATU ","JL.ARIEF RAHMAN HAKIM  ","KERESEK ","SWASTA ",SLB,"Kec. Cibatu","Kab. Garut","Prov. Jawa Barat"
"1 "," 69956437 ","SLB AN NURFALAH ","KP. PEER RT.03 RW. 01 ","CIBIUK KIDUL ","SWASTA ",SLB,"Kec. Cibiuk","Kab. Garut","Prov. Jawa Barat"
"1 "," 69888870 ","SLB SYIARUL MUSLIMIN ","JL. CIKEMBULAN KP. CIKIJING RT 03/08 ","CIKEMBULAN ","SWASTA ",SLB,"Kec. Kadungora","Kab. Garut","Prov. Jawa Barat"
"2 "," 20258172 ","SLB-C PUSPA MENTARI ","JLN. MANDALAWANGI NO 28 ","TALAGASARI ","SWASTA ",SLB,"Kec. Kadungora","Kab. Garut","Prov. Jawa Barat"
"1 "," 69953764 ","SLB AL-HASANI LIMBANGAN ","KP. DUNGUSWIRU RT  01 RW 04 ","DUNGUSWIRU ","SWASTA ",SLB,"Kec. Blubur Limbangan","Kab. Garut","Prov. Jawa Barat"
"2 "," 20258233 ","SLB BC YGP BL LIMBANGAN ","JL DALEM KASEP BLK POS GIRO ","LIMBANGAN TIMUR ","SWASTA ",SLB,"Kec. Blubur Limbangan","Kab. Garut","Prov. Jawa Barat"
"1 "," 20258236 ","SLB BC YGP SELAAWI GARUT ","JL RAYA SELAAWI ","SELAAWI ","SWASTA ",SLB,"Kec. Selaawi","Kab. Garut","Prov. Jawa Barat"
"1 "," 20258239 ","SLB AT TURMUDZI I MALANGBONG ","CIKARAG ","CIKARAG ","SWASTA ",SLB,"Kec. Malangbong","Kab. Garut","Prov. Jawa Barat"
"2 "," 20258241 ","SLB AT TURMUDZI II ","JALAN RAYA BARAT CIBARES ","CIHAURKUNING ","SWASTA ",SLB,"Kec. Malangbong","Kab. Garut","Prov. Jawa Barat"
"1 "," 69956526 ","SLB ABCD MAHMUD MAHMUDAH ","JLN. RAYA PASIRWANGI RT. 01 RW. 05 ","PADASUKA ","SWASTA ",SLB,"Kec. Pasirwangi","Kab. Garut","Prov. Jawa Barat"
"1 "," 69774711 ","SLBS NURHAKAM ","JALAN KARANGMULYA KP. SANGOJAR  ","SINDANGGALIH ","SWASTA ",SLB,"Kec. Karangtengah","Kab. Garut","Prov. Jawa Barat"
"1 "," 20258242 ","SLB BC KURNIA ","JL. RAYA KURNIA ","KERSAMANAH ","SWASTA ",SLB,"Kec. Kersamanah","Kab. Garut","Prov. Jawa Barat"
"2 "," 69956457 ","SLB LANGIT SUNDA ","KP. CINANGKA KULON RT. 04 RW. 02 ","SUKAMERANG ","SWASTA ",SLB,"Kec. Kersamanah","Kab. Garut","Prov. Jawa Barat"
"1 "," 20258203 ","SLB AL MASDUKI TAROGONG KALER ","JL. KH. MASDUKI KP. PASAWAHAN ","PANANJUNG ","SWASTA ",SLB,"Kec. Tarogong Kaler","Kab. Garut","Prov. Jawa Barat"
"1 "," 20258173 ","SLB A YKB GARUT ","KP. BABAKAN BARU RT.04 RW 09  ","JAYAWARAS ","SWASTA ",SLB,"Kec. Tarogong Kidul","Kab. Garut","Prov. Jawa Barat"
"2 "," 20258168 ","SLB C YKB KAB GARUT ","JL RSU NO 15 DS SUKAKARYA TAROGONG KIDUL GARUT ","SUKAKARYA ","SWASTA ",SLB,"Kec. Tarogong Kidul","Kab. Garut","Prov. Jawa Barat"
"3 "," 20258153 ","SLB NEGERI BAG B GARUT ","JLN. RSU NO 62 GARUT ","SUKAKARYA ","NEGERI ",SLB,"Kec. Tarogong Kidul","Kab. Garut","Prov. Jawa Barat"
"4 "," 20258141 ","SLB NEGERI GARUT KOTA ","JL KH. HASAN ARIP (BLK. STH) KP. PASIRMUNCANG  ","HAURPANGGUNG ","NEGERI ",SLB,"Kec. Tarogong Kidul","Kab. Garut","Prov. Jawa Barat"
"1 "," 69969191 ","SLB NEGERI CIPATUJAH ","JLN PAMAYANGSARI KP. SUKAJAYA ","CIPATUJAH ","NEGERI ",SLB,"Kec. Cipatujah","Kab. Tasikmalaya","Prov. Jawa Barat"
"1 "," 20268140 ","SLB WINAYA BHAKTI ","JL RAYA CIBALONG NO 200 ","CIBALONG ","SWASTA ",SLB,"Kec. Cibalong","Kab. Tasikmalaya","Prov. Jawa Barat"
"1 "," 20268133 ","SLB ABC PGRI CINEAM ","JL CIKONDANG NO. 113 ","CINEAM ","SWASTA ",SLB,"Kec. Cineam","Kab. Tasikmalaya","Prov. Jawa Barat"
"1 "," 20268130 ","SLB ABC PGRI MANONJAYA ","JL. TANGSI NO 14 ","MANONJAYA ","SWASTA ",SLB,"Kec. Manonjaya","Kab. Tasikmalaya","Prov. Jawa Barat"
"1 "," 20268131 ","SLB AISYIYAH SINGAPARNA ","KOMPLEK PENDIDIKAN MUHAMMADIYAH CIKEDOKAN ","SINGAPARNA ","SWASTA ",SLB,"Kec. Singaparna","Kab. Tasikmalaya","Prov. Jawa Barat"
"1 "," 20268134 ","SLB AISYIYAH LEUWISARI ","JL MANGUNHARJA NO 23 ","LINGGAWANGI ","SWASTA ",SLB,"Kec. Leuwisari","Kab. Tasikmalaya","Prov. Jawa Barat"
"2 "," 20268136 ","SLB AL ISHLAH ","KP NANGGORAK ","JAYAMUKTI ","SWASTA ",SLB,"Kec. Leuwisari","Kab. Tasikmalaya","Prov. Jawa Barat"
"1 "," 69985006 ","SLB DARUSSALAM  ","KP. CIRUKUY RT01/01 CISAYONG TASIKMALAYA ","SUKAJADI ","SWASTA ",SLB,"Kec. Cisayong","Kab. Tasikmalaya","Prov. Jawa Barat"
"1 "," 20268139 ","SLBN KAB. TASIKMALAYA ","JL PESANTREN NO. 135 ","TANJUNGMEKAR ","NEGERI ",SLB,"Kec. Jamanis","Kab. Tasikmalaya","Prov. Jawa Barat"
"1 "," 20268132 ","SLB ABC PGRI CIAWI ","JL. KH. MOH. BAGOWI NO.5 ","SUKAMANTRI ","SWASTA ",SLB,"Kec. Ciawi","Kab. Tasikmalaya","Prov. Jawa Barat"
"1 "," 69899563 ","SLB PLUS ABCD BINA WARGA ","JL. CIKORANJI RT 05/03 ","TANJUNGKERTA ","SWASTA ",SLB,"Kec. Pagerageung","Kab. Tasikmalaya","Prov. Jawa Barat"
"1 "," 20269970 ","SLB AL ICHLAS JAYARATU ","JL. SARIWANGI KP. PACET RT/03 RW/01 ","SARIWANGI ","SWASTA ",SLB,"Kec. Sariwangi","Kab. Tasikmalaya","Prov. Jawa Barat"
"1 "," 69880249 ","SLB YAYASAN MITRA ISWARA ","KP. RANCABOLANG ","WARGAKERTA ","SWASTA ",SLB,"Kec. Sukarame","Kab. Tasikmalaya","Prov. Jawa Barat"
"1 "," 20268137 ","SLB ABC YKS MANGUNREJA ","MANGUNREJA ","MANGUNREJA ","SWASTA ",SLB,"Kec. Mangunreja","Kab. Tasikmalaya","Prov. Jawa Barat"
"1 "," 20268138 ","SLB ABC BAITURROHMAN ","JL. GUNUNG BATARA ","RANCAPAKU ","SWASTA ",SLB,"Kec. Padakembang","Kab. Tasikmalaya","Prov. Jawa Barat"
"1 "," 20258211 ","SLB ABC MUHAMMADIYAH BANJARSARI ","JL. KUBANGPARI RT 26/06 DUSUN MEKARSARI KODE POS 46383 ","CIBADAK ","SWASTA ",SLB,"Kec. Banjarsari","Kab. Ciamis","Prov. Jawa Barat"
"1 "," 20258459 ","SLB YKSB CIJEUNGJING ","JALAN RAYA CIAMIS BANJAR NO. 363 ","CIJEUNGJING ","SWASTA ",SLB,"Kec. Cijeungjing","Kab. Ciamis","Prov. Jawa Barat"
"1 "," 20263116 ","SLB BAITURRAHMAN CISAGA ","BANTARMUNCANG ","MEKAR MUKTI ","SWASTA ",SLB,"Kec. Cisaga","Kab. Ciamis","Prov. Jawa Barat"
"1 "," 20263130 ","SLB C YSDP BAGOR RANCAH ","JALAN RAYA CISONTROL NO. 50  ","CISONTROL ","SWASTA ",SLB,"Kec. Rancah","Kab. Ciamis","Prov. Jawa Barat"
"1 "," 69786494 ","SLBS AS-SURUR RAJADESA ","DUSUN CILUMBU RT.01 RW.01 DESA TANJUNGJAYA ","TANJUNGJAYA ","SWASTA ",SLB,"Kec. Rajadesa","Kab. Ciamis","Prov. Jawa Barat"
"1 "," 20270896 ","SLB BINA MULYA CAKRAWATI ","JALAN RAYA CIILAT DUSUN BALONG DESA MARGAHARJA  ","MARGAHARJA ","SWASTA ",SLB,"Kec. Sukadana","Kab. Ciamis","Prov. Jawa Barat"
"1 "," 20263125 ","SLBN CIAMIS ","JL. JENDERAL SUDIRMAN NO. 191 CIAMIS ","SINDANGRASA ","NEGERI ",SLB,"Kec. Ciamis","Kab. Ciamis","Prov. Jawa Barat"
"1 "," 20263126 ","SLB SINDANGSARI CIKONENG ","JL. SINDANGSARI RAYA RT. 18/07  ","SINDANGSARI ","SWASTA ",SLB,"Kec. Cikoneng","Kab. Ciamis","Prov. Jawa Barat"
"2 "," 69756872 ","SLB TAMAN RAFLESIA ","JL. RAYA CIKONENG RT 03/09 DUSUN MANDALIKA ","CIKONENG ","SWASTA ",SLB,"Kec. Cikoneng","Kab. Ciamis","Prov. Jawa Barat"
"1 "," 20263114 ","SLB AL-HUDA SADANANYA ","JALAN SITUSAEUR ","SADANANYA ","SWASTA ",SLB,"Kec. Sadananya","Kab. Ciamis","Prov. Jawa Barat"
"1 "," 20263121 ","SLB BUDI BAKTI 2 ","JL. MUNJUL RT.12 RW.16 ","BUNISEURI ","SWASTA ",SLB,"Kec. Cipaku","Kab. Ciamis","Prov. Jawa Barat"
"1 "," 69930735 ","SLB FIRDAUS ","DUSUN PANAWANGAN RT 01 RW 02 ","PANAWANGAN ","SWASTA ",SLB,"Kec. Panawangan","Kab. Ciamis","Prov. Jawa Barat"
"1 "," 20263115 ","SLB AMANAH KAWALI ","SINDANGRAJA RT.21 RW.06 ","CITEUREUP ","SWASTA ",SLB,"Kec. Kawali","Kab. Ciamis","Prov. Jawa Barat"
"2 "," 20263119 ","SLB BUDI BAKTI I KAWALI ","JALAN PAKUAN NO . 04 ","KAWALI MUKTI ","SWASTA ",SLB,"Kec. Kawali","Kab. Ciamis","Prov. Jawa Barat"
"1 "," 20263112 ","SLB AGROWISATA SHALEHA PANJALU ","PANJALU ","PANJALU ","SWASTA ",SLB,"Kec. Panjalu","Kab. Ciamis","Prov. Jawa Barat"
"1 "," 69863248 ","SLB MANDIRI PANUMBANGAN ","JL. RAYA PANUMBANGAN BELAKANG SMP NEGERI I ","PANUMBANGAN ","SWASTA ",SLB,"Kec. Panumbangan","Kab. Ciamis","Prov. Jawa Barat"
"1 "," 69945332 ","SLB AL-FALAH ","DUSUN CARINGIN RT/RW 40/13 ","CIBEUREUM ","SWASTA ",SLB,"Kec. Sukamantri","Kab. Ciamis","Prov. Jawa Barat"
"1 "," 20263118 ","SLB BINA HARAPAN BANGSA ","JL.KALAPANUNGGAL 1 ","SINDANGKASIH ","SWASTA ",SLB,"Kec. Sindangkasih","Kab. Ciamis","Prov. Jawa Barat"
"1 "," 20258273 ","SLB YPI AL-MAGHFIROH ","JL.PRAMUKA.NO.168 ","PURWADADI ","SWASTA ",SLB,"Kec. Purwadadi","Kab. Ciamis","Prov. Jawa Barat"
"1 "," 20263113 ","SLB AL-BAROKAH BAREGBEG ","JL. RAYA SUKADANA RT.01 RW. 04  ","PETIRHILIR ","SWASTA ",SLB,"Kec. Baregbeg","Kab. Ciamis","Prov. Jawa Barat"
"2 "," 69759289 ","SLB PANCARAN IMAN CIAMIS ","JL. CIAMIS-JALATRANG KM. 07 RT 02 RW 01 ","SUKAMULYA ","SWASTA ",SLB,"Kec. Baregbeg","Kab. Ciamis","Prov. Jawa Barat"
"1 "," 20270894 ","SLB HARAPAN SAKINAH ","JL. RAYA LUMBUNG NO. 501 ","AWILUAR ","SWASTA ",SLB,"Kec. Lumbung","Kab. Ciamis","Prov. Jawa Barat"
"1 "," 69830210 ","SLB LASKAR PUTRA MANDIRI DARMA ","JL. RAYA DARMA BLOK PARENCA ","DARMA ","SWASTA ",SLB,"Kec. Darma","Kab. Kuningan","Prov. Jawa Barat"
"1 "," 20258191 ","SLB KADUGEDE ","JL. TENTARA PELAJAR ","BABATAN ","SWASTA ",SLB,"Kec. Kadugede","Kab. Kuningan","Prov. Jawa Barat"
"1 "," 69758208 ","SLB NEGERI PERBATASAN ","JL. RAYA CIBINGBIN, PANGGAPAN ","CIBINGBIN ","NEGERI ",SLB,"Kec. Cibingbin","Kab. Kuningan","Prov. Jawa Barat"
"1 "," 20256690 ","SLB NEGERI LURAGUNG KABUPATEN KUNINGAN ","JL.DESA CIRAHAYU NO.4 ","CIRAHAYU ","NEGERI ",SLB,"Kec. Luragung","Kab. Kuningan","Prov. Jawa Barat"
"1 "," 20270794 ","SLB ABCD AL-AHDA KAPANDAYAN ","JL. SIDARAJA CIOMAS ","SIDARAJA ","SWASTA ",SLB,"Kec. Ciawigebang","Kab. Kuningan","Prov. Jawa Barat"
"1 "," 20256691 ","SLB A PERWARI ","JLN. MOH. TOHA NO.04 ","KASTURI ","SWASTA ",SLB,"Kec. Kuningan","Kab. Kuningan","Prov. Jawa Barat"
"2 "," 20256689 ","SLB B YPALB PERWARI ","JALAN MOH. TOHA NO. 04 ","KASTURI ","SWASTA ",SLB,"Kec. Kuningan","Kab. Kuningan","Prov. Jawa Barat"
"3 "," 20256803 ","SLB C YPALB PERWARI KUNINGAN ","JL. RE. MARTADINATA NO. 80A ANCARAN KUNINGAN ","ANCARAN ","SWASTA ",SLB,"Kec. Kuningan","Kab. Kuningan","Prov. Jawa Barat"
"1 "," 69954998 ","SLB AR RAHMAN ","JL. SUTAN SYAHRIR LINK PUHUN RT.05 RW.03 ","SUKAMULYA ","SWASTA ",SLB,"Kec. Cigugur","Kab. Kuningan","Prov. Jawa Barat"
"1 "," 20256801 ","SLB B-C DHARMA WANITA ","JL. RAYA JALAKSANA NO. 168 KUNINGAN ","JALAKSANA ","SWASTA ",SLB,"Kec. Jalaksana","Kab. Kuningan","Prov. Jawa Barat"
"1 "," 20256802 ","SLB NEGERI TARUNA MANDIRI ","JL CARACAS - MANDIRANCAN ","SAMPORA ","NEGERI ",SLB,"Kec. Cilimus","Kab. Kuningan","Prov. Jawa Barat"
"1 "," 69930319 ","SLB AULIA AZZAHRA ","JL. DESA SUSUKAN NO. 4  ","SUSUKAN ","SWASTA ",SLB,"Kec. Cipicung","Kab. Kuningan","Prov. Jawa Barat"
"1 "," 69758951 ","SLB BINA INSANI ","JL. RAYA KALIMANGGIS KULON ","KALIMANGGIS KULON ","SWASTA ",SLB,"Kec. Kalimanggis","Kab. Kuningan","Prov. Jawa Barat"
"1 "," 69919892 ","SLB PELITA INSAN ","BLOK MUNJUL LELO RT.19 RW.10 ","JAPARA ","SWASTA ",SLB,"Kec. Japara","Kab. Kuningan","Prov. Jawa Barat"
"1 "," 20213882 ","SLB AL-MUFTI ","JL. RAYA SUKAMUKTINO.47 ","SUKAMUKTI ","SWASTA ",SLB,"Kec. Cikijing","Kab. Majalengka","Prov. Jawa Barat"
"1 "," 20258214 ","SLB KAMILIA SHANTARI ","JL. PANGERAN KARTANEGARA NO.33 TALAGA ","TALAGAKULON ","SWASTA ",SLB,"Kec. Talaga","Kab. Majalengka","Prov. Jawa Barat"
"1 "," 20258232 ","SLB CIREMAI KASIH ","JL. PASUKAN SINDANGKASIH KM.19 ","CIHAUR ","SWASTA ",SLB,"Kec. Maja","Kab. Majalengka","Prov. Jawa Barat"
"2 "," 20214001 ","SLB WELAS ASIH ","JL. RAYA DESA MAJA UTARA ","MAJA UTARA ","SWASTA ",SLB,"Kec. Maja","Kab. Majalengka","Prov. Jawa Barat"
"1 "," 20214017 ","SLB A YPLB MAJALENGKA ","JL. BABAKANJAWA GG. SUDARSONO NO.42 RT. 02/01 ","BABAKAN JAWA ","SWASTA ",SLB,"Kec. Majalengka","Kab. Majalengka","Prov. Jawa Barat"
"2 "," 20213898 ","SLB B YPLB MAJALENGKA ","JL. SITI ARMILAH NO.01 MAJALENGKA ","MAJALENGKA KULON ","SWASTA ",SLB,"Kec. Majalengka","Kab. Majalengka","Prov. Jawa Barat"
"3 "," 20213879 ","SLB C YPLB MAJALENGKA ","JL. EMEN SLAMET NO.70 MAJALENGKA ","MAJALENGKA KULON ","SWASTA ",SLB,"Kec. Majalengka","Kab. Majalengka","Prov. Jawa Barat"
"4 "," 20213878 ","SLB NEGERI MAJALENGKA ","JL.KH.ABDUL HALIM NO.97 A ","MAJALENGKA KULON ","NEGERI ",SLB,"Kec. Majalengka","Kab. Majalengka","Prov. Jawa Barat"
"1 "," 20213880 ","SLB BC YP AL AZHAR ","JL. RAYA UTARA NO.109/58 ","LEUWIMUNDING ","SWASTA ",SLB,"Kec. Leuwimunding","Kab. Majalengka","Prov. Jawa Barat"
"1 "," 20214016 ","SLB ABC MUHAMMADIYAH JATIWANGI ","JL. RAYA BURUJUL KULON NO.08 ","BURUJUL KULON ","SWASTA ",SLB,"Kec. Jatiwangi","Kab. Majalengka","Prov. Jawa Barat"
"1 "," 20213881 ","SLB GELORA KARYA ","JL. RAYA CIDERES NO.21 ","BOJONGCIDERES ","SWASTA ",SLB,"Kec. Dawuan","Kab. Majalengka","Prov. Jawa Barat"
"1 "," 69894293 ","SLB ABDUL MUCHYI ","JLN. ABDUL MUCHYI  ","BABAKAN ANYAR ","SWASTA ",SLB,"Kec. Kadipaten","Kab. Majalengka","Prov. Jawa Barat"
"1 "," 20258213 ","SLB TUNAS TEKAD SUMBERJAYA ","JL. RAYA BONGAS SUMBERJAYA ","BONGAS WETAN ","SWASTA ",SLB,"Kec. Sumberjaya","Kab. Majalengka","Prov. Jawa Barat"
"1 "," 20215032 ","SLB ABCD BINA MANDIRI ","JL. LETJEN S. PARMAN NO. 09 ","LEUWEUNGGAJAH ","SWASTA ",SLB,"Kec. Ciledug","Kab. Cirebon","Prov. Jawa Barat"
"1 "," 20279948 ","SLB MUTIARA BUNDA ","JL. SOEKARNO HATTA KM.28 ","LOSARI LOR ","SWASTA ",SLB,"Kec. Losari","Kab. Cirebon","Prov. Jawa Barat"
"1 "," 20267751 ","SLB N KAB CIREBON ","JL.AR HAKIM NO.33 ","SINDANGLAUT ","NEGERI ",SLB,"Kec. Lemah Abang","Kab. Cirebon","Prov. Jawa Barat"
"1 "," 69946961 ","SLB AKIRRA 2  ","BLOK BLENCONG KIDUL RT. 003 RW. 003  ","PASALAKAN ","SWASTA ",SLB,"Kec. Sumber","Kab. Cirebon","Prov. Jawa Barat"
"1 "," 69945389 ","SLB MUTIARA HATI BANGSA ","JL. KI SABALANANG - BLOK SIPANCING ","MEGU CILIK ","SWASTA ",SLB,"Kec. Weru","Kab. Cirebon","Prov. Jawa Barat"
"1 "," 20258324 ","SLB AL-ZAKIYAH KLANGENAN ","JL. NYIMAS ENDANG GEULIS ","KLANGENAN ","SWASTA ",SLB,"Kec. Klangenan","Kab. Cirebon","Prov. Jawa Barat"
"1 "," 20215018 ","SLB ABC WATHANIYAH ","JL. PERMAI RAYA KEBONPRING ","ARJAWINANGUN ","SWASTA ",SLB,"Kec. Arjawinangun","Kab. Cirebon","Prov. Jawa Barat"
"1 "," 20271880 ","SLB NEGERI PANGERAN CAKRABUANA ","JL. RAYA WARUROYOM ","KASUGENGAN KIDUL ","NEGERI ",SLB,"Kec. Depok","Kab. Cirebon","Prov. Jawa Barat"
"1 "," 69943905 ","SLB TUNAS KEMUNING ","RT. 04 RW. 10 BLOK SIWARU ","TUK ","SWASTA ",SLB,"Kec. Kedawung","Kab. Cirebon","Prov. Jawa Barat"
"1 "," 20267668 ","SLB BINA KARYA ","JLN. RAYA LANGENSARI ","KUBANGDELEG ","SWASTA ",SLB,"Kec. Karangwareng","Kab. Cirebon","Prov. Jawa Barat"
"1 "," 20215017 ","SLB-A BERINGIN BHAKTI ","JL. PANGERAN CAKRABUANA (GG. MANGGA) ","KEPONGPONGAN ","SWASTA ",SLB,"Kec. Talun","Kab. Cirebon","Prov. Jawa Barat"
"2 "," 20215028 ","SLB-B BERINGIN BHAKTI ","JL. PANGERAN CAKRABUANA (GG. MANGGA) ","KEPONGPONGAN ","SWASTA ",SLB,"Kec. Talun","Kab. Cirebon","Prov. Jawa Barat"
"3 "," 20215031 ","SLB-C BERINGIN BHAKTI ","JL. PANGERAN CAKRABUANA (GG. MANGGA) ","KEPONGPONGAN ","SWASTA ",SLB,"Kec. Talun","Kab. Cirebon","Prov. Jawa Barat"
"1 "," 20268277 ","SLB AL-MA RIFAH ","JL. PEJAGAN ASEM DESA KEDUNGBUNDER KECAMATAN GEMPOL KABUPATEN CIREBON ","KEDUNGBUNDER ","SWASTA ",SLB,"Kec. Gempol","Kab. Cirebon","Prov. Jawa Barat"
"1 "," 20233748 ","SLB PELANGI KASIH ","JL. JEND A YANI ","SUKAJATI ","SWASTA ",SLB,"Kec. Haurgeulis","Kab. Indramayu","Prov. Jawa Barat"
"1 "," 69990047 ","SLB MUTIARA KASIH ","JL. BAYY PASS RT11/08 LEUWIGEDE INDRAMAYU ","LEUWIGEDE ","SWASTA ",SLB,"Kec. Widasari","Kab. Indramayu","Prov. Jawa Barat"
"1 "," 20253006 ","SLB/C GANDASARI JATIBARANG  "," JL. RAYA BULAK KEC. JATIBARANG  ","BULAK ","SWASTA ",SLB,"Kec. Jatibarang","Kab. Indramayu","Prov. Jawa Barat"
"1 "," 69896875 ","SLB MUTIARA HATI ","JL. PAHLAWAN NO. 5A ","LEMAHMEKAR ","SWASTA ",SLB,"Kec. Indramayu","Kab. Indramayu","Prov. Jawa Barat"
"2 "," 20264429 ","SLB NEGERI 2 INDRAMAYU "," JL. MAYJEN DI. PANJAITAN NO. 220/D  ","LEMAHMEKAR ","NEGERI ",SLB,"Kec. Indramayu","Kab. Indramayu","Prov. Jawa Barat"
"3 "," 20251992 ","SLB NEGERI PAHLAWAN KABUPATEN INDRAMAYU "," JL. PAHLAWAN NO. 89 KEC. INDRAMAYU  ","LEMAHMEKAR ","NEGERI ",SLB,"Kec. Indramayu","Kab. Indramayu","Prov. Jawa Barat"
"1 "," 20216946 ","SLB WALIWIS PUTIH ","JALAN CAGAK RAYA NO 36 B ","CURUGRENDENG ","SWASTA ",SLB,"Kec. Jalancagak","Kab. Subang","Prov. Jawa Barat"
"1 "," 20216949 ","SLB KANDAGA BINA BANGSA CISALAK ","JL. KAPUKNAHUN ","DARMAGA ","SWASTA ",SLB,"Kec. Cisalak","Kab. Subang","Prov. Jawa Barat"
"1 "," 69946530 ","SLB AL FAHMI  ","KP .CIPANCUH  ","PADAASIH ","SWASTA ",SLB,"Kec. Cibogo","Kab. Subang","Prov. Jawa Barat"
"1 "," 20216948 ","SLB NEGERI SUBANG ","JL. TRUBUS N0. 36 BLOK SUKAASIH I ","KARANGANYAR ","NEGERI ",SLB,"Kec. Subang","Kab. Subang","Prov. Jawa Barat"
"2 "," 20216947 ","SLB NEGERI TRI TUNA SUBANG ","JL. DANGDANGGULA KOMPLEK BTN CIHEULEUT ","PASIRKAREUMBI ","NEGERI ",SLB,"Kec. Subang","Kab. Subang","Prov. Jawa Barat"
"1 "," 69823296 ","SLB PGRI KALIJATI ","JL. RAYA TUGU TIMUR NO 69 RT 21/07 ","KALIJATI TIMUR ","SWASTA ",SLB,"Kec. Kalijati","Kab. Subang","Prov. Jawa Barat"
"1 "," 20264707 ","SLB AL-ISLAH PURWADADI ","JLN RAYA PURWADADI NO 196 RT 22 RW 05 DS. PURWADADI BARAT KEC. PURWADADI ","PURWADADI BARAT ","SWASTA ",SLB,"Kec. Purwadadi","Kab. Subang","Prov. Jawa Barat"
"1 "," 20216950 ","SLB TARBIYATUL MUTAALIMIN PAGADEN ","JL. RAYA KAMARUNG NO. 56 ","KAMARUNG ","SWASTA ",SLB,"Kec. Pagaden","Kab. Subang","Prov. Jawa Barat"
"1 "," 20264708 ","SLB BC SUKAMANDI ","JL. PT. SANG HYANG SERI SUKAMANDI ","CIASEMGIRANG ","SWASTA ",SLB,"Kec. Ciasem","Kab. Subang","Prov. Jawa Barat"
"1 "," 20264709 ","SLB PGRI KARYA WINAYA PAMANUKAN ","JL. RAYA RANCASARI RT.11/04 ","RANCASARI ","SWASTA ",SLB,"Kec. Pamanukan","Kab. Subang","Prov. Jawa Barat"
"1 "," 20253160 ","SLB ABCD BUDI UTAMA ","JLN. WARUNGKANDANG  ","P L E R E D ","SWASTA ",SLB,"Kec. Plered","Kab. Purwakarta","Prov. Jawa Barat"
"1 "," 20258169 ","SLB YAKALIMU ","JL. E. SULAEMAN RT. 13/RW. 04 ","WANASARI ","SWASTA ",SLB,"Kec. Wanayasa","Kab. Purwakarta","Prov. Jawa Barat"
"1 "," 20217457 ","SLB BINA INSANI  ","JL. TERUSAN KAPTEN HALIM ","PASAWAHANKIDUL ","SWASTA ",SLB,"Kec. Pasawahan","Kab. Purwakarta","Prov. Jawa Barat"
"1 "," 20258288 ","SLB N KAPTEN HALIM ","JL KAPTEN HALIM PURWAKARTA ","SINDANGKASIH ","NEGERI ",SLB,"Kec. Purwakarta","Kab. Purwakarta","Prov. Jawa Barat"
"2 "," 20258253 ","SLB N PURWAKARTA ","JL VETERAN GG BERINGIN NO2 ","NAGRIKALER ","NEGERI ",SLB,"Kec. Purwakarta","Kab. Purwakarta","Prov. Jawa Barat"
"1 "," 20217455 ","SLB B.C YDBA CIBENING ","JL RAYA CIBENING 364 ","BUNGURSARI ","SWASTA ",SLB,"Kec. Bungursari","Kab. Purwakarta","Prov. Jawa Barat"
"1 "," 69786714 ","SLB NEGERI KAB. KARAWANG ","KP. SALAGEDANG DESA CENGKONG KEC. PURWASARI KARAWANG ","CENGKONG ","NEGERI ",SLB,"Kec. Purwasari","Kab. Karawang","Prov. Jawa Barat"
"1 "," 20217811 ","SLB B TUNAS HARAPAN KARAWANG ","JALAN MALABAR KARANG INDAH ","KARANGPAWITAN ","SWASTA ",SLB,"Kec. Karawang Barat","Kab. Karawang","Prov. Jawa Barat"
"2 "," 20217782 ","SLB C TUNAS HARAPAN KARAWANG ","JALAN MALABAR KARANG INDAH ","KARANGPAWITAN ","SWASTA ",SLB,"Kec. Karawang Barat","Kab. Karawang","Prov. Jawa Barat"
"1 "," 69756186 ","SLB A DAN A GANDA BINAR INSAN ISTIQOMAH ","JL. BEKANG RAYA B6 NO. 6 RT. 01/07 BUMI CIBARUSAH ASRI ","CIBARUSAHJAYA ","SWASTA ",SLB,"Kec. Cibarusah","Kab. Bekasi","Prov. Jawa Barat"
"1 "," 20253323 ","SLB DHARUL MUKHSININ ","PERUM CITRA VILLA JC 13 NO. 23 WANASARI CIBITUNG K ","WANASARI ","SWASTA ",SLB,"Kec. Cibitung","Kab. Bekasi","Prov. Jawa Barat"
"1 "," 69786681 ","SLB ANANDA MANDIRI ","JL. MEKARSARI RAYA GG. CAMAT NO.66 RT. 02/13 ","MANGUNJAYA ","SWASTA ",SLB,"Kec. Tambun Selatan","Kab. Bekasi","Prov. Jawa Barat"
"2 "," 60725231 ","SLB DINAMIKA ","SANTIONG UTARA ","JATIMULYA ","SWASTA ",SLB,"Kec. Tambun Selatan","Kab. Bekasi","Prov. Jawa Barat"
"3 "," 69899721 ","SLB RAISYA PURI ","PURI CENDANA TAMAN RINJANI BLOK A9 NO.11-12 ","SUMBERJAYA ","SWASTA ",SLB,"Kec. Tambun Selatan","Kab. Bekasi","Prov. Jawa Barat"
"4 "," 69774539 ","SLB TUMBUH KEMBANG CERIA ","JL ANGGREK RAYA BLOK F-25 NO 8 PERUM PAPAN MAS ","SETIA MEKAR ","SWASTA ",SLB,"Kec. Tambun Selatan","Kab. Bekasi","Prov. Jawa Barat"
"1 "," 69786685 ","SLB B DAN C KRISTEN EPHPHATHA INDONESIA ","PERUM BUMI ANGGREK BLOK A NO 25/26 ","KARANGSATRIA ","SWASTA ",SLB,"Kec. Tambun Utara","Kab. Bekasi","Prov. Jawa Barat"
"2 "," 69854723 ","SLB BUNGA INDONESIA ","PERUM BUMI ANGGREK BLOK S238-239 ","KARANGSATRIA ","SWASTA ",SLB,"Kec. Tambun Utara","Kab. Bekasi","Prov. Jawa Barat"
"1 "," 20258340 ","SLB BC WIJAYA KUSUMAH ","JL ARTERI TOL CIBITUNG ","GANDASARI ","SWASTA ",SLB,"Kec. Cikarang Barat","Kab. Bekasi","Prov. Jawa Barat"
"1 "," 69753766 ","SLB NEGERI KAB. BEKASI ","JL RAYA PASIR RANDU RT 010/005 ","SUKASARI ","NEGERI ",SLB,"Kec. Serang Baru","Kab. Bekasi","Prov. Jawa Barat"
"1 "," 20267656 ","SLB BUDI MULIA CILILIN ","JL. RAYA BARAT NO.116 RT.01 RW.03 ","CILILIN ","SWASTA ",SLB,"Kec. Cililin","Kab. Bandung Barat","Prov. Jawa Barat"
"1 "," 69928417 ","SLB BHINNEKA ","KP. CICALENGKA RT.02 RW.06 ","MEKARMUKTI ","SWASTA ",SLB,"Kec. Cihampelas","Kab. Bandung Barat","Prov. Jawa Barat"
"1 "," 69918547 ","SLB TRI MEDYA ","JL. PLTA SAGULING KP. CIJAWA RT.04 RW.03 ","SARINAGEN ","SWASTA ",SLB,"Kec. Cipongkor","Kab. Bandung Barat","Prov. Jawa Barat"
"1 "," 20267653 ","SLB BC BINA WIDYA ","JL. HAURGAMBANG KP. BABAKANPARI RT.01 RW.05 ","BATUJAJAR TIMUR ","SWASTA ",SLB,"Kec. Batujajar","Kab. Bandung Barat","Prov. Jawa Barat"
"1 "," 69786715 ","SLB NEGERI BANDUNG BARAT ","JL. KAMPUNG BARU CIPTAHARJA RT.02 RW.18 ","CIPTAHARJA ","NEGERI ",SLB,"Kec. Cipatat","Kab. Bandung Barat","Prov. Jawa Barat"
"2 "," 20667660 ","SLB RAMA SEJAHTERA ","JL.RAYA LAMA KIARA KP. BABAKAN KURNIA RT.01 RW.11 ","MANDALAWANGI ","SWASTA ",SLB,"Kec. Cipatat","Kab. Bandung Barat","Prov. Jawa Barat"
"1 "," 20267652 ","SLB AL HIKMAH ","JL. GEDUNG X NO. C 14B RT.05 RW.09 ","KERTAMULYA ","SWASTA ",SLB,"Kec. Padalarang","Kab. Bandung Barat","Prov. Jawa Barat"
"1 "," 69775706 ","SLB ASSAKINAH SEJAHTERA ","JL. H.GOFUR RT.01 RW.07 ","TANIMULYA ","SWASTA ",SLB,"Kec. Ngamprah","Kab. Bandung Barat","Prov. Jawa Barat"
"2 "," 20267658 ","SLB NGAMPRAH RAYA ","JL. CIHALIWUNG WETAN RT.05 RW.03 ","SUKATANI ","SWASTA ",SLB,"Kec. Ngamprah","Kab. Bandung Barat","Prov. Jawa Barat"
"3 "," 69773518 ","SLB SABK GEMILANG RAHAYU ARBIAH ","JL.RAYA GADOBANGKONG NO.167B RT.01 RW.06 ","CIMAREME ","SWASTA ",SLB,"Kec. Ngamprah","Kab. Bandung Barat","Prov. Jawa Barat"
"1 "," 20267657 ","SLB HANJUANG JAYA ","JL. CIHANJUANG KM.2,8 CIBALIGO RT.04 RW.01 ","CIHANJUANG ","SWASTA ",SLB,"Kec. Parongpong","Kab. Bandung Barat","Prov. Jawa Barat"
"2 "," 20267659 ","SLB PURNAMA ASIH ","JL. VILLA DUTA NO.2 RT.03 RW.03 ","CIWARUGA ","SWASTA ",SLB,"Kec. Parongpong","Kab. Bandung Barat","Prov. Jawa Barat"
"1 "," 20267651 ","SLB ABC YPLAB LEMBANG ","JL. BARULAKSANA NO.183 RT.01 RW.11 ","JAYAGIRI ","SWASTA ",SLB,"Kec. Lembang","Kab. Bandung Barat","Prov. Jawa Barat"
"2 "," 20267655 ","SLB BINA ANUGRAH ","JL.PENOROPONGAN BINTANG ","GUDANG KAHURIPAN ","SWASTA ",SLB,"Kec. Lembang","Kab. Bandung Barat","Prov. Jawa Barat"
"3 "," 20219742 ","SLB SUKAGALIH ","JL. MARIBAYA NO.121 RT.01 RW.11 ","LANGENSARI ","SWASTA ",SLB,"Kec. Lembang","Kab. Bandung Barat","Prov. Jawa Barat"
"1 "," 20279833 ","SLB AGRO INDUSTRI ","JL. PASIR HALANG NO.1 RT.03 RW.07 ","JAMBUDIPA ","SWASTA ",SLB,"Kec. Cisarua","Kab. Bandung Barat","Prov. Jawa Barat"
"1 "," 20267654 ","SLB BC MULYA BAKTI ","KP. DAYA MEKAR RT.04 RW.03 ","CIKALONG ","SWASTA ",SLB,"Kec. Cikalongwetan","Kab. Bandung Barat","Prov. Jawa Barat"
"1 "," 20279832 ","SLB CHAHYA PUTRA ","KP. CIPEUNDEUY RT.02 RW.04 ","CIPEUNDEUY ","SWASTA ",SLB,"Kec. Cipeundeuy","Kab. Bandung Barat","Prov. Jawa Barat"
"1 "," 20258212 ","SLB YPK CIJULANG ","JL SEMBAH BONTOT RT 21/05 DUSUN KALENSARI ","DESA KONDANGJAJAR ","SWASTA ",SLB,"KEC. CIJULANG","Kab. Pangandaran","Prov. Jawa Barat"
"1 "," 69898931 ","SLB SAASIH ","DUSUN NEGLASARI DESA CIMINDI KECAMATAN CIGUGUR KABUPATEN PANGANDARAN  ","DESA CIMINDI ","SWASTA ",SLB,"KEC. CIGUGUR","Kab. Pangandaran","Prov. Jawa Barat"
"1 "," 20258344 ","SLB DARMA PUTRA KALIPUCANG ","JL RAYA KALIPUCANG NO 452 ","DESA KALIPUCANG ","SWASTA ",SLB,"KEC. KALIPUCANG","Kab. Pangandaran","Prov. Jawa Barat"
"1 "," 20258330 ","SLB BC BINA HARAPAN PANGANDARAN ","PANGANDARAN ","DESA PANANJUNG ","SWASTA ",SLB,"KEC. PANGANDARAN","Kab. Pangandaran","Prov. Jawa Barat"
"1 "," 20258272 ","SLB NEGERI WIDI ASIH ","SUKASARI ","DESA BOJONG ","NEGERI ",SLB,"KEC. PARIGI","Kab. Pangandaran","Prov. Jawa Barat"
"1 "," 20280589 ","SLB B TUT WURI HANDAYANI ","JL PERUMNAS CIJERAH 1 BLOK V NO.45 ","CIJERAH ","SWASTA ",SLB,"Kec. Bandung Kulon","Kota Bandung","Prov. Jawa Barat"
"2 "," 69948890 ","SLB PELITA ADINDA B ","JL. REUNGAS RT.03/06 ","GEMPOL SARI ","SWASTA ",SLB,"Kec. Bandung Kulon","Kota Bandung","Prov. Jawa Barat"
"1 "," 20219867 ","SLB ABCD CARINGIN ","JL. HOLIS GG. FAQIH RT 02/09 ","BABAKAN ","SWASTA ",SLB,"Kec. Babakan Ciparay","Kota Bandung","Prov. Jawa Barat"
"2 "," 20280595 ","SLB KASIH IBU ","JL. KOPO CIRANGRANG TIMUR NO.07 ","CIRANGRANG ","SWASTA ",SLB,"Kec. Babakan Ciparay","Kota Bandung","Prov. Jawa Barat"
"3 "," 20219880 ","SLBS GEMILANG ","JL. AKI PADMA NO. 7 RT. 05/08 ","BABAKAN ","SWASTA ",SLB,"Kec. Babakan Ciparay","Kota Bandung","Prov. Jawa Barat"
"1 "," 20219871 ","SLB C BUDAYA BANGSA ","JL. CITARIP BARAT NO. 16 BLK ","KOPO ","SWASTA ",SLB,"Kec. Bojong Loa Kaler","Kota Bandung","Prov. Jawa Barat"
"1 "," 20280596 ","SLB BC YPLAB CIBADUYUT ","JL.CIBADUYUT, GG.M.A MAJJA NO.4 ","CIBADUYUT ","SWASTA ",SLB,"Kec. Bojong Loa Kidul","Kota Bandung","Prov. Jawa Barat"
"1 "," 20219873 ","SLB BC BANDUNG RAYA ","JL. H. KURDI II / IV NO. 318 ","KARASAK ","SWASTA ",SLB,"Kec. Astanaanyar","Kota Bandung","Prov. Jawa Barat"
"1 "," 20219865 ","SLB AUTISME PELITA HAFIZH ","JL. KOTA BARU I NO.4 BANDUNG ","CIATEUL ","SWASTA ",SLB,"Kec. Regol","Kota Bandung","Prov. Jawa Barat"
"2 "," 20280591 ","SLB RISANTYA ","JL KOTA BARU NO 30 ","CIATEUL ","SWASTA ",SLB,"Kec. Regol","Kota Bandung","Prov. Jawa Barat"
"1 "," 20219875 ","SLB BC YPLAB WARTAWAN ","JL. KOMPLEK WARTAWAN IV NO 31A ","TURANGGA ","SWASTA ",SLB,"Kec. Lengkong","Kota Bandung","Prov. Jawa Barat"
"1 "," 20280598 ","SLB AUTIS PRANANDA ","JL. BUANA MEKAR  1 NO.16  LOGAM ","KUJANG SARI ","SWASTA ",SLB,"Kec. Bandung Kidul","Kota Bandung","Prov. Jawa Barat"
"1 "," 20280597 ","SLB AZ-ZAKIYAH ","JL. CIJAWURA HILIR II NO. 15 ","CIJAWURA ","SWASTA ",SLB,"Kec. Buahbatu","Kota Bandung","Prov. Jawa Barat"
"2 "," 20219879 ","SLB BC HIKMAT ","JL. SMPN 18 GG. SUKAMENAK II NO. 297 ","MARGASARI ","SWASTA ",SLB,"Kec. Buahbatu","Kota Bandung","Prov. Jawa Barat"
"1 "," 20219866 ","SLB ARRAHMAN ","JL. TERUSAN GBI NO. 126 ","MEKARJAYA ","SWASTA ",SLB,"Kec. Rancasari","Kota Bandung","Prov. Jawa Barat"
"2 "," 20219877 ","SLB BC BINA KASIH ","JL. CIPAMOKOLAN KEBON JERUK II RT 02 RW 07 ","DERWATI ","SWASTA ",SLB,"Kec. Rancasari","Kota Bandung","Prov. Jawa Barat"
"3 "," 20219876 ","SLB BC NIKE ARDILA YPWN ","JL. KALI CIPAMOKOLAN SOEKARNO - HATTA ","CIPAMOKOLAN ","SWASTA ",SLB,"Kec. Rancasari","Kota Bandung","Prov. Jawa Barat"
"4 "," 20219744 ","SLB JATIS HURIP ","KOMPLEK PASIR POGOR JL. PASIR INTAN NO. 4 ","MEKARJAYA ","SWASTA ",SLB,"Kec. Rancasari","Kota Bandung","Prov. Jawa Barat"
"5 "," 20271533 ","SLB YPDP ","JL. PURI ASIH VIII NO. 12 SANTOSA ASIH JAYA ","CIPAMOKOLAN ","SWASTA ",SLB,"Kec. Rancasari","Kota Bandung","Prov. Jawa Barat"
"1 "," 20280599 ","SLB ABCDE LOB ","JL. MANGLAYANG  I  NO. 7  ","PALASARI ","SWASTA ",SLB,"Kec. Cibiru","Kota Bandung","Prov. Jawa Barat"
"2 "," 20219864 ","SLB B SILIH ASIH ","JL. EMBAH JAKSA CIPADUNG ","CIPADUNG ","SWASTA ",SLB,"Kec. Cibiru","Kota Bandung","Prov. Jawa Barat"
"3 "," 20219882 ","SLB C SILIH ASIH ","JL. EMBAH JAKSA CIPADUNG ","CIPADUNG ","SWASTA ",SLB,"Kec. Cibiru","Kota Bandung","Prov. Jawa Barat"
"1 "," 20280600 ","SLB YRBB ","JL. KOSAR NO. 147 CIJAMBE INDAH ","PASIR ENDAH ","SWASTA ",SLB,"Kec. Ujungberung","Kota Bandung","Prov. Jawa Barat"
"1 "," 20219869 ","SLB B KARYA BHAKTI ","JL. PERSAUDARA NO. 35 ","BABAKAN SURABAYA ","SWASTA ",SLB,"Kec. Kiaracondong","Kota Bandung","Prov. Jawa Barat"
"2 "," 20219863 ","SLB B SUKAPURA  ","JL. SUKAPURA NO. 4 ","SUKAPURA ","SWASTA ",SLB,"Kec. Kiaracondong","Kota Bandung","Prov. Jawa Barat"
"3 "," 20219811 ","SLB C SUKAPURA ","KOMPLEK BUMI ASRI SUKAPURA ","SUKAPURA ","SWASTA ",SLB,"Kec. Kiaracondong","Kota Bandung","Prov. Jawa Barat"
"1 "," 69830375 ","SLB DARUL HIDAYAH ","JL. 17 AGUSTUS 2 NO 19 ","CIBANGKONG ","SWASTA ",SLB,"Kec. Batununggal","Kota Bandung","Prov. Jawa Barat"
"2 "," 20219878 ","SLB-BC MURNI YPKSM ","JL. BINONG JATI I NO. 4 ","BINONG ","SWASTA ",SLB,"Kec. Batununggal","Kota Bandung","Prov. Jawa Barat"
"1 "," 26017001 ","SLB NEGERI CICENDO ","JL. CICENDO NO. 2 ","BABAKAN CIAMIS ","NEGERI ",SLB,"Kec. Sumur Bandung","Kota Bandung","Prov. Jawa Barat"
"1 "," 20217941 ","SLB WIDI ASIH ","JL. DAKOTA PERUM TAMAN PESONA MEDITERAN G1 ","CAMPAKA ","SWASTA ",SLB,"Kec. Andir","Kota Bandung","Prov. Jawa Barat"
"1 "," 20280593 ","SLB NEGERI A PAJAJARAN ","JL. PAJAJARAN NO. 50 ","PASIRKALIKI ","NEGERI ",SLB,"Kec. Cicendo","Kota Bandung","Prov. Jawa Barat"
"1 "," 20219872 ","SLB C KARYA BAKTI ","JL SEKEPONDOK III NO.78 RT 07 RW 11 ","PADASUKA ","SWASTA ",SLB,"Kec. Cibeunying Kidul","Kota Bandung","Prov. Jawa Barat"
"1 "," 20219743 ","SLB PUSPPA SURYAKANTI ","JL TERUSAN CIMUNCANG NO. 09 ","SUKAPADA ","SWASTA ",SDLB,"Kec. Cibeunying Kidul","Kota Bandung","Prov. Jawa Barat"
"1 "," 20219874 ","SLB ADITYA GRAHITA ","JL. CIBEUNYING PERMAI III  NO. 9 ","CIGADUNG ","SWASTA ",SLB,"Kec. Cibeunying Kaler","Kota Bandung","Prov. Jawa Barat"
"1 "," 20219859 ","SLB C ASIH MANUNGGAL ","JL. SINGA PERBANGSA ","LEBAK GEDE ","SWASTA ",SLB,"Kec. Coblong","Kota Bandung","Prov. Jawa Barat"
"2 "," 20219747 ","SLB C YAYASAN TERATE ","KP. PASIRKALIKI BARAT RT.10/15 ","SADANG SERANG ","SWASTA ",SLB,"Kec. Coblong","Kota Bandung","Prov. Jawa Barat"
"3 "," 20219746 ","SPLB C YPLB ","JL. HEGAR ASIH NO. 1-3 ","CIPAGANTI  ","SWASTA ",SLB,"Kec. Coblong","Kota Bandung","Prov. Jawa Barat"
"1 "," 20219745 ","SLB D YPAC ","JL. MUSTANG NO. 46 ","SUKAWARNA ","SWASTA ",SLB,"Kec. Sukajadi","Kota Bandung","Prov. Jawa Barat"
"2 "," 20259612 ","SLB MUHAMMADIYAH CIPEDES ","JL SUKAGALIH GG. H. GOZALI NO. 119B ","CIPEDES ","SWASTA ",SLB,"Kec. Sukajadi","Kota Bandung","Prov. Jawa Barat"
"3 "," 20280592 ","SLB NOOR RAKHMAH ","JL. CIPEDES SELATAN NO. 85 ","SUKABUNGAH ","SWASTA ",SLB,"Kec. Sukajadi","Kota Bandung","Prov. Jawa Barat"
"1 "," 20280590 ","SLB SOLALIN ","JL. SARIMANAH BLOK XII NO 170 ","SARIJADI ","SWASTA ",SLB,"Kec. Sukasari","Kota Bandung","Prov. Jawa Barat"
"1 "," 20219868 ","SLB ABC BINA MANDIRI  ","JL. SUKAMAJU 17 ","CIPADUNG KULON ","SWASTA ",SLB,"Kec. Panyileukan","Kota Bandung","Prov. Jawa Barat"
"1 "," 20255797 ","SLB PANCARAN IMAN ","JL GOLF III NO 57 ","CISARANTEN WETAN ","SWASTA ",SLB,"Kec. Cinambo","Kota Bandung","Prov. Jawa Barat"
"1 "," 20219862 ","SLB B SUMBERSARI ","JL. MAJALAYA II NO 29 ","ANTAPANI WETAN ","SWASTA ",SLB,"Kec. Antapani","Kota Bandung","Prov. Jawa Barat"
"2 "," 20219761 ","SLB C SUMBER SARI ","JL. MAJALAYA II NO 29 ","ANTAPANI WETAN ","SWASTA ",SLB,"Kec. Antapani","Kota Bandung","Prov. Jawa Barat"
"1 "," 20220543 ","SLB B-C AL IRSYAD AL ISLAMIYYAH ","JL SEDANE NO 37 ","EMPANG ","SWASTA ",SLB,"Kec. Kota Bogor Selatan","Kota Bogor","Prov. Jawa Barat"
"2 "," 20238476 ","SLB FITRIA ","JL. RULITA BLK NO. 50 ","HARJASARI ","SWASTA ",SLB,"Kec. Kota Bogor Selatan","Kota Bogor","Prov. Jawa Barat"
"1 "," 20238480 ","SLB BC MEKAR SARI 2 ","JL NEGLASARI RT 02/04 ","CIBULUH ","SWASTA ",SLB,"Kec. Kota Bogor Utara","Kota Bogor","Prov. Jawa Barat"
"2 "," 20238477 ","SLB BINA MANDIRI ","JL ARZIMAR II BLK SDN KAWUNG LUWUK ","TEGALGUNDIL ","SWASTA ",SLB,"Kec. Kota Bogor Utara","Kota Bogor","Prov. Jawa Barat"
"3 "," 20253784 ","SLB MENTARI KITA ","JL. JANAKA III NO. 25 INDRAPRASTA ","TEGAL GUNDIL ","SWASTA ",SLB,"Kec. Kota Bogor Utara","Kota Bogor","Prov. Jawa Barat"
"1 "," 20220542 ","SLB-B DHARMA WANITA ","JL. MALABAR UJUNG NO. 2 BOGOR ","TEGALLEGA ","SWASTA ",SLB,"Kec. Kota Bogor Tengah","Kota Bogor","Prov. Jawa Barat"
"2 "," 20220544 ","SLB-C DHARMA WANITA KOTA BOGOR ","JL. MALABAR UJUNG NO. 2 ","TEGALLEGA ","SWASTA ",SLB,"Kec. Kota Bogor Tengah","Kota Bogor","Prov. Jawa Barat"
"1 "," 20220541 ","SLB ABCD SEJAHTERA ","JL. GUNUNG BATU LOJI BLK. NO. 101  ","LOJI ","SWASTA ",SLB,"Kec. Kota Bogor Barat","Kota Bogor","Prov. Jawa Barat"
"2 "," 20238478 ","SLB-B TUNAS KASIH 2 ","JL. LINGKAR UTARA NO. 16 YASMIN ","SEMPLAK ","SWASTA ",SLB,"Kec. Kota Bogor Barat","Kota Bogor","Prov. Jawa Barat"
"3 "," 20238479 ","SLB-C TUNAS KASIH 2 ","JL. KH. ABDULLAH BIN NUH  NO. 16 YASMIN SEMPLAK BOGOR ","SEMPLAK ","SWASTA ",SLB,"Kec. Kota Bogor Barat","Kota Bogor","Prov. Jawa Barat"
"1 "," 20221583 ","SLB A BUDI NURANI ","JALAN LIO BALANDONGAN KOMPLEK PROVELAT NO. 169 ","SUDAJAYA HILIR ","SWASTA ",SLB,"Kec. Baros","Kota Sukabumi","Prov. Jawa Barat"
"2 "," 20221584 ","SLB B BUDI NURANI ","JALAN LIO BALANDONGAN NO.12 ","SUDAJAYA HILIR ","SWASTA ",SLB,"Kec. Baros","Kota Sukabumi","Prov. Jawa Barat"
"3 "," 20221585 ","SLB C BUDI NURANI ","JL. LIO BALANDONGAN PROPELAT ","SUDAJAYA HILIR ","SWASTA ",SLB,"Kec. Baros","Kota Sukabumi","Prov. Jawa Barat"
"1 "," 20265786 ","SLB MEKAR ARUM ","JL. CIREMAI GIRI BLOK E.2 NO. 09, RT.004/RW.017 ","KECAPI ","SWASTA ",SLB,"Kec. Harjamukti","Kota Cirebon","Prov. Jawa Barat"
"1 "," 20258315 ","SLB B SAYANGE ","JLN. SEKAR KEMUNING ","KARYA MULYA ","SWASTA ",SLB,"Kec. Kesambi","Kota Cirebon","Prov. Jawa Barat"
"2 "," 20258316 ","SLB C PANCARAN KASIH ","JL.PERJUANGAN BY PASS RT 01 RW 01 45132 NO TELP 0231 482550 ","SUNYARAGI ","SWASTA ",SLB,"Kec. Kesambi","Kota Cirebon","Prov. Jawa Barat"
"3 "," 20258187 ","SLB N BUDI UTAMA ","KESAMBI ","KESAMBI ","NEGERI ",SLB,"Kec. Kesambi","Kota Cirebon","Prov. Jawa Barat"
"1 "," 20258314 ","SLB-B PANCARAN KASIH ","JL DR. WAHIDIN ","SUKAPURA  ","SWASTA ",SLB,"Kec. Kejaksan","Kota Cirebon","Prov. Jawa Barat"
"1 "," 20253394 ","SLB B-C AL GAFFAR GUCHANY ","JL RAYA JATI MAKMUR NO 181 ","JATIMAKMUR ","SWASTA ",SLB,"Kec. Pondokgede","Kota Bekasi","Prov. Jawa Barat"
"2 "," 20258329 ","SLB B-C SURYA WIYATA ","JL. CEMPAKA BULAK NO.27 ","JATICEMPAKA ","SWASTA ",SLB,"Kec. Pondokgede","Kota Bekasi","Prov. Jawa Barat"
"3 "," 20258204 ","SLB BC AS-SYAFI`IYAH ","JL JATIWARINGIN NO 8 ","JATICEMPAKA ","SWASTA ",SLB,"Kec. Pondokgede","Kota Bekasi","Prov. Jawa Barat"
"1 "," 20269388 ","SLB A TANMIYAT ","JL. HM. JOYOMARTONO NO 19 ","MARGAHAYU ","SWASTA ",SLB,"Kec. Bekasi Timur","Kota Bekasi","Prov. Jawa Barat"
"2 "," 20218362 ","SLB ABC CITRA MANDALA ","JL.KARANG SATRIA 115 KP.CEREWET ","DUREN JAYA ","SWASTA ",SLB,"Kec. Bekasi Timur","Kota Bekasi","Prov. Jawa Barat"
"3 "," 20231616 ","SLB NEGERI BEKASI JAYA ","JL. MAHONI RAYA NO. 1 PERUMAHAN BEKASI JAYA INDAH BLOK BI B/3 RT.002/09  ","BEKASI JAYA ","NEGERI ",SLB,"Kec. Bekasi Timur","Kota Bekasi","Prov. Jawa Barat"
"1 "," 69758792 ","SLB AGCA CENTER ","JL. PULOPERMATASARI RAYA KAV II NO 2 ","PEKAYON JAYA ","SWASTA ",SLB,"Kec. Bekasi Selatan","Kota Bekasi","Prov. Jawa Barat"
"2 "," 20258182 ","SLB KEMBAR KARYA PEMBANGUNAN ","JALAN MUJAIR I NO 1 PERUMNAS 1 ","KAYURINGINJAYA ","SWASTA ",SLB,"Kec. Bekasi Selatan","Kota Bekasi","Prov. Jawa Barat"
"1 "," 20269706 ","SLB SINAR KASIH ","JL TERATAI III/41 PERUMNAS 1 BEKASI ","JAKA SAMPURNA ","SWASTA ",SDLB,"Kec. Bekasi Barat","Kota Bekasi","Prov. Jawa Barat"
"1 "," 69864718 ","SLB AL - AZHAR ","JL. AL - AZHAR NO 08220  ","MEDAN SATRIA ","SWASTA ",SLB,"Kec. Medan Satria","Kota Bekasi","Prov. Jawa Barat"
"2 "," 20223061 ","SLB CAHAYA PERTIWI ","TAMAN HARAPAN BARU BLOK C4 NO.21-22 MEDAN SATRIA ","MEDAN SATRIA ","SWASTA ",SLB,"Kec. Medan Satria","Kota Bekasi","Prov. Jawa Barat"
"1 "," 20258230 ","SLB-C SANTA LUSIA ","JL. KEMUNING  V ","BOJONG MENTENG ","SWASTA ",SLB,"Kec. Rawalumbu","Kota Bekasi","Prov. Jawa Barat"
"1 "," 20223842 ","SLB B DHARMA ASIH ","JL.BANGAU RAYA ","DEPOK JAYA ","SWASTA ",SLB,"Kec. Pancoran Mas","Kota Depok","Prov. Jawa Barat"
"2 "," 20223822 ","SLB C DHARMA ASIH ","JL.BANGAU RAYA ","DEPOK JAYA ","SWASTA ",SLB,"Kec. Pancoran Mas","Kota Depok","Prov. Jawa Barat"
"3 "," 20333823 ","SLB C1 DHARMA ASIH ","JL.BANGAU RAYA ","DEPOK JAYA ","SWASTA ",SLB,"Kec. Pancoran Mas","Kota Depok","Prov. Jawa Barat"
"1 "," 20267204 ","SLB INSAN MANDIRI DEPOK ","JL.KRUING III NO. 282 RT.08 RW.06 ","BAKTIJAYA ","SWASTA ",SLB,"Kec. Sukmajaya","Kota Depok","Prov. Jawa Barat"
"1 "," 20267206 ","SLB FROBEL MONTESSORI 2 ","JL.PEKAPURAN, NO. 2 RT. 01/07 ","CURUG ","SWASTA ",SLB,"Kec. Cimanggis","Kota Depok","Prov. Jawa Barat"
"1 "," 20267207 ","SLB B MAHARDIKA ","JL.H.FATIMAH,KEMIRI MUKA ","KEMIRI MUKA ","SWASTA ",SLB,"Kec. Beji","Kota Depok","Prov. Jawa Barat"
"2 "," 20260502 ","SLB BCD NUSANTARA ","JL.SEMPU 1 NO. 7 - 8 ","BEJI ","SWASTA ",SLB,"Kec. Beji","Kota Depok","Prov. Jawa Barat"
"3 "," 20267203 ","SLB C MAHARDIKA ","JL. H. FATIMAH NO. 39A RT. 05/ 11 ","KEMIRIMUKA ","SWASTA ",SLB,"Kec. Beji","Kota Depok","Prov. Jawa Barat"
"1 "," 20229818 ","SLB NEGERI KOTA DEPOK ","JL.RAYA CITAYAM, CIPAYUNG ","RATU JAYA ","NEGERI ",SLB,"Kec. Cipayung","Kota Depok","Prov. Jawa Barat"
"1 "," 20223841 ","SLB BINA INSANI ","JL.PARUNG SERAB ","CILODONG ","SWASTA ",SLB,"Kec. Cilodong","Kota Depok","Prov. Jawa Barat"
"1 "," 20223825 ","SLB BC MANUNGGAL BHAKTI ","JL.H.SALEH NO. 1 RT.07 RW 07 ","PANGKALAN JATI ","SWASTA ",SLB,"Kec. Cinere","Kota Depok","Prov. Jawa Barat"
"1 "," 20223824 ","SLB BC BUDI LESTARI ","JL.SUKATANI, KP.CIHERANG ","SUKATANI ","SWASTA ",SLB,"Kec. Tapos","Kota Depok","Prov. Jawa Barat"
"1 "," 69893604 ","SLB B-C ABDI PRATAMA BOJONGSARI ","JL. MAWAR RAYA BUKIT SAWANGAN INDAH BLOK B2 NO.1 RT.017 RW. 003 ","DUREN MEKAR ","SWASTA ",SLB,"Kec. Bojongsari","Kota Depok","Prov. Jawa Barat"
"1 "," 20224140 ","SLB BC ARAS ","JL. KERKHOF KOMPLEK SEKOLAH KIHAPIT  ","LEUWIGAJAH ","SWASTA ",SLB,"Kec. Cimahi Selatan","Kota Cimahi","Prov. Jawa Barat"
"2 "," 20224119 ","SLB BC NURANI ","JL JEND AMIR MACHMUD GG ARSYAD NO 187 ","CIBEUREUM ","SWASTA ",SLB,"Kec. Cimahi Selatan","Kota Cimahi","Prov. Jawa Barat"
"3 "," 20219748 ","SLB C TUT WURI HANDAYANI ","BLOK SUKAMAJU NO. 96 RT 01 RW 06 ","MELONG ","SWASTA ",SLB,"Kec. Cimahi Selatan","Kota Cimahi","Prov. Jawa Barat"
"1 "," 20224116 ","SLB BC YATIRA ","JL. K.H. USMAN DHOMIRI 191 A ","PADASUKA ","SWASTA ",SLB,"Kec. Cimahi Tengah","Kota Cimahi","Prov. Jawa Barat"
"2 "," 20270931 ","SLB NEGERI 2 SENTRA PKPLK ","JL. DRA. HJ.  DJULAEHA KARMITA NO.3  ","CIMAHI ","NEGERI ",SLB,"Kec. Cimahi Tengah","Kota Cimahi","Prov. Jawa Barat"
"1 "," 20229248 ","SLB B PRIMA BHAKTI MULIA ","JL. BUDHI NO. 123 ","PASIRKALIKI ","SWASTA ",SLB,"Kec. Cimahi Utara","Kota Cimahi","Prov. Jawa Barat"
"2 "," 20247214 ","SLB MUKTI ASIH ","JL. MARTASIK NO. 24  ","CIPAGERAN ","SWASTA ",SLB,"Kec. Cimahi Utara","Kota Cimahi","Prov. Jawa Barat"
"3 "," 58570036 ","SLB NEGERI A CITEUREUP ","JL. SUKARASA NO. 40 ","CITEUREUP ","NEGERI ",SLB,"Kec. Cimahi Utara","Kota Cimahi","Prov. Jawa Barat"
"4 "," 20224118 ","SLB PAMBUDI DHARMA 1 ","JL.KOLONEL MASTURI KM 03 ","CIPAGERAN ","SWASTA ",SLB,"Kec. Cimahi Utara","Kota Cimahi","Prov. Jawa Barat"
"1 "," 20276107 ","SLB NEGERI TAMANSARI ","JL. CIDAHU GOBRAS ","TAMANJAYA ","NEGERI ",SLB,"Kec. Tamansari","Kota Tasikmalaya","Prov. Jawa Barat"
"1 "," 20251822 ","SLB AISYIYAH KAWALU ","JL. PERINTIS KEMERDEKAAN ","KARSAMENAK ","SWASTA ",SLB,"Kec. Kawalu","Kota Tasikmalaya","Prov. Jawa Barat"
"1 "," 20251803 ","SLB YAYASAN PENDIDIKAN PATRIOT ","JL. LETJEN IBRAHIM ADJIE (BLK MASJID KAUM AL-ROSYAD) INDIHIANG ","INDIHIANG ","SWASTA ",SLB,"Kec. Indihiang","Kota Tasikmalaya","Prov. Jawa Barat"
"1 "," 20251827 ","SLB ABC ARGASARI LESTARI ","JL. CIEUNTEUNG GEDE BLKG. NO.28 ","ARGASARI ","SWASTA ",SLB,"Kec. Cihideung","Kota Tasikmalaya","Prov. Jawa Barat"
"2 "," 20251804 ","SLB ABC YAYASAN INSAN SEJAHTERA ","JL. BANTAR NO. 112 A ","ARGASARI ","SWASTA ",SLB,"Kec. Cihideung","Kota Tasikmalaya","Prov. Jawa Barat"
"1 "," 20251092 ","SLB YAYASAN BAHAGIA ","JL. TAMAN PAHLAWAN NO. 20 ","CIKALANG ","SWASTA ",SLB,"Kec. Tawang","Kota Tasikmalaya","Prov. Jawa Barat"
"1 "," 20267661 ","SLB ABC PUTRA PASUNDAN 1 ","JALAN GOTONG ROYONG ","MEKARSARI ","SWASTA ",SLB,"Kec. Banjar","Kota Banjar","Prov. Jawa Barat"
"2 "," 69786620 ","SLB DARUL ISHLAH ","JL. LAPANG DUSUN WARUNG BUAH RT/RW. 31/16 KEC. BANJAR KOTA BANJAR ","BANJAR ","SWASTA ",SLB,"Kec. Banjar","Kota Banjar","Prov. Jawa Barat"
"1 "," 60729212 ","SLB MEKAR MANDIRI BATULAWANG ","DUSUN TUNDAGAN RT 19 RW 06 ","BATULAWANG ","SWASTA ",SLB,"Kec. Pataruman","Kota Banjar","Prov. Jawa Barat"
"2 "," 60724655 ","SLB NEGERI BANJAR ","JLN.JELAT-PATARUMAN ","PATARUMAN ","NEGERI ",SLB,"Kec. Pataruman","Kota Banjar","Prov. Jawa Barat"
"1 "," 60724654 ","SLB PUTRA PASUNDAN 2 ","JALAN PAHLAWAN ","MUKTISARI ","SWASTA ",SLB,"Kec. Langensari","Kota Banjar","Prov. Jawa Barat"
