No.,NPSN,"Nama Satuan Pendidikan",Alamat,Kelurahan,Status,"Bentuk Pendidikan",Kecamatan,Kabupaten/Kota,Provinsi
"1 "," 60103471 ","SLB N HARURU ","JLN SALAIKU NO 10 HARURU ","HARURU ","NEGERI ",SLB,"Kec. Amahai","Kab. Maluku Tengah","Prov. Maluku"
"1 "," 60100722 ","SLB NEGERI MASOHI ","JL. NURI  RT. 14 ","NAMAELO ","NEGERI ",SLB,"Kec. Masohi","Kab. Maluku Tengah","Prov. Maluku"
"1 "," 69862415 ","SLB NEGERI LANGGUR ","OHOIJANG ","KEL. OHOIJANG WATDEK ","NEGERI ",SLB,"Kec. Kei Kecil","Kab. Maluku Tenggara","Prov. Maluku"
"1 "," 60103980 ","SLB NEGERI MARLOSO ","MARLOSO ","SANLEKO ","NEGERI ",SLB,"Kec. Namlea","Kab. Buru","Prov. Maluku"
"1 "," 60102350 ","SLBS KARTINI SAUMLAKI ","KOMPLEKS MISI - SAUMLAKI ","SAUMLAKI ","SWASTA ",SLB,"Kec. Tanimbar Selatan","Kab. Maluku Tenggara Barat","Prov. Maluku"
"1 "," 69886254 ","SLB NEGERI PIRU ","DESA PIRU ","PIRU ","NEGERI ",SLB,"Kec. Seram Barat","Kab. Seram Bagian Barat","Prov. Maluku"
"1 "," 69984910 ","SLB NEGERI ARU ","JL. PEMDA I DOBO ","SIWALIMA ","NEGERI ",SLB,"Kec. Pulau-Pulau Aru","Kab. Kepulauan Aru","Prov. Maluku"
"1 "," 69786774 ","SLB NEGERI NAMROLE ","JALAN LATPER NAMROLE ","- ","NEGERI ",SLB,"Kec. Namrole","Kab. Buru Selatan","Prov. Maluku"
"1 "," 69786770 ","SLB ABCD LELEANI 2 ","JL. HATIARI ","LATUHALAT ","SWASTA ",SLB,"Kec. Nusaniwe","Kota Ambon","Prov. Maluku"
"1 "," 60102579 ","SLB NEGERI BATU MERAH AMBON ","JL.RAYA KEBUN CENGKEH TANAH RATA RT.003 RW.08  ","BATU MERAH ","NEGERI ",SLB,"Kec. Sirimau","Kota Ambon","Prov. Maluku"
"2 "," 60102576 ","SLB-B KARYA KASIH ","JL. KEPERTIS KARANG PANJANG ","KARANG PANJANG ","SWASTA ",SLB,"Kec. Sirimau","Kota Ambon","Prov. Maluku"
"3 "," 60102577 ","SLBS ABC LELEANI 1 AMBON ","JLN. CENDRAWASIH NO 24 AMBON ","KEL RIJALI ","SWASTA ",SLB,"Kec. Sirimau","Kota Ambon","Prov. Maluku"
"1 "," 69922550 ","SLB PELITA KASIH ","JLN MR. CHR. SOPLANIT ","RUMAH TIGA ","SWASTA ",SLB,"Kec. Teluk Ambon ","Kota Ambon","Prov. Maluku"
"1 "," 60102578 ","SLB NEGERI KOTA AMBON ","JL. SEDAP MALAM NANIA ATAS ","NANIA ","NEGERI ",SLB,"Kec. Baguala","Kota Ambon","Prov. Maluku"
