No.,NPSN,"Nama Satuan Pendidikan",Alamat,Kelurahan,Status,"Bentuk Pendidikan",Kecamatan,Kabupaten/Kota,Provinsi
"1 "," 50100406 ","SLB NEGERI 1 BULELENG ","JALAN VETERAN NO 11 A SINGARAJA ","KENDRAN ","NEGERI ",SLB,"Kec. Buleleng","Kab. Buleleng","Prov. Bali"
"2 "," 50100405 ","SLB NEGERI 2 BULELENG ","JALAN SAMUDRA NO. 6 SINGARAJA ","BANYUASRI ","NEGERI ",SLB,"Kec. Buleleng","Kab. Buleleng","Prov. Bali"
"1 "," 50100923 ","SLB NEGERI 1 JEMBRANA ","JLN. SEDAP MALAM NEGARA ","BALER BALE AGUNG ","NEGERI ",SLB,"Kec. Negara","Kab. Jembrana","Prov. Bali"
"1 "," 50101191 ","SLB C KEMALA BHAYANGKARI ","JL. DENPASAR GILIMANUK ","SEMBUNG GEDE ","SWASTA ",SLB,"Kec. Kerambitan","Kab. Tabanan","Prov. Bali"
"1 "," 50101189 ","SLB NEGERI 1 TABANAN ","JL. P. BATAM NO. 40 TABANAN ","DAUH PEKEN ","NEGERI ",SLB,"Kec. Tabanan","Kab. Tabanan","Prov. Bali"
"1 "," 50101771 ","SLB D YPAC CABANG BALI-TKSDSMP ","JL. BY PASS NGRH.RAI KM 30 ","JIMBARAN ","SWASTA ",SLB,"Kec. Kuta Selatan","Kab. Badung","Prov. Bali"
"2 "," 50101664 ","SLB NEGERI 1 BADUNG ","JL BY PASS NGURAH RAI JIMBARAN ","JIMBARAN ","NEGERI ",SLB,"Kec. Kuta Selatan","Kab. Badung","Prov. Bali"
"1 "," 50102159 ","SLB NEGERI 1 GIANYAR ","JL ERLANGGA ","GIANYAR ","NEGERI ",SLB,"Kec. Gianyar","Kab. Gianyar","Prov. Bali"
"1 "," 50102415 ","SLB NEGERI 1 KLUNGKUNG ","JL. DEWI SARTIKA NO. 5 ","SEMARAPURA TENGAH ","NEGERI ",SLB,"Kec. Klungkung","Kab. Klungkung","Prov. Bali"
"1 "," 50102615 ","SLB NEGERI 1 BANGLI ","JLN. ERLANGGA NO. 16 A BANGLI ","CEMPAGA ","NEGERI ",SLB,"Kec. Bangli","Kab. Bangli","Prov. Bali"
"1 "," 50103358 ","SLB NEGERI 1 KARANGASEM ","JL NENAS ","SUBAGAN ","NEGERI ",SLB,"Kec. Karangasem","Kab. Karang Asem","Prov. Bali"
"1 "," 50103655 ","SLB NEGERI 2 DENPASAR ","JLN.PENDIDIKAN NO 26 DENPASAR SELATAN ","SIDAKARYA ","NEGERI ",SLB,"Kec. Denpasar Selatan","Kota Denpasar","Prov. Bali"
"1 "," 50103060 ","SLB NEGERI 1 DENPASAR ","JL.SERMA GEDE NO 11 SANGLAH DPS. ","DAUH PURI KLOD ","NEGERI ",SLB,"Kec. Denpasar Barat","Kota Denpasar","Prov. Bali"
"1 "," 69995757 ","SLB NEGERI 3 DENPASAR ","JL. MARUTI NO.10, PEMECUTAN KAJA, KEC. DENPASAR UTARA, KOTA DENPASAR, BALI 80111 ","PEMECUTAN KAJA ","NEGERI ",SLB,"Kec. Denpasar Utara","Kota Denpasar","Prov. Bali"
