No.,NPSN,"Nama Satuan Pendidikan",Alamat,Kelurahan,Status,"Bentuk Pendidikan",Kecamatan,Kabupaten/Kota,Provinsi
"1 "," 60300354 ","SLB ABC TUNAS HARAPAN ","JLN BTN DALAM RIDGE 1 BIAK ","BRAMBAKEN ","SWASTA ",SLB,"Kec. Samofa","Kab. Biak Numfor","Prov. Papua"
"2 "," 69888926 ","SLB NEGERI SAIRERI BIAK ","JLN YAFDAS UTARA ","SAMOFA ","NEGERI ",SLB,"Kec. Samofa","Kab. Biak Numfor","Prov. Papua"
"1 "," 69787837 ","SDLB SUP BYAKI FYADI  ","KEL. BRAMBAKEN ","TIDAK DIISI ","SWASTA ",SDLB,"Kec. Samofa","Kab. Biak Numfor","Prov. Papua"
"1 "," 60301358 ","SLB NEGERI SERUI ","JL. STEVANUS RUMBEWAS ","SERUI KOTA ","NEGERI ",SLB,"Kec. Yapen Selatan","Kab. Kepulauan Yapen","Prov. Papua"
"1 "," 60302713 ","SLB NEGERI ANIM HA MERAUKE ","JL. BIANKUK ","KARANG INDAH ","NEGERI ",SLB,"Kec. Merauke","Kab. Merauke","Prov. Papua"
"1 "," 60303812 ","SLB PETRA NABIRE ","JL. PETRA KELURAHAN SIRIWINI NABIRE 98818 ","SIRIWINI ","SWASTA ",SLB,"Kec. Nabire","Kab. Nabire","Prov. Papua"
"1 "," 69929961 ","SEKOLAH LUAR BIASA (SLB) NEGERI MIMIKA ","SEKOLAH LUAR BIASA (SLB) NEGERI MIMIKA ","MINABUA ","NEGERI ",SLB,"Kec. Mimika Baru","Kab. Mimika","Prov. Papua"
"1 "," 69967022 ","SLB NEGERI URI -WAREN ","KAMPUNG URI WAREN ","URI ","NEGERI ",SLB,"Kec. Waropen Bawah","Kab. Waropen","Prov. Papua"
"1 "," 60301021 ","SLB NEGERI 1 JAYAPURA ","JLN. RAYA ABEPURA KOTARAJA JAYAPURA ","WAI MHOROCK ","NEGERI ",SLB,"Kec. Abepura","Kota Jayapura","Prov. Papua"
"1 "," 60301020 ","SLB NEGERI PEMBINA  PROVINSI PAPUA ","JL. BUPER WAENA   ","WAENA ","NEGERI ",SLB,"Kec. Heram","Kota Jayapura","Prov. Papua"
