No.,NPSN,"Nama Satuan Pendidikan",Alamat,Kelurahan,Status,"Bentuk Pendidikan",Kecamatan,Kabupaten/Kota,Provinsi
"1 "," 69993048 ","SLB ABCD MUTIARA NUSANTARA ","DR WAHIDIN ","SINDANGSARI ","SWASTA ",SLB,"Kec. Majenang","Kab. Cilacap","Prov. Jawa Tengah"
"1 "," 69953739 ","SLB DARUSSALAM ","JL RAYA CIPOROS KARANGPUCUNG ","CIPOROS ","SWASTA ",SLB,"Kec. Karangpucung","Kab. Cilacap","Prov. Jawa Tengah"
"1 "," 69934668 ","SLB PUTRA MANDIRI KAWUNGANTEN ","JAYAGIRI RT 08 RW 02 ","BOJONG ","SWASTA ",SLB,"Kec. Kawunganten","Kab. Cilacap","Prov. Jawa Tengah"
"1 "," 20341065 ","SLB NEGERI KROYA ","JL JEND SUDIRMAN  ","KROYA ","NEGERI ",SLB,"Kec. Kroya","Kab. Cilacap","Prov. Jawa Tengah"
"1 "," 69934283 ","SEKOLAH KHUSUS TERPADU AL BANUN ","DS TEGALKAMULYAN, JL. BARUNA RAYA NO 04 RT 06 RW 16 ","TEGALKAMULYAN ","SWASTA ",SLB,"Kec. Cilacap Selatan","Kab. Cilacap","Prov. Jawa Tengah"
"1 "," 69896648 ","TKLB AL BANUN ","JL. BARUNA RAYA NO 4 RT. 06 RW. 16 ","TEGALKAMULYAN ","SWASTA ",TKLB,"Kec. Cilacap Selatan","Kab. Cilacap","Prov. Jawa Tengah"
"1 "," 20300782 ","SLB NEGERI CILACAP ","JALAN KETAPANG NO. 5 ","GUMILIR ","NEGERI ",SLB,"Kec. Cilacap Utara","Kab. Cilacap","Prov. Jawa Tengah"
"1 "," 20330395 ","SLB ABCD KUNCUP MAS BANYUMAS ","GG SUDIRMAN NO 46 RT 02 RW 01 ","SUDAGARAN ","SWASTA ",SLB,"Kec. Banyumas","Kab. Banyumas","Prov. Jawa Tengah"
"1 "," 20330440 ","SLB C DAN C1 YAKUT PURWOKERTO ","JL. PAHLAWAN GG.VIII ","TANJUNG ","SWASTA ",SLB,"Kec. Purwokerto Selatan","Kab. Banyumas","Prov. Jawa Tengah"
"1 "," 20302162 ","SLB B YAKUT PURWOKERTO ","JL. KOLONEL SUGIRI 10 KRANJI PWT. TIMUR ","KRANJI ","SWASTA ",SLB,"Kec. Purwokerto Timur","Kab. Banyumas","Prov. Jawa Tengah"
"1 "," 20303631 ","SLB N PURBALINGGA ","JL. KRIDA MULYA I ","KEMBARAN KULON ","NEGERI ",SLB,"Kec. Purbalingga","Kab. Purbalingga","Prov. Jawa Tengah"
"2 "," 69963070 ","SLB PURBA ADHI SUTA ","JL. LETJEND S. PARMAN NO. 19 B  ","PURBALINGGA WETAN ","SWASTA ",SLB,"Kec. Purbalingga","Kab. Purbalingga","Prov. Jawa Tengah"
"1 "," 20304587 ","SLB NEGERI MANDIRAJA ","JL.  DESA KEBAKALAN KECAMATAN MANDIRAJA KABUPATEN BANJARNEGARA ","KEBAKALAN ","NEGERI ",SLB,"Kec. Mandiraja","Kab. Banjarnegara","Prov. Jawa Tengah"
"1 "," 20341341 ","SMPLB YPAB BARAMAS MANDIRAJA ","DESA KEBAKALAN, RT.03/IV KEC. MANDIRAJA ","KEBAKALAN ","SWASTA ",SMPLB,"Kec. Mandiraja","Kab. Banjarnegara","Prov. Jawa Tengah"
"1 "," 20353623 ","SLB NEGERI BANJARNEGARA ","JL RAYA KENTENG REJASA ","REJASA ","NEGERI ",SLB,"Kec. Madukara","Kab. Banjarnegara","Prov. Jawa Tengah"
"1 "," 69966305 ","SDLB PGRI 1 PREMBUN KEBUMEN ","DS. PREMBUN ","PREMBUN ","SWASTA ",SDLB,"Kec. Prembun","Kab. Kebumen","Prov. Jawa Tengah"
"1 "," 20305261 ","SLB NEGERI TAMANWINANGUN KEBUMEN ","JL KEJAYAN 38 ","TAMANWINANGUN ","NEGERI ",SLB,"Kec. Kebumen","Kab. Kebumen","Prov. Jawa Tengah"
"2 "," 20305073 ","SLB PUTRA PERTIWI ","TAMANWINANGUN KEBUMEN ","TAMANWINANGUN ","SWASTA ",SLB,"Kec. Kebumen","Kab. Kebumen","Prov. Jawa Tengah"
"1 "," 20305262 ","SLB ABC PUTRA MANUNGGAL ","GANG SERAYU III/V ","PATEMON ","SWASTA ",SLB,"Kec. Gombong","Kab. Kebumen","Prov. Jawa Tengah"
"2 "," 20305310 ","SLB BUDI ASIH ","KEMUKUS, GOMBONG ","KEMUKUS ","SWASTA ",SLB,"Kec. Gombong","Kab. Kebumen","Prov. Jawa Tengah"
"1 "," 69761865 ","SPKH NEGERI KARANGANYAR ","KARANGANYAR, KEBUMEN ","PLARANGAN ","NEGERI ",SLB,"Kec. Karanganyar","Kab. Kebumen","Prov. Jawa Tengah"
"1 "," 20341493 ","SLB MUHAMMADIYAH ","JL YUDODIPURAN NO 1 ","SINDURJAN ","SWASTA ",SLB,"Kec. Purworejo","Kab. Purworejo","Prov. Jawa Tengah"
"2 "," 20362625 ","SLB NEGERI PURWOREJO ","CANGKREP LOR ","CANGKREP LOR ","NEGERI ",SLB,"Kec. Purworejo","Kab. Purworejo","Prov. Jawa Tengah"
"1 "," 20306196 ","SLB KARYA BHAKTI ","JL. JOGYA KM 4 ","BOROWETAN ","SWASTA ",SLB,"Kec. Banyu Urip","Kab. Purworejo","Prov. Jawa Tengah"
"1 "," 20361360 ","SLB C BUDI ASIH ","JL. PURWOREJO, DUSUN MADUSARI ","MADURETNO ","SWASTA ",SLB,"Kec. Kalikajar","Kab. Wonosobo","Prov. Jawa Tengah"
"1 "," 20331791 ","SLB DENA UPAKARA ","JL MANGLI NO 5 ","WONOSOBO BARAT ","SWASTA ",SLB,"Kec. Wonosobo","Kab. Wonosobo","Prov. Jawa Tengah"
"2 "," 20306928 ","SLB KARYA BAKTI WONOSOBO ","JL SAMBEK NO 33 ","KEL. WONOSOBO ","SWASTA ",SLB,"Kec. Wonosobo","Kab. Wonosobo","Prov. Jawa Tengah"
"1 "," 20307668 ","SLB BINA KASIH ","SRUMBUNG KRAJAN ","SRUMBUNG ","SWASTA ",SLB,"Kec. Srumbung","Kab. Magelang","Prov. Jawa Tengah"
"1 "," 20307667 ","SLB MAARIF MUNTILAN ","DALITAN ","PUCUNGREJO ","SWASTA ",SLB,"Kec. Muntilan","Kab. Magelang","Prov. Jawa Tengah"
"1 "," 20307665 ","SLB-C RINDANG KASIH ","JL. RAYA SECANG ","MADUSARI ","SWASTA ",SLB,"Kec. Secang","Kab. Magelang","Prov. Jawa Tengah"
"1 "," 20354290 ","SLB ABCD YPALB CEPOGO ","JL. RAYA CEPOGO ","CEPOGO ","SWASTA ",SLB,"Kec. Cepogo","Kab. Boyolali","Prov. Jawa Tengah"
"1 "," 20308647 ","SLB B-C YPCM BOYOLALI ","JLN. MERAPI NO.38 ","PULISEN ","SWASTA ",SLB,"Kec. Boyolali","Kab. Boyolali","Prov. Jawa Tengah"
"2 "," 20308746 ","SLB N BOYOLALI ","BANGUN HARJO RT 04 RW 02 ","PULISEN ","NEGERI ",SLB,"Kec. Boyolali","Kab. Boyolali","Prov. Jawa Tengah"
"1 "," 20337837 ","SLB ABC YKAB PULISEN BOYOLALI ","POMAH RT 11 RW 01 RANDUSARI TERAS BOYOLALI ","RANDUSARI ","SWASTA ",SLB,"Kec. Teras","Kab. Boyolali","Prov. Jawa Tengah"
"1 "," 20354160 ","SLB BC MITRA AMANDA ","JL. BANGAK-SIMO, BANYUDONO ","TRAYU ","SWASTA ",SLB,"Kec. Banyudono","Kab. Boyolali","Prov. Jawa Tengah"
"2 "," 20308610 ","SLB YPCM BANYUDONO ","JL.PENGGING ","BANYUDONO ","SWASTA ",SLB,"Kec. Banyudono","Kab. Boyolali","Prov. Jawa Tengah"
"1 "," 20364870 ","SLB ABCD DIAN PUTRA BANGSA ","TRANTANG RT. 03 RW.01, DEMANGAN, SAMBI ","DEMANGAN ","SWASTA ",SLB,"Kec. Sambi","Kab. Boyolali","Prov. Jawa Tengah"
"1 "," 20308608 ","SLB B-C YPPS NGEMPLAK ","TEGALAN RT 03 RW 06 ","DONOHUDAN ","SWASTA ",SLB,"Kec. Ngemplak","Kab. Boyolali","Prov. Jawa Tengah"
"1 "," 20308629 ","SLB ABCD TUNAS PEMBANGUNAN 1 ","JL. RAYA NOGOSARI-KALIOSO KM.1 ","REMBUN ","SWASTA ",SLB,"Kec. Nogosari","Kab. Boyolali","Prov. Jawa Tengah"
"2 "," 20308628 ","SLB ABCD TUNAS PEMBANGUNAN 2 ","JL RAYA PANASAN BARU NOGOSARI KM 1, 5 ","KENTENG ","SWASTA ",SLB,"Kec. Nogosari","Kab. Boyolali","Prov. Jawa Tengah"
"1 "," 20308648 ","SLB ABCD BAKTI SOSIAL ","SIMO BOYOLALI ","BENDUNGAN ","SWASTA ",SLB,"Kec. Simo","Kab. Boyolali","Prov. Jawa Tengah"
"1 "," 20309736 ","SLB C YPAALB PRAMBANAN KLATEN ","JL. SARI HUSADA NO. 3 ","KEMUDO ","SWASTA ",SLB,"Kec. Prambanan","Kab. Klaten","Prov. Jawa Tengah"
"1 "," 20309708 ","SLB BC BHAKTI PUTERA BAHAGIA ","BAYANAN ","GESIKAN ","SWASTA ",SLB,"Kec. Gantiwarno","Kab. Klaten","Prov. Jawa Tengah"
"1 "," 20340690 ","SLB BC YKGR BAYAT ","BELUK ","BELUK ","SWASTA ",SLB,"Kec. Bayat","Kab. Klaten","Prov. Jawa Tengah"
"1 "," 20309737 ","SLB BC PANCA BHAKTI MULIA ","KLATEN ","NANGGULAN ","SWASTA ",SLB,"Kec. Cawas","Kab. Klaten","Prov. Jawa Tengah"
"1 "," 69966505 ","SLB BUNGA CIKAL MANDIRI ","UTARA DUKUH NGENTAK ","NGEMPLAK ","SWASTA ",SLB,"Kec. Kalikotes","Kab. Klaten","Prov. Jawa Tengah"
"1 "," 20362104 ","SLB BC YASWARA ","JL. RAYA YOGYA - SOLO KM. 24 ","KARANGDUKUH ","SWASTA ",SLB,"Kec. Jogonalan","Kab. Klaten","Prov. Jawa Tengah"
"1 "," 20354493 ","SLB CB BINA TARUNA ","JL. MANISRENGGO KM.2, TEMUREJO ","BARUKAN ","SWASTA ",SLB,"Kec. Manisrenggo","Kab. Klaten","Prov. Jawa Tengah"
"1 "," 20309723 ","SLB BC DHARMA ANAK BANGSA ","JL. KARANGWUNI - PEDAN ","KURUNG ","SWASTA ",SLB,"Kec. Ceper","Kab. Klaten","Prov. Jawa Tengah"
"1 "," 69966263 ","SLB BINA KARYA MUTIARA KLATEN ","JUWIRING PASAR, RT 001 RW 002  ","JUWIRING ","SWASTA ",SLB,"Kec. Juwiring","Kab. Klaten","Prov. Jawa Tengah"
"1 "," 20309724 ","SLB BINADSIH ","JURANGJERO KARANGANOM KLATEN ","JURANGJERO ","SWASTA ",SLB,"Kec. Karanganom","Kab. Klaten","Prov. Jawa Tengah"
"1 "," 20354546 ","SLB PUTRO OYOTASIH JATINOM ","GEDAREN ","GEDAREN ","SWASTA ",SLB,"Kec. Jatinom","Kab. Klaten","Prov. Jawa Tengah"
"1 "," 20309711 ","SLB A YAAT KLATEN ","JL. ANGSANA TRUNUH, KLATEN SELATAN, KLATEN, JAWA TENGAH ","TRUNUH ","SWASTA ",SLB,"Kec. Klaten Selatan","Kab. Klaten","Prov. Jawa Tengah"
"2 "," 20309710 ","SLB B YAAT ","BENDOGANTUNGAN SUMBEREJO ","SUMBEREJO ","SWASTA ",SLB,"Kec. Klaten Selatan","Kab. Klaten","Prov. Jawa Tengah"
"3 "," 20309709 ","SLB-CC1 SHANTI YOGA ","JL. MERAPI NO 1A KLATEN ","GAYAMPRIT ","SWASTA ",SLB,"Kec. Klaten Selatan","Kab. Klaten","Prov. Jawa Tengah"
"1 "," 20331024 ","SLB ABC TAWANGSARI ","DUKUH TEGALREJO RT 01/06 ","KATEGUHAN ","SWASTA ",SLB,"Kec. Tawangsari","Kab. Sukoharjo","Prov. Jawa Tengah"
"1 "," 69947860 ","SLB FADHILAH UMMAH SUKOHARJO ","DK. MUPUSAN RT 1 RW 10 GENTAN BENDOSARI SUKOHARJO ","GENTAN ","SWASTA ",SLB,"Kec. Bendosari","Kab. Sukoharjo","Prov. Jawa Tengah"
"2 "," 20310489 ","SLB HAMONG PUTRO JOMBOR ","JLN. FORTUNA JOMBOR RT 03 RW 08 BENDOSARI SUKOHARJO ","JOMBOR ","SWASTA ",SLB,"Kec. Bendosari","Kab. Sukoharjo","Prov. Jawa Tengah"
"1 "," 20310488 ","SLB ABCD YSD POLOKARTO ","JL. GLONDONGAN MULUR, DUKUH TEGAL ASRI RT 5 RW 7 ","MRANGGEN ","SWASTA ",SLB,"Kec. Polokarto","Kab. Sukoharjo","Prov. Jawa Tengah"
"1 "," 69969976 ","SLB TUNA RUNGU WICARA DAN TUNA GRAHITA BINA INSAN MANDIRI MOJOLABAN ","DK. KEMPLONG RT 04/VI ","CANGKOL ","SWASTA ",SLB,"Kec. Mojolaban","Kab. Sukoharjo","Prov. Jawa Tengah"
"1 "," 20310491 ","SLB B-C YPAALB LANGENHARJO ","TEGALSARI RT 04/RW V ","LANGENHARJO ","SWASTA ",SLB,"Kec. Grogol","Kab. Sukoharjo","Prov. Jawa Tengah"
"1 "," 20310492 ","SLB NEGERI SUKOHARJO ","DALANGAN RT 02 RW 02 KLASEMAN GATAK SUKOHARJO KODE POS 57557 ","KLASEMAN ","NEGERI ",SLB,"Kec. Gatak","Kab. Sukoharjo","Prov. Jawa Tengah"
"1 "," 69984775 ","SLB BESTARI ASIH ","SAWAHAN ","SEDAYU ","SWASTA ",SLB,"Kec. Pracimantoro","Kab. Wonogiri","Prov. Jawa Tengah"
"1 "," 20360667 ","SLB SULAISA TIRTOMOYO ","SEMBUNG ","TIRTOMOYO ","SWASTA ",SLB,"Kec. Tirtomoyo","Kab. Wonogiri","Prov. Jawa Tengah"
"1 "," 20311356 ","SLB MULATSARIRA BATURETNO ","JL. SOLO-BATURETNO NO.52 BATURETNO KAB. WONOGIRI, JAWA TENGAH ","BATURETNO ","SWASTA ",SLB,"Kec. Baturetno","Kab. Wonogiri","Prov. Jawa Tengah"
"1 "," 20311354 ","SLB BC YSBPD WURYANTORO ","BENDUNGAN ","GENUKHARJO ","SWASTA ",SLB,"Kec. Wuryantoro","Kab. Wonogiri","Prov. Jawa Tengah"
"1 "," 20341385 ","SLB ABC GIRI WIYATA DHARMA ","JL. GURAMI 3 PENCIL ","WURYOREJO ","SWASTA ",SLB,"Kec. Wonogiri","Kab. Wonogiri","Prov. Jawa Tengah"
"2 "," 20341066 ","SLB NEGERI WONOGIRI ","JOHO LOR RT 02 RW 05 ","GIRIWONO ","NEGERI ",SLB,"Kec. Wonogiri","Kab. Wonogiri","Prov. Jawa Tengah"
"1 "," 20311336 ","SLB BC YMS WONOGIRI DI NGADIROJO ","JL. WONOGIRI-PONOROGO KM 5 ","NGADIROJO LOR ","SWASTA ",SLB,"Kec. Ngadirojo","Kab. Wonogiri","Prov. Jawa Tengah"
"1 "," 69824915 ","SLB NEGERI PURWANTORO ","DESA PURWANTORO RT 01 RW 05 ","PURWANTORO ","NEGERI ",SLB,"Kec. Purwantoro","Kab. Wonogiri","Prov. Jawa Tengah"
"1 "," 69984839 ","SLB MANDIRI PUTRA ","RANDUSARI ","JUMAPOLO ","SWASTA ",SLB,"Kec. Jumapolo","Kab. Karanganyar","Prov. Jawa Tengah"
"1 "," 69967051 ","SLB YAYASAN ADI WALUYO KARANGANYAR ","DUSUN KLUMPIT RT 01/02 ","DAWUNG ","SWASTA ",SLB,"Kec. Matesih","Kab. Karanganyar","Prov. Jawa Tengah"
"1 "," 20312190 ","SLB B YPALB KARANGANYAR ","JL. LAWU NO. 80 B KARANGANYAR ","BEJEN  ","SWASTA ",SLB,"Kec. Karanganyar","Kab. Karanganyar","Prov. Jawa Tengah"
"2 "," 20353881 ","SLB BINA KARYA INSANI ","JL. FLAMBOYAN, TEGALARUM ","CANGAKAN ","SWASTA ",SLB,"Kec. Karanganyar","Kab. Karanganyar","Prov. Jawa Tengah"
"3 "," 20340980 ","SLB C YPALB KARANGANYAR ","JL LAWU NO 80 B KARANGANYAR ","BEJEN ","SWASTA ",SLB,"Kec. Karanganyar","Kab. Karanganyar","Prov. Jawa Tengah"
"4 "," 20312207 ","SLB N CANGAKAN KARANGANYAR ","JL. KAPTEN MULYADIKOMPLEK PERKANTORAN KAB. KARANGANYAR ","CANGAKAN ","NEGERI ",SLB,"Kec. Karanganyar","Kab. Karanganyar","Prov. Jawa Tengah"
"1 "," 69759018 ","SLB B,C,D,AUTIS YPALB ","SROYO RT 05 RW 09 SROYO JATEN KARANGANYAR ","SROYO ","SWASTA ",SLB,"Kec. Jaten","Kab. Karanganyar","Prov. Jawa Tengah"
"2 "," 20340979 ","SLB-B PAWESTRI JATEN ","JL. DEMANG SUTO SETIKO  ","JATI ","SWASTA ",SLB,"Kec. Jaten","Kab. Karanganyar","Prov. Jawa Tengah"
"1 "," 69982719 ","SLB ANUGERAH ","KEPOH ","TOHUDAN ","SWASTA ",SLB,"Kec. Colomadu","Kab. Karanganyar","Prov. Jawa Tengah"
"2 "," 20353882 ","SLB NEGERI COLOMADU ","KLEGEN RT 06 RW 08 ","MALANGJIWAN ","NEGERI ",SLB,"Kec. Colomadu","Kab. Karanganyar","Prov. Jawa Tengah"
"3 "," 69774755 ","SLBS MITRA ANANDA ","JL. LU. ADISUCIPTO KM 7 COLOMADU, KARANGANYAR JAWA TENGAH ","PAULAN ","SWASTA ",SLB,"Kec. Colomadu","Kab. Karanganyar","Prov. Jawa Tengah"
"1 "," 20312199 ","SLB - CG BINA SEJAHTERA ","DK. PANCURAN ","SELOKATON ","SWASTA ",SLB,"Kec. Gondangrejo","Kab. Karanganyar","Prov. Jawa Tengah"
"2 "," 20312198 ","SLB B-C YPASP GONDANGREJO ","JLN SOLO - PURWODADI KM 6  ","WONOREJO ","SWASTA ",SLB,"Kec. Gondangrejo","Kab. Karanganyar","Prov. Jawa Tengah"
"1 "," 69958859 ","SLB RAHMAWATI KHOLID ","KUTO RT.03/01, KUTO, KERJO, KARANGANYAR ","KUTO ","SWASTA ",SLB,"Kec. Kerjo","Kab. Karanganyar","Prov. Jawa Tengah"
"1 "," 20313056 ","SLB-BC KARYA SEJAHTERA ","KARANGANYAR RT 05 ","KARANGANYAR  ","SWASTA ",SLB,"Kec. Plupuh","Kab. Sragen","Prov. Jawa Tengah"
"1 "," 69933748 ","SLB SARI UTAMA ","JL.MASARAN-GEMOLONG KM.3 SARI RT.05/02 ","PRINGANOM ","SWASTA ",SLB,"Kec. Masaran","Kab. Sragen","Prov. Jawa Tengah"
"1 "," 20313055 ","SLB BC PUTRA HARAPAN ","JLN. RAYA GONDANG NO.100 ","GONDANG ","SWASTA ",SLB,"Kec. Gondang","Kab. Sragen","Prov. Jawa Tengah"
"1 "," 20313054 ","SLB N SRAGEN ","KALIBENING, DESA TEMPEL ","KROYO ","NEGERI ",SLB,"Kec. Karangmalang","Kab. Sragen","Prov. Jawa Tengah"
"1 "," 20354060 ","SLB BC BAGASKARA ","JL. MAWAR NO 469  ","SRAGEN KULON ","SWASTA ",SLB,"Kec. Sragen","Kab. Sragen","Prov. Jawa Tengah"
"1 "," 20352219 ","SLB B YPSLB GEMOLONG ","BALAK ","TEGALDOWO ","SWASTA ",SLB,"Kec. Gemolong","Kab. Sragen","Prov. Jawa Tengah"
"2 "," 20313057 ","SLB-C YPSLB GEMOLONG ","JL. SUKOWATI KM.2 GEMOLONG ","GENENGDUWUR ","SWASTA ",SLB,"Kec. Gemolong","Kab. Sragen","Prov. Jawa Tengah"
"1 "," 20341502 ","SLB NEGERI GROBOGAN ","MOJOAGUNG ","MOJOAGUNG ","NEGERI ",SLB,"Kec. Karangrayung","Kab. Grobogan","Prov. Jawa Tengah"
"1 "," 20341503 ","SLB B YPLB DANYANG PURWODADI ","JALAN KAPTEN RUSDIYAT 2/56 RT07 RW02 ","DANYANG ","SWASTA ",SLB,"Kec. Purwodadi","Kab. Grobogan","Prov. Jawa Tengah"
"2 "," 20361622 ","SLB C YPLB DANYANG PURWODADI "," JL. KAPTEN RUSDIYAT II/56 DANYANG PURWODADI ","DANYANG ","SWASTA ",SLB,"Kec. Purwodadi","Kab. Grobogan","Prov. Jawa Tengah"
"3 "," 69929277 ","SLB PGRI PURWODADI ","JL. R. SOEPRAPTO, GG PRINGGODANI 2 NOMOR 1, PURWODADI KAB. GROBOGAN ","PURWODADI ","SWASTA ",SLB,"Kec. Purwodadi","Kab. Grobogan","Prov. Jawa Tengah"
"1 "," 20315036 ","SLB BC MUHAMMADIYAH CEPU ","BALUN KESEHATAN GANG.VII/2 CEPU ","BALUN ","SWASTA ",SLB,"Kec. Cepu","Kab. Blora","Prov. Jawa Tengah"
"1 "," 69753111 ","SLB BUDI MULYO ","JL. RAYA CEPU KM 7 ","JEPON ","SWASTA ",SLB,"Kec. Jepon","Kab. Blora","Prov. Jawa Tengah"
"2 "," 20315103 ","SLB NEGERI JEPON ","JALAN RAYA BLORA-CEPU KM. 7 JEPON ","JEPON ","NEGERI ",SLB,"Kec. Jepon","Kab. Blora","Prov. Jawa Tengah"
"1 "," 69964117 ","SDLB CERIA MANDIRI BLORA ","JL. KARANG TARUNA NO. 14 ","JETIS ","SWASTA ",SDLB,"Kec. Kota Blora","Kab. Blora","Prov. Jawa Tengah"
"1 "," 20341378 ","SLB SARTIKA NGAWEN ","SAMBONGANYAR, NGAWEN ","BERBAK ","SWASTA ",SDLB,"Kec. Ngawen","Kab. Blora","Prov. Jawa Tengah"
"1 "," 69957063 ","SLB BUDI MULYO  ","JL. RAYA BLORA - KUNDURAN ","KUNDURAN ","SWASTA ",SLB,"Kec. Kunduran","Kab. Blora","Prov. Jawa Tengah"
"1 "," 20315824 ","SLB N REMBANG ","JL PEMUDA KM 2 REMBANG ","KABONGAN KIDUL ","NEGERI ",SLB,"Kec. Rembang","Kab. Rembang","Prov. Jawa Tengah"
"1 "," 69886282 ","SLB NEGERI LASEM ","RT. 02 RW. 01 DESA DOROKANDANG KEC. LASEM ","DOROKANDANG ","NEGERI ",SLB,"Kec. Lasem","Kab. Rembang","Prov. Jawa Tengah"
"1 "," 69978530 ","SLB SUNAN PRAWOTO ","JALAN SENDANG WIDODAREN NO. 1 ","PRAWOTO ","SWASTA ",SLB,"Kec. Sukolilo","Kab. Pati","Prov. Jawa Tengah"
"1 "," 20362378 ","SDLB FUTUHIYAH ","DESA WEGIL ","DESA WEGIL ","SWASTA ",SDLB,"Kec. Sukolilo","Kab. Pati","Prov. Jawa Tengah"
"1 "," 20338971 ","SLB BINA CITRA ","JL SUDIONO  ","SUKOHARJO ","SWASTA ",SLB,"Kec. Margorejo","Kab. Pati","Prov. Jawa Tengah"
"2 "," 20316196 ","SLB NEGERI PATI ","DS.SUKOHARJO ","SUKOHARJO ","NEGERI ",SLB,"Kec. Margorejo","Kab. Pati","Prov. Jawa Tengah"
"1 "," 20317995 ","SLB KALIWUNGU ","JL JEPARA KM 7 ","KALIWUNGU ","NEGERI ",SLB,"Kec. Kaliwungu","Kab. Kudus","Prov. Jawa Tengah"
"1 "," 20318006 ","SLB PURWOSARI ","JL GANESHA II NO 32 ","PURWOSARI ","NEGERI ",SLB,"Kec. Kota Kudus","Kab. Kudus","Prov. Jawa Tengah"
"1 "," 69881549 ","SDLB SUNAN KUDUS ","JL MAYOR KUSMANTO RT 4 RW 3 PEDAWANG ","PEDAWANG ","SWASTA ",SDLB,"Kec. Bae","Kab. Kudus","Prov. Jawa Tengah"
"1 "," 20317994 ","SLB NEGERI CENDONO ","JL MADU NO 01 RT 05 RW 01  ","CENDONO ","NEGERI ",SLB,"Kec. Dawe","Kab. Kudus","Prov. Jawa Tengah"
"2 "," 20332016 ","SLBS SUNAN MURIA ","JL. DAWE GEBOG KM 01 ","CENDONO ","SWASTA ",SLB,"Kec. Dawe","Kab. Kudus","Prov. Jawa Tengah"
"1 "," 20318327 ","SLB NEGERI JEPARA ","JL.CITROSOMO, NO 25 ","SENENAN ","NEGERI ",SLB,"Kec. Tahunan","Kab. Jepara","Prov. Jawa Tengah"
"1 "," 20340587 ","SLB B YASPENLUB ","JL. KUDUS NO.52 DEMAK, KEC. DEMAK ","BINTORO ","SWASTA ",SLB,"Kec. Demak","Kab. Demak","Prov. Jawa Tengah"
"2 "," 20319329 ","SLB-C.C1 YASPENLUB DEMAK ","JLN KUDUS NO 52 DEMAK  ","BINTORO ","SWASTA ",SLB,"Kec. Demak","Kab. Demak","Prov. Jawa Tengah"
"1 "," 20340403 ","SLB ABCD MUHAMADIYAH SUSUKAN ","SUSUKAN KAB.SEMARANG JATENG ","SUSUKAN ","SWASTA ",SLB,"Kec. Susukan","Kab. Semarang","Prov. Jawa Tengah"
"1 "," 69952653 ","SLB NU REKSOSARI ","JLN. SURUH KARANGGEDE KM.2 SURUH SEMARANG ","REKSOSARI ","SWASTA ",SDLB,"Kec. Suruh","Kab. Semarang","Prov. Jawa Tengah"
"1 "," 69945262 ","SLB ERHA PABELAN ","KRAJAN LOR RT 05 RW 03 ","SUMBEREJO ","SWASTA ",SDLB,"Kec. Pabelan","Kab. Semarang","Prov. Jawa Tengah"
"1 "," 69816357 ","SLB MUHAMMADIYAH SURYA GEMILANG ","BANYUBIRU  ","KEBUMEN ","SWASTA ",SLB,"Kec. Banyubiru","Kab. Semarang","Prov. Jawa Tengah"
"1 "," 20331718 ","SLB BC BINA PUTERA AMBARAWA ","BUSUNGAN ","TAMBAKBOYO ","SWASTA ",SLB,"Kec. Ambarawa","Kab. Semarang","Prov. Jawa Tengah"
"1 "," 20348572 ","SLB  WAHID HASYIM ","JL. MASJID BESAR AN NUR KLOPO ","BRINGIN ","SWASTA ",SLB,"Kec. Bringin","Kab. Semarang","Prov. Jawa Tengah"
"1 "," 20331144 ","SLB ABCD DHARMA BHAKTI ","NGEMPON, BERGAS ","NGEMPON ","SWASTA ",SLB,"Kec. Bergas","Kab. Semarang","Prov. Jawa Tengah"
"1 "," 20340494 ","SLB ABCD PUTERA MANDIRI ","LANGENSARI TIMUR ","LANGENSARI ","SWASTA ",SLB,"Kec. Ungaran Barat","Kab. Semarang","Prov. Jawa Tengah"
"2 "," 20320791 ","SLB NEGERI UNGARAN ","JL KYAI SONO 2 ","GENUK ","NEGERI ",SLB,"Kec. Ungaran Barat","Kab. Semarang","Prov. Jawa Tengah"
"1 "," 20321273 ","SLB NEGERI TEMANGGUNG ","JLN. GERILYA NO 25 ","KOWANGAN ","NEGERI ",SLB,"Kec. Temanggung","Kab. Temanggung","Prov. Jawa Tengah"
"1 "," 20330077 ","SLB MELATI TEMANGGUNG ","JALAN TEMBUS PRINGSURAT KM 2 KRANGGAN TEMANGGUNG ","BADRAN ","SWASTA ",SLB,"Kec. Kranggan","Kab. Temanggung","Prov. Jawa Tengah"
"1 "," 69896722 ","SLB M SURYA BANGSA ","JL. SURYA BANGSA RT 03 RW 01 KEBUMEN, SUKOREJO ","KEBUMEN ","SWASTA ",SLB,"Kec. Sukorejo","Kab. Kendal","Prov. Jawa Tengah"
"1 "," 69849604 ","SLB MUTIARA BANGSA ","JL RAYA SUKOREJO BOJA KM. 5 CURUGSEWU PATEAN ","CURUGSEWU ","SWASTA ",SLB,"Kec. Patean","Kab. Kendal","Prov. Jawa Tengah"
"1 "," 69824960 ","SLBS SURYA GEMILANG ","JALAN RAYA MARGOSARI NO. 5A ","MARGOSARI ","SWASTA ",SLB,"Kec. Limbangan","Kab. Kendal","Prov. Jawa Tengah"
"1 "," 69956333 ","SLB INSAN TIARA BANGSA ","PANDANSARI RT.05 RW.V TAMPINGAN BOJA ","TAMPINGAN ","SWASTA ",SDLB,"Kec. Boja","Kab. Kendal","Prov. Jawa Tengah"
"1 "," 20354544 ","SLB ABC SWADAYA KENDAL ","KAB. KENDAL ","KARANGTENGAH ","SWASTA ",SLB,"Kec. Kaliwungu","Kab. Kendal","Prov. Jawa Tengah"
"1 "," 20322031 ","SLBN KENDAL ","JL. TAMTAMA 146.B ","PENYANGKRINGAN ","NEGERI ",SLB,"Kec. Weleri","Kab. Kendal","Prov. Jawa Tengah"
"1 "," 20322962 ","SLB NEGERI BATANG ","JLN. PEMUDA NO. 10 ","KAUMAN ","NEGERI ",SLB,"Kec. Batang","Kab. Batang","Prov. Jawa Tengah"
"1 "," 20332427 ","SLB NEGERI WIRADESA ","JL. MRICAN ","KEPATIHAN ","NEGERI ",SLB,"Kec. Wiradesa","Kab. Pekalongan","Prov. Jawa Tengah"
"1 "," 20324396 ","SLB NEGERI 1 PEMALANG ","JL. DR. CIPTO MANGUNKUSUMO 3 A  ","MULYOHARJO ","NEGERI ",SLB,"Kec. Pemalang","Kab. Pemalang","Prov. Jawa Tengah"
"2 "," 69727632 ","SLB NEGERI 2 PEMALANG ","JL. DR. CIPTO MANGUNKUSUMO 3 ","MULYOHARJO ","NEGERI ",SLB,"Kec. Pemalang","Kab. Pemalang","Prov. Jawa Tengah"
"1 "," 20335159 ","SLB MANUNGGAL ","JL. A. YANI NO.86 ","PROCOT ","SWASTA ",SLB,"Kec. Slawi","Kab. Tegal","Prov. Jawa Tengah"
"2 "," 20325655 ","SLB N SLAWI ","JL. H. AGUS SALIM NO. 5 ","KUDAILE ","NEGERI ",SLB,"Kec. Slawi","Kab. Tegal","Prov. Jawa Tengah"
"1 "," 20362808 ","SLB MUTIARA HATI ","JL. JENDRAL SOEDIRMAN NO.9 RT.04 RW.05 LAREN BUMIAYU ","LAREN ","SWASTA ",SLB,"Kec. Bumiayu","Kab. Brebes","Prov. Jawa Tengah"
"1 "," 20326854 ","SLB NEGERI BREBES ","JALAN YOS SUDARSO NO 20 BREBES ","BREBES ","NEGERI ",SLB,"Kec. Brebes","Kab. Brebes","Prov. Jawa Tengah"
"1 "," 20349856 ","SEKOLAH KHUSUS AUTISME BINA ANGGITA KOTA MAGELANG ","EKS. SD POTROBANGSAN V, POTROBANGSAN I RT.01 RW.IV, MAGELANG UTARA ","POTROBANGSAN ","SWASTA ",SLB,"Kec. Magelang Utara","Kota Magelang","Prov. Jawa Tengah"
"2 "," 20327556 ","SLB-B YPPALB ","JL CEMARA TUJUH NO 34A KOTA MAGELANG ","KEDUNGSARI ","SWASTA ",SLB,"Kec. Magelang Utara","Kota Magelang","Prov. Jawa Tengah"
"3 "," 20327557 ","SLB-C-YPPALB ","JL. CEMARA TUJUH NO 34 A ","KEDUNGSARI ","SWASTA ",SLB,"Kec. Magelang Utara","Kota Magelang","Prov. Jawa Tengah"
"4 "," 20327624 ","SLBN KOTA MAGELANG ","JL. ELO JETIS ","KEDUNGSARI ","NEGERI ",SLB,"Kec. Magelang Utara","Kota Magelang","Prov. Jawa Tengah"
"1 "," 20354120 ","SLB C YPSLB ","JL. A. YANI 374  ","KERTEN ","SWASTA ",SLB,"Kec. Laweyan","Kota Surakarta","Prov. Jawa Tengah"
"2 "," 20354082 ","SLB D YPAC SURAKARTA ","JL SLAMET RIYADI 364 ","PENUMPING ","SWASTA ",SLB,"Kec. Laweyan","Kota Surakarta","Prov. Jawa Tengah"
"3 "," 20354081 ","SLB D1 YPAC SURAKARTA ","JL. SLAMET RIYADI NO.364 ","PENUMPING ","SWASTA ",SLB,"Kec. Laweyan","Kota Surakarta","Prov. Jawa Tengah"
"1 "," 20354076 ","SLBS B YAAT SURAKARTA ","JL. WISANGGENI ","SERENGAN ","SWASTA ",SLB,"Kec. Serengan","Kota Surakarta","Prov. Jawa Tengah"
"1 "," 20341298 ","SLB AUTIS HARMONY "," JALAN S.INDRAGIRI N0. 70 DADAPSARI RT 01/03 SANGKRAH, PASAR KLIWON, SURAKARTA  ","SANGKRAH ","SWASTA ",SLB,"Kec. Pasarkliwon","Kota Surakarta","Prov. Jawa Tengah"
"2 "," 20327959 ","SLB BC AUTIS YBA ","JL. MAYANGSARI 2 NO. 218 RT.01 RW.07 DANUKUSUMAN, SERENGAN, SURAKARTA ","JOYOSURAN ","SWASTA ",SLB,"Kec. Pasarkliwon","Kota Surakarta","Prov. Jawa Tengah"
"1 "," 20361073 ","SLB A YKAB SOLO ","JL. HOS COKROAMINOTO NO. 43 ","JAGALAN ","SWASTA ",SLB,"Kec. Jebres","Kota Surakarta","Prov. Jawa Tengah"
"2 "," 20341301 ","SLB AUTIS AGCA CENTER ","JL. R.E MARTADINATA NO: 211A SURAKARTA ","GANDEKAN ","SWASTA ",SLB,"Kec. Jebres","Kota Surakarta","Prov. Jawa Tengah"
"3 "," 20341299 ","SLB CG-YPPCG BINA SEJAHTERA ","JL. RINJANI DALAM I NO. 16 RT 04 RW 18  ","MOJOSONGO ","SWASTA ",SLB,"Kec. Jebres","Kota Surakarta","Prov. Jawa Tengah"
"4 "," 20327953 ","SLB PANCA BAKTI MULIA ","JL SUMBING VI N0 65 ","MOJOSONGO ","SWASTA ",SLB,"Kec. Jebres","Kota Surakarta","Prov. Jawa Tengah"
"1 "," 20327954 ","SLB - E PRAYUWANA ","NAYU UTARA RT 01 RW 13 ","KADIPIRO ","SWASTA ",SLB,"Kec. Banjarsari","Kota Surakarta","Prov. Jawa Tengah"
"2 "," 20337849 ","SLB AUTIS ALAMANDA ","JL. PAJAJARAN TIMUR VII ","SUMBER ","SWASTA ",SLB,"Kec. Banjarsari","Kota Surakarta","Prov. Jawa Tengah"
"3 "," 20354165 ","SLB C SETYADARMA ","JL.MR.SARTONO NO.32 BIBIS BARU NUSUKAN ","NUSUKAN ","SWASTA ",SLB,"Kec. Banjarsari","Kota Surakarta","Prov. Jawa Tengah"
"4 "," 20354115 ","SLB C1 YSSD ","JL. MR. SARTONO NO. 32 BIBIS BARU ","NUSUKAN ","SWASTA ",SLB,"Kec. Banjarsari","Kota Surakarta","Prov. Jawa Tengah"
"5 "," 20359940 ","SLB E BHINA PUTERA SURAKARTA ","JL. BIBIS BARU NO.3 ","NUSUKAN ","SWASTA ",SLB,"Kec. Banjarsari","Kota Surakarta","Prov. Jawa Tengah"
"6 "," 20327956 ","SLB NEGERI SURAKARTA ","JL COCAK X SIDOREJO  ","MANGKUBUMEN ","NEGERI ",SLB,"Kec. Banjarsari","Kota Surakarta","Prov. Jawa Tengah"
"7 "," 20327957 ","SLB YRTRW ","GUMUNGGUNG RT 01/II GILINGAN BANJARSARI SURAKARTA ","GILINGAN ","SWASTA ",SLB,"Kec. Banjarsari","Kota Surakarta","Prov. Jawa Tengah"
"1 "," 20341342 ","SLB A. WANTUWIRAWAN ","JL. ARGOBOGO NO.282 ","LEDOK ","SWASTA ",SLB,"Kec. Argomulyo","Kota Salatiga","Prov. Jawa Tengah"
"2 "," 20341064 ","SLB B WANTUWIRAWAN ","JL.ARGOBOGO NO. 282 ","LEDOK ","SWASTA ",SLB,"Kec. Argomulyo","Kota Salatiga","Prov. Jawa Tengah"
"3 "," 20341347 ","SLB-C WANTUWIRAWAN ","JL. ARGOBOGO NO. 282 ","LEDOK ","SWASTA ",SLB,"Kec. Argomulyo","Kota Salatiga","Prov. Jawa Tengah"
"1 "," 20361527 ","SDLB TALENTA KIDS ","JL. GONDANGSARI NO.2 PERUM GRIYAMUSTIKA ","TEGALREJO ","SWASTA ",SDLB,"Kec. Argomulyo","Kota Salatiga","Prov. Jawa Tengah"
"1 "," 20328394 ","SLB BINA PUTRA SALATIGA ","JL. NAKULA SADEWA V, KEMBANGARUM ","DUKUH ","SWASTA ",SLB,"Kec. Sidomukti","Kota Salatiga","Prov. Jawa Tengah"
"2 "," 20328473 ","SLB NEGERI SALATIGA ","JL. HASANUDIN GANG III (CAKRA) RT 03 RW 12 ","MANGUNSARI ","NEGERI ",SLB,"Kec. Sidomukti","Kota Salatiga","Prov. Jawa Tengah"
"1 "," 69932725 ","SD KHUSUS AUTIS DAN TUNAGRAHITA RUMAH PINTAR ","JL. SUROPATI RT 05/ RW 05 NO 526 ","MANGUNSARI ","SWASTA ",SDLB,"Kec. Sidomukti","Kota Salatiga","Prov. Jawa Tengah"
"1 "," 20341140 ","SLB C PUTRA MANDIRI ","JL. POTROSARI I NO. 6  ","SRONDOL KULON ","SWASTA ",SLB,"Kec. Banyumanik","Kota Semarang","Prov. Jawa Tengah"
"1 "," 20328614 ","SLB HJ. SOEMIYATI HIMAWAN ","JL. KAGOK DALAM III/38 SEMARANG ","WONOTINGAL ","SWASTA ",SLB,"Kec. Candisari","Kota Semarang","Prov. Jawa Tengah"
"1 "," 20331944 ","SLB C DHARMA MULIA ","JL. ELANGSARI BARAT RT 02 RW 05 ","MANGUNHARJO ","SWASTA ",SLB,"Kec. Tembalang","Kota Semarang","Prov. Jawa Tengah"
"2 "," 20331948 ","SLB NEGERI SEMARANG ","ELANG RAYA NO 2 ","MANGUNHARJO ","NEGERI ",SLB,"Kec. Tembalang","Kota Semarang","Prov. Jawa Tengah"
"3 "," 20361637 ","SLB YAYASAN AUTISMA SEMARANG ","JL. AFA RAYA NO.3 ","SENDANGMULYO ","SWASTA ",SLB,"Kec. Tembalang","Kota Semarang","Prov. Jawa Tengah"
"1 "," 20353575 ","SLB TALITAKUM ","KEC. TEMBALANG ","SAMBIROTO ","SWASTA ",SDLB,"Kec. Tembalang","Kota Semarang","Prov. Jawa Tengah"
"1 "," 20331862 ","SLB C WIDYA BHAKTI ","SUPRIYADI 12 ","KALICARI ","SWASTA ",SLB,"Kec. Pedurungan","Kota Semarang","Prov. Jawa Tengah"
"2 "," 20331942 ","SLB WIDYA BHAKTI ","SUPRIYADI NO 12  ","KALICARI ","SWASTA ",SLB,"Kec. Pedurungan","Kota Semarang","Prov. Jawa Tengah"
"3 "," 20361525 ","SLBS AUTISMA YOGASMARA ","JL. MAHESA BARAT NO. 1B ","PEDURUNGAN TENGAH ","SWASTA ",SLB,"Kec. Pedurungan","Kota Semarang","Prov. Jawa Tengah"
"1 "," 20331946 ","SDLB- C WIDYA BHAKTI ","SUPRIYADI 12 ","KALICARI ","SWASTA ",SDLB,"Kec. Pedurungan","Kota Semarang","Prov. Jawa Tengah"
"2 "," 20331831 ","SDLB- C1 WIDYA BHAKTI ","JL. SUPRIYADI NO. 12 SEMARANG ","KALICARI ","SWASTA ",SDLB,"Kec. Pedurungan","Kota Semarang","Prov. Jawa Tengah"
"1 "," 20328613 ","SLB B SWADAYA ","JL. SETERAN UTARA II NO.02 SEMARANG ","MIROTO ","SWASTA ",SLB,"Kec. Semarang Tengah","Kota Semarang","Prov. Jawa Tengah"
"2 "," 20331945 ","SLB C IMMANUEL ","KEC. SEMARANG TENGAH ","BRUMBUNGAN ","SWASTA ",SLB,"Kec. Semarang Tengah","Kota Semarang","Prov. Jawa Tengah"
"3 "," 20328615 ","SLB C SWADAYA ","JL. SETERAN UTARA II/2 ","MIROTO ","SWASTA ",SLB,"Kec. Semarang Tengah","Kota Semarang","Prov. Jawa Tengah"
"4 "," 20331947 ","SLB C1 YPAC SEMARANG ","AHMAD DAHLAN NO 4 ","PEKUNDEN ","SWASTA ",SLB,"Kec. Semarang Tengah","Kota Semarang","Prov. Jawa Tengah"
"5 "," 20331949 ","SLB D/D1 YPAC SEMARANG ","KHA DAHLAN NO 4 ","PEKUNDEN ","SWASTA ",SLB,"Kec. Semarang Tengah","Kota Semarang","Prov. Jawa Tengah"
"1 "," 20331941 ","SLB C PELITA ILMU ","EROWATI UTARA 15 ","BULU LOR ","SWASTA ",SLB,"Kec. Semarang Utara","Kota Semarang","Prov. Jawa Tengah"
"1 "," 20331940 ","SLB A DRIA ADI ","KOMPLEK PURI ANJASMARA BLOK K-8 ","TAWANGSARI ","SWASTA ",SLB,"Kec. Semarang Barat","Kota Semarang","Prov. Jawa Tengah"
"1 "," 20329518 ","SLB NEGERI KOTA PEKALONGAN ","JL. MURIA NO. 14 PEKALONGAN ","BENDAN KERGON ","NEGERI ",SLB,"Kec. Pekalongan Barat","Kota Pekalongan","Prov. Jawa Tengah"
"1 "," 20329519 ","SLB PRI ","JL. BUARAN III ","BANYURIP ALIT ","SWASTA ",SLB,"Kec. Pekalongan Selatan","Kota Pekalongan","Prov. Jawa Tengah"
"1 "," 20351613 ","SMALB PRI ","JL. BUARAN 3 BANYURIP ALIT PEKALONGAN SELATAN, KOTA ","- ","SWASTA ",SMLB,"Kec. Pekalongan Selatan","Kota Pekalongan","Prov. Jawa Tengah"
"1 "," 69946325 ","SLB SPK MUHAMMADIYAH ","JL. BANYUMAS RT 01 RW 03 ","DEBONG TENGAH ","SWASTA ",SLB,"Kec. Tegal Selatan","Kota Tegal","Prov. Jawa Tengah"
"1 "," 20329773 ","SLB NEGERI KOTA TEGAL ","JL. NAKULA UTARA NO.1 ","KEJAMBON ","NEGERI ",SLB,"Kec. Tegal Timur","Kota Tegal","Prov. Jawa Tengah"
