No.,NPSN,"Nama Satuan Pendidikan",Alamat,Kelurahan,Status,"Bentuk Pendidikan",Kecamatan,Kabupaten/Kota,Provinsi
"1 "," 10700330 ","SLBN 1  BENGKULU UTARA ","JL. KOL. ALAMSYAH GUNUNG SELAN ","GUNUNG SELAN ","NEGERI ",SLB,"Kec. Arga Makmur","Kab. Bengkulu Utara","Prov. Bengkulu"
"1 "," 10700659 ","SLBN 1 REJANG LEBONG ","JLN. SIDOMULYO  ","TEMPEL REJO  ","NEGERI ",SLB,"Kec. Curup Selatan","Kab. Rejang Lebong","Prov. Bengkulu"
"1 "," 10701050 ","SLBN 01 BENGKULU SELATAN ","KELURAHAN KAYU KUNYIT ","KAYU KUNYIT ","NEGERI ",SLB,"Kec. Manna","Kab. Bengkulu Selatan","Prov. Bengkulu"
"1 "," 10703137 ","SLBN  1 MUKOMUKO ","JLN.SULTAN HIDAYATULLAH ","UJUNG PADANG ","NEGERI ",SLB,"Kec. Kota Mukomuko","Kab. Muko-muko","Prov. Bengkulu"
"1 "," 69966621 ","SLB YPR I ","JL. BENDUNGAN AIR MAJUNTO ","LALANG LUAS ","SWASTA ",SLB,"Kec. V Koto","Kab. Muko-muko","Prov. Bengkulu"
"1 "," 10703050 ","SLBN 1 KEPAHIANG ","JL.SMAN.1 PASAR UJUNG  ","PASAR UJUNG ","NEGERI ",SLB,"Kec. Kepahiang","Kab. Kepahiang","Prov. Bengkulu"
"1 "," 10703434 ","SLBN  1 LEBONG ","JL.RAYA CURUP MUARA AMAN ","LIMAU PIT ","NEGERI ",SLB,"Kec. Lebong Sakti","Kab. Lebong","Prov. Bengkulu"
"1 "," 69872344 ","SLBN 1 KAUR ","JL. LAPANGAN GLORA ","SIMPANG TIGA ","NEGERI ",SLB,"Kec. Kaur Utara","Kab. Kaur","Prov. Bengkulu"
"1 "," 10703405 ","SLBN 1 SELUMA ","SIDOMULYO ","SIDO MULYO ","NEGERI ",SLB,"Kec. Seluma Selatan","Kab. Seluma","Prov. Bengkulu"
"1 "," 69725942 ","SLBN 1 BENGKULU TENGAH ","JL. LINGKAR RRI ","AIR SEBAKUL / AIR PUTIH ","NEGERI ",SLB,"Kec. Talang Empat","Kab. Bengkulu Tengah","Prov. Bengkulu"
"1 "," 10702548 ","SLB AMAL MULIA KOTA BENGKULU ","JL.LETKOL.SANTOSO NO 57 ","PASAR MELINTANG ","SWASTA ",SLB,"Kec. Teluk Segara","Kota Bengkulu","Prov. Bengkulu"
"1 "," 69969320 ","SLBN 4 KOTA BENGKULU ","JL. BUDI UTOMO RT.21 RW.05 ","KANDANG MAS ","NEGERI ",SLB,"Kec. Kampung Melayu","Kota Bengkulu","Prov. Bengkulu"
"1 "," 10703208 ","SLB MUTIARA BUNDA KOTA BENGKULU ","JL. GUNUNG BUNGKUK ","TANAH PATAH ","SWASTA ",SLB,"Kec. Ratu Agung","Kota Bengkulu","Prov. Bengkulu"
"2 "," 10702545 ","SLBN 1 KOTA BENGKULU ","JL. BUKIT BARISAN ","KEBUN TEBENG ","NEGERI ",SLB,"Kec. Ratu Agung","Kota Bengkulu","Prov. Bengkulu"
"1 "," 69830203 ","SLBN 2 KOTA BENGKULU ","JLN. IRIAN TANJUNG JAYA BENGKULU ","TANJUNG JAYA ","NEGERI ",SLB,"Kec. Sungai Serut","Kota Bengkulu","Prov. Bengkulu"
"2 "," 69829537 ","SLBN 3 KOTA BENGKULU ","JL. AIR SEBAKUL RT II RW 04 ","SURABAYA ","NEGERI ",SLB,"Kec. Sungai Serut","Kota Bengkulu","Prov. Bengkulu"
"1 "," 10703108 ","SLB DHARMA WANITA PROPINSI BENGKULU ","JL. MANGGA NO 1 ","LINGKAR TIMUR ","SWASTA ",SLB,"Kec. Singaran Pati","Kota Bengkulu","Prov. Bengkulu"
