No.,NPSN,"Nama Satuan Pendidikan",Alamat,Kelurahan,Status,"Bentuk Pendidikan",Kecamatan,Kabupaten/Kota,Provinsi
"1 "," 60403894 ","SDLB PANCA KASIH ","JL. MANUNGGAL NO.17 AMBAN ","AMBAN ","SWASTA ",SDLB,"Kec. Manokwari Barat","Kab. Manokwari","Prov. Papua Barat"
"1 "," 69728503 ","SLB NEGERI KABUPATEN SORONG ","JL. KLASMELEK ","MAKBALIM ","NEGERI ",SLB,"Kec. Mayamuk","Kab. Sorong","Prov. Papua Barat"
"1 "," 60400464 ","SDLB INPRES 73 MALAINGKEDI SORONG ","JL.PENDIDIKAN KM.8  ","KLASAMAN ","NEGERI ",SDLB,"Kec. Sorong Timur","Kota Sorong","Prov. Papua Barat"
"1 "," 60403808 ","SMPLB SORONG ","JL. PENDIDIKAN MALAINGKEDI ","MALAINGKEDI ","NEGERI ",SMPLB,"Kec. Sorong Utara","Kota Sorong","Prov. Papua Barat"
"1 "," 69883573 ","SMALB KOTA SORONG ","JL. PENDIDIKAN ","MALAINGKEDI ","NEGERI ",SMLB,"Kec. Sorong Utara","Kota Sorong","Prov. Papua Barat"
