No.,NPSN,"Nama Satuan Pendidikan",Alamat,Kelurahan,Status,"Bentuk Pendidikan",Kecamatan,Kabupaten/Kota,Provinsi
"1 "," 69901084 ","SLB NEGERI LOLAK ","JLN. MOLOSING DESA MOTABANG ","MOTABANG ","NEGERI ",SLB,"Kec. Lolak","Kab. Bolaang Mongondow","Prov. Sulawesi Utara"
"1 "," 69980302 ","SLB THERESIA SONDER ","DESA KOLONGAN ATAS I ","KOLONGAN ATAS I ","SWASTA ",SLB,"Kec. Sonder","Kab. Minahasa","Prov. Sulawesi Utara"
"1 "," 69987443 ","SLB KREASI MANDIRI ","EDEN BRIDGE UTAMA 6 CITRALAND ","WINANGUN ATAS ","SWASTA ",SLB,"Kec. Pineleng","Kab. Minahasa","Prov. Sulawesi Utara"
"1 "," 58570007 ","SLB DORKAS KAKAS ","JL. RAYA TALIKURAN KAKAS ","TALIKURAN ","SWASTA ",SLB,"Kec. Kakas","Kab. Minahasa","Prov. Sulawesi Utara"
"1 "," 40101613 ","SLB NEGERI MANGANITU ","KAMPUNG MALA ","MALA ","NEGERI ",SLB,"Kec. Manganitu","Kab. Kep. Sangihe","Prov. Sulawesi Utara"
"1 "," 69888801 ","SLB KASIH BUNDA GMIST ","JLN. GEREJA  ","SAWANG BENDAR ","SWASTA ",SLB,"Kec. Tahuna","Kab. Kep. Sangihe","Prov. Sulawesi Utara"
"1 "," 69969124 ","SLB FEYBE MANGARAN ","KAMPUNG MANGARAN KEC. KABARUAN ","MANGARAN ","SWASTA ",SLB,"Kec. Kabaruan","Kab. Kepulauan Talaud","Prov. Sulawesi Utara"
"1 "," 69946101 ","SLB NEGERI 1 TALAUD ","DESA SALIBABU ","SALIBABU ","NEGERI ",SLB,"Kec. Salibabu","Kab. Kepulauan Talaud","Prov. Sulawesi Utara"
"1 "," 40103864 ","SLB NEGERI AMURANG ","JLN TRANS SULAWESI ","KAPITU ","NEGERI ",SLB,"Kec. Amurang Barat","Kab. Minahasa Selatan","Prov. Sulawesi Utara"
"1 "," 40104382 ","SLB GMIM MARANATHA AIRMADIDI ","JL RAYA SOEKARNO, KEL AIRMADIDI ATAS LING VI ","AIRMADIDI ATAS ","SWASTA ",SLB,"Kec. Airmadidi","Kab. Minahasa Utara","Prov. Sulawesi Utara"
"1 "," 69755978 ","SLBS ANUGERAH DIMEMBE ","DESA DIMEMBE KECAMATAN DIMEMBE ","DIMEMBE ","SWASTA ",SLB,"Kec. Dimembe","Kab. Minahasa Utara","Prov. Sulawesi Utara"
"1 "," 69857934 ","SLB NEGERI PUSOMAEN ","JALAN TRANS SULAWESI LINGKAR TIMUR ","MAKALU SELATAN ","NEGERI ",SLB,"Kec. Pusomaen","Kab. Minahasa Tenggara","Prov. Sulawesi Utara"
"1 "," 40105019 ","SLB TOLOMBUKAN ","TOLOMBUKAN ","TOLOMBUKAN SATU ","SWASTA ",SLB,"Kec. Pasan","Kab. Minahasa Tenggara","Prov. Sulawesi Utara"
"1 "," 40103411 ","SLB A BARTEMEUS ","JL. TANAH PUTIH IV LINGK. VI ","MALALAYANG I TIMUR ","SWASTA ",SLB,"Kec. Malalayang","Kota Manado","Prov. Sulawesi Utara"
"2 "," 40104552 ","SLB YPAC MANADO ","JL. RAYA TANAWANGKO ","MALALAYANG DUA ","SWASTA ",SLB,"Kec. Malalayang","Kota Manado","Prov. Sulawesi Utara"
"1 "," 69880587 ","SLB KHUSUS AUTIS HIZKIA ","JL. LUMIMUUT VIII NO. 12 A LINGKUNGAN 3 ","TIKALA KUMARAKA ","SWASTA ",SLB,"Kec. Wenang","Kota Manado","Prov. Sulawesi Utara"
"1 "," 69761823 ","SLB KHUSUS AUTIS PERMATA HATI ","JLN BABE PALAR NO 25 KELURAHAN TANJUNG BATU ","TANJUNG BATU ","SWASTA ",SLB,"Kec. Wanea","Kota Manado","Prov. Sulawesi Utara"
"1 "," 40103649 ","SLB (KHUSUS AUTIS) AGCA CENTER MANADO ","JALAN PUMOROW NO 56 BANJER ","BANJER ","SWASTA ",SLB,"Kec. Tikala","Kota Manado","Prov. Sulawesi Utara"
"2 "," 40104551 ","SLB B/C KRISTEN EMMANUEL ","JL. MANGUNI I ","RANOMUUT ","SWASTA ",SLB,"Kec. Tikala","Kota Manado","Prov. Sulawesi Utara"
"1 "," 69787049 ","SLBS GMIM NAZARETH TUMINTING ","JL. SANTIAGO NO.91 ","TUMINTING ","SWASTA ",SLB,"Kec. Tuminting","Kota Manado","Prov. Sulawesi Utara"
"1 "," 40103634 ","SLB KASIH ANGELIA ","JL. GIRIAN PINOKALAN ","PINOKALAN ","SWASTA ",SLB,"Kec. Ranowulu","Kota Bitung","Prov. Sulawesi Utara"
"1 "," 69909520 ","SLB EFATA ","KEL. MANEMBO-NEMBO ATAS ","MANEMBO NEMBO ATAS ","SWASTA ",SLB,"Kec. Matuari","Kota Bitung","Prov. Sulawesi Utara"
"2 "," 69900050 ","SLB FINJIL ","KELURAHAN MANEMBO-NEMBO ","MANEMBO NEMBO ","SWASTA ",SLB,"Kec. Matuari","Kota Bitung","Prov. Sulawesi Utara"
"1 "," 69969117 ","SLB KRISTINIA BITUNG ","JLN. LINGGUA RT 23 RW 05 KELURAHAN KADOODAN KEC. MADIDIR ","KADOODAN ","SWASTA ",SLB,"Kec. Madidir","Kota Bitung","Prov. Sulawesi Utara"
"1 "," 69988273 ","SLB FINJILI PULAU LEMBEH ","JALAN LINGKAR PULAU LEMBE ","PAUDEAN ","SWASTA ",SLB,"Kec. Lembeh Selatan","Kota Bitung","Prov. Sulawesi Utara"
"2 "," 69978294 ","SLB TRIKORA INDAH BITUNG ","JLN. BATULUBANG ","BATULUBANG ","SWASTA ",SLB,"Kec. Lembeh Selatan","Kota Bitung","Prov. Sulawesi Utara"
"1 "," 69985718 ","SLB PAULUS TOMOHON ","JLN ROK-ROK ","MATANI SATU ","SWASTA ",SLB,"Kec. Tomohon Tengah","Kota Tomohon","Prov. Sulawesi Utara"
"2 "," 40103166 ","SLB TUNA GRAHITA ST ANNA ","KOLONGAN ","KOLONGAN ","SWASTA ",SLB,"Kec. Tomohon Tengah","Kota Tomohon","Prov. Sulawesi Utara"
"3 "," 40103165 ","SLBB DAMAI GMIM TOMOHON ","TALETE ","TALETE DUA ","SWASTA ",SLB,"Kec. Tomohon Tengah","Kota Tomohon","Prov. Sulawesi Utara"
"1 "," 40100418 ","SLBN POYOWA BESAR ","POYOWA BESAR 2 ","POYOWA BESAR II ","NEGERI ",SLB,"Kec. Kotamobagu Selatan","Kota Kotamobagu","Prov. Sulawesi Utara"
