No.,NPSN,"Nama Satuan Pendidikan",Alamat,Kelurahan,Status,"Bentuk Pendidikan",Kecamatan,Kabupaten/Kota,Provinsi
"1 "," 50306447 ","SLB NEGERI OELMASI ","JL TIMOR RAYA KM.39 ","DESA KUIMASI ","NEGERI ",SLB,"Kec. Fatuleu","Kab. Kupang","Prov. Nusa Tenggara Timur"
"1 "," 50300449 ","SLBN NUNUMEU ","NUNUMEU ","NUNUMEU ","NEGERI ",SLB,"Kec. Kota Soe","Kab. Timor Tengah Selatan","Prov. Nusa Tenggara Timur"
"1 "," 69734261 ","SMALBN NUNUMEU ","NUNUMEU ","NUNUMEU ","NEGERI ",SMLB,"Kec. Kota Soe","Kab. Timor Tengah Selatan","Prov. Nusa Tenggara Timur"
"1 "," 69947565 ","SLB NEGERI MANEKAT NIKI-NIKI ","JALAN TIMOR RAYA KM. 135 NIKI-NIKI ","BONE ","NEGERI ",SLB,"Kec. Amanuban Tengah","Kab. Timor Tengah Selatan","Prov. Nusa Tenggara Timur"
"1 "," 50301154 ","SLB NEGERI BENPASI ","SISINGAMANGARAJA ","BENPASI ","NEGERI ",SLB,"Kec. Kota Kefamenanu","Kab. Timor Tengah Utara","Prov. Nusa Tenggara Timur"
"1 "," 69872335 ","SMPLB NEGERI BENPASI ","SMPLB ","BENPASI ","NEGERI ",SMPLB,"Kec. Kota Kefamenanu","Kab. Timor Tengah Utara","Prov. Nusa Tenggara Timur"
"1 "," 69775310 ","SMALBN BENPASI ","JL. SISINGAMANGARAJA KEFAMENANU ","BENPASI ","NEGERI ",SMLB,"Kec. Kota Kefamenanu","Kab. Timor Tengah Utara","Prov. Nusa Tenggara Timur"
"1 "," 50301377 ","SLB NEGERI TENUBOT ","TENUBOT ","MANUMUTIN ","NEGERI ",SLB,"Kec. Kota Atambua","Kab. Belu","Prov. Nusa Tenggara Timur"
"1 "," 69769430 ","SLB BHAKTI LUHUR ","JL. KIHAJAR DEWANTORO NO. 2 ATAMBUA ","TULAMALAE ","SWASTA ",SLB,"Kec. Atambua Barat","Kab. Belu","Prov. Nusa Tenggara Timur"
"1 "," 50305790 ","SLB NEGERI ALOR ","JLN. SIBONE - MEBUNG ","ALIM MEBUNG ","NEGERI ",SLB,"Kec. Alor Tengah Utara","Kab. Alor","Prov. Nusa Tenggara Timur"
"1 "," 69939431 ","SMALB NEGERI ALOR ","JL. SIBONE ","ALIM MEBUNG ","NEGERI ",SMLB,"Kec. Alor Tengah Utara","Kab. Alor","Prov. Nusa Tenggara Timur"
"1 "," 69939441 ","SLB NEGERI PANTAR ","MALIANG ","MURIABANG ","NEGERI ",SLB,"Kec. Pantar Tengah","Kab. Alor","Prov. Nusa Tenggara Timur"
"1 "," 50301935 ","SLB NEGERI WERI ","WERI ","WERI ","NEGERI ",SLB,"Kec. Larantuka","Kab. Flores Timur","Prov. Nusa Tenggara Timur"
"1 "," 60702909 ","PLK FLORESSTA MAUMERE ","JL. LITBANG ","KOTA UNENG ","SWASTA ",SLB,"Kec. Alok","Kab. Sikka","Prov. Nusa Tenggara Timur"
"2 "," 50305291 ","SLB/C BHAKTY LUHUR ","JL. WAIRKLAU ","KOTAUNENG ","SWASTA ",SLB,"Kec. Alok","Kab. Sikka","Prov. Nusa Tenggara Timur"
"1 "," 69933001 ","PLK CERDAS ANAK BANGSA ","WAIRBUKAN ","WAIRTERANG ","SWASTA ",SLB,"Kec. Waigete","Kab. Sikka","Prov. Nusa Tenggara Timur"
"1 "," 50302144 ","SLB N BERU ","JL. TEKA IKU ","WAIOTI ","NEGERI ",SLB,"Kec. Alok Timur","Kab. Sikka","Prov. Nusa Tenggara Timur"
"1 "," 50305542 ","SLB NEGERI ENDE ","JL. ADI SUCIPTO ","KEL. TETANDARA ","NEGERI ",SLB,"Kec. Ende Selatan","Kab. Ende","Prov. Nusa Tenggara Timur"
"1 "," 69862420 ","SLB NEGERI BAJAWA ","JL. DIPONEGORO NO. 10 ","TRIKORA ","NEGERI ",SLB,"Kec. Bajawa","Kab. Ngada","Prov. Nusa Tenggara Timur"
"1 "," 50303441 ","SLB A KARYA MURNI RUTENG ","JL. PELITA NO.2 RUTENG ","WATU ","SWASTA ",SLB,"Kec. Langke Rembong","Kab. Manggarai","Prov. Nusa Tenggara Timur"
"2 "," 50303397 ","SLB NEGERI TENDA RUTENG ","TENDA ","TENDA ","NEGERI ",SLB,"Kec. Langke Rembong","Kab. Manggarai","Prov. Nusa Tenggara Timur"
"3 "," 50307944 ","SLB-B KARYA MURNI RUTENG ","JL.PELITA NO.2 RUTENG ","WATU ","SWASTA ",SLB,"Kec. Langke Rembong","Kab. Manggarai","Prov. Nusa Tenggara Timur"
"1 "," 50303911 ","SLBN KANATANG ","LONDA LIMA ","KUTA ","NEGERI ",SLB,"Kec. Kanatang","Kab. Sumba Timur","Prov. Nusa Tenggara Timur"
"1 "," 50308048 ","SLB C NEGERI WAIKABUBAK ","JLN. WEEKAROU ","WEEKAROU ","NEGERI ",SLB,"Kec. Loli","Kab. Sumba Barat","Prov. Nusa Tenggara Timur"
"2 "," 50304121 ","SLB N WAIKABUBAK ","JALAN WEEKAROU ","WEEKAROU ","NEGERI ",SLB,"Kec. Loli","Kab. Sumba Barat","Prov. Nusa Tenggara Timur"
"1 "," 50306164 ","SLB NEGERI LEWOLEBA  ","JLN. TRANS NAGAWUTUNG ","PADA ","NEGERI ",SLB,"Kec. Nubatukan","Kab. Lembata","Prov. Nusa Tenggara Timur"
"1 "," 50305343 ","SLBN LOBALAIN ","JL. SANGGAOEN BAA  ","SANGGAOEN ","NEGERI ",SLB,"Kec. Lobalain","Kab. Rote-Ndao","Prov. Nusa Tenggara Timur"
"1 "," 69946742 ","SLB NEGERI KOMODO ","JLN.FRANS NALA, LABUAN BAJO ","BATU CERMIN ","NEGERI ",SLB,"Kec. Komodo","Kab. Manggarai Barat","Prov. Nusa Tenggara Timur"
"1 "," 69774954 ","SLBN MALARUMA - MBAY ","MALARUMA ","LAPE ","NEGERI ",SLB,"Kec. Aesesa","Kab. Nagakeo","Prov. Nusa Tenggara Timur"
"1 "," 50309571 ","SLB NEGERI WAIBAKUL ","LIANGU DOWU ","DASA ELU ","NEGERI ",SLB,"Kec. Katiku Tana Selatan","Kab. Sumba Tengah","Prov. Nusa Tenggara Timur"
"1 "," 69988048 ","SLB NEGERI LOURA ","DESA LETE KONDA ","LETE KONDA ","NEGERI ",SLB,"Kec. Loura","Kab. Sumba Barat Daya","Prov. Nusa Tenggara Timur"
"1 "," 50309365 ","SLB NEGERI BORONG ","BORONG ","SATAR PEOT ","NEGERI ",SLB,"Kec. Borong","Kab. Manggarai Timur","Prov. Nusa Tenggara Timur"
"1 "," 50305124 ","SLB ASUHAN KASIH ","JL. PENDIDIKAN KOTA BARU ","KELAPA LIMA ","SWASTA ",SLB,"Kec. Kelapa Lima","Kota Kupang","Prov. Nusa Tenggara Timur"
"2 "," 50304950 ","SLB N PEMBINA KUPANG ","JL. ADI SUCIPTO ","OESAPA ","NEGERI ",SLB,"Kec. Kelapa Lima","Kota Kupang","Prov. Nusa Tenggara Timur"
"3 "," 50305066 ","SLB NEGERI KOTA KUPANG ","JALAN TIMOR RAYA NO.17-18 ","KELAPA LIMA ","NEGERI ",SLB,"Kec. Kelapa Lima","Kota Kupang","Prov. Nusa Tenggara Timur"
"1 "," 69991325 ","SLB NEGERI PEMBINA OEPURA KUPANG ","JLN. JAMBU NO. 1 ","NAIKOTEN SATU ","NEGERI ",SLB,"Kec. Kota Raja","Kota Kupang","Prov. Nusa Tenggara Timur"
