No.,NPSN,"Nama Satuan Pendidikan",Alamat,Kelurahan,Status,"Bentuk Pendidikan",Kecamatan,Kabupaten/Kota,Provinsi
"1 "," 40206704 ","SLB NEGERI SALAKAN ","DESA KAUTU ","KAUTU ","NEGERI ",SLB,"Kec. Tinangkung","Kab. Banggai Kepulauan","Prov. Sulawesi Tengah"
"1 "," 58570063 ","SLB NEGERI DALAKA ","JL. KAPUK INDAH NO. 47 DALAKA ","DALAKA ","NEGERI ",SLB,"Kec. Sindue","Kab. Donggala","Prov. Sulawesi Tengah"
"1 "," 69943193 ","SLB RAUDHATUL BAHARA ","JALAN TRANS SULAWESI ","LANTO JAYA ","SWASTA ",SLB,"Kec. Poso Pesisir","Kab. Poso","Prov. Sulawesi Tengah"
"1 "," 40204277 ","SLB NEGERI POSO ","RANONONCU ","RANONONCU ","NEGERI ",SLB,"Kec. Poso Kota Selatan","Kab. Poso","Prov. Sulawesi Tengah"
"1 "," 40201334 ","SLB C HOSANA TENTENA ","KELURAHAN PAMONA LRG. KEMIRI ","PAMONA ","SWASTA ",SLB,"Kec. Pamona Puselemba","Kab. Poso","Prov. Sulawesi Tengah"
"1 "," 69973339 ","SLB NEGERI TOILI ","JL. MANDAMPAR ","TOHITI SARI ","NEGERI ",SLB,"Kec. Toili","Kab. Banggai","Prov. Sulawesi Tengah"
"1 "," 69974944 ","SLB MIAN NU LIPUKNYO ","MOLINO ","MOLINO ","SWASTA ",SLB,"Kec. Luwuk Timur","Kab. Banggai","Prov. Sulawesi Tengah"
"1 "," 40201526 ","SLB N LUWUK ","JL. IMAM BONJOL KM. 4  ","BUMI BERINGIN ","NEGERI ",SLB,"Kec. Luwuk Utara","Kab. Banggai","Prov. Sulawesi Tengah"
"1 "," 69880743 ","SLB PADAMU NEGERI ","DUSUN 3 SUMBER MULYA ","SUMBER MULYA ","SWASTA ",SLB,"Kec. Simpang Raya","Kab. Banggai","Prov. Sulawesi Tengah"
"1 "," 69922964 ","SMALB NEGERI BUOL ","JL. KI HAJAR DEWANTORO NO 26 ","LEOK II ","NEGERI ",SLB,"Kec. Biau","Kab. Buol","Prov. Sulawesi Tengah"
"1 "," 40204640 ","SDLB NEGERI BUOL ","JLN. KIHAJAR DEWANTARA ","LEOK II ","NEGERI ",SDLB,"Kec. Biau","Kab. Buol","Prov. Sulawesi Tengah"
"1 "," 40204631 ","SMPLB NEGERI BUOL ","JLN. KIHAJAR DEWANTARA ","LEOK II ","NEGERI ",SMPLB,"Kec. Biau","Kab. Buol","Prov. Sulawesi Tengah"
"1 "," 69978308 ","SLB NEGERI PALELEH ","DESA DUTUNO ","DUTUNO ","NEGERI ",SLB,"Kec. Paleleh","Kab. Buol","Prov. Sulawesi Tengah"
"1 "," 40202314 ","SLB NEGERI TOLITOLI ","JL. MAGAMU NO. 74 ","BARU ","NEGERI ",SLB,"Kec. Baolan","Kab. Tolitoli","Prov. Sulawesi Tengah"
"1 "," 69937968 ","SLB NEGERI KTM MOROWALI ","KTM MOROWALI DESA BAHOMOHONI ","BAHOMOHONI ","NEGERI ",SLB,"Kec. Bungku Tengah","Kab. Morowali","Prov. Sulawesi Tengah"
"1 "," 40205177 ","SLBN PARIGI ","JL PAKABATA DESA BAMBALEMO ","BAMBALEMO ","NEGERI ",SLB,"Kec. Parigi","Kab. Parigi Moutong","Prov. Sulawesi Tengah"
"1 "," 40204597 ","SLB N TOJO UNA-UNA ","JL.TADULAKO NO.59 ","SANSARINO ","NEGERI ",SLB,"Kec. Ampana Kota","Kab. Tojo Una-Una","Prov. Sulawesi Tengah"
"1 "," 40200754 ","SLB NEGERI MARAWOLA ","JL. ANGGREK NO. 25  ","BINANGGA ","NEGERI ",SLB,"Kec. Marawola","Kab. Sigi","Prov. Sulawesi Tengah"
"1 "," 40203810 ","SLB BIROMARU  ","JL. MUTAJI ","LOLU ","SWASTA ",SLB,"Kec. Sigibiromaru","Kab. Sigi","Prov. Sulawesi Tengah"
"1 "," 69930811 ","SLB NEGERI ADEAN ","DS. ADEAN, KEC. BANGGAI TENGAH ","ADEAN ","NEGERI ",SDLB,"KEC. BANGGAI TENGAH","Kab. Banggai Laut","Prov. Sulawesi Tengah"
"1 "," 40205592 ","SLB NEGERI MOLINO ","JLN. TRANS SULAWESI NO. 12 MOLINO, KEC. PETASIA TIMUR ","MOLINO, KEC. PETASIA TIMU ","NEGERI ",SLB,"Kec. Petasia","Kab. Morowali Utara","Prov. Sulawesi Tengah"
"1 "," 40203523 ","SLB ABCD MUHAMMADIYAH ","JL. TOMPI NO. 15 PALU ","LERE ","SWASTA ",SLB,"Kec. Palu Barat","Kota Palu","Prov. Sulawesi Tengah"
"1 "," 69989634 ","SLB CAHAYA NURANI ","JL. RUMAH SAKIT ISLAM ","BIROBULI SELATAN ","SWASTA ",SLB,"Kec. Palu Selatan","Kota Palu","Prov. Sulawesi Tengah"
"2 "," 69759215 ","SLB NEGERI 2 PALU ","JL. NAMBO LRG, I, NO. I PALU ","PETOBO ","NEGERI ",SLB,"Kec. Palu Selatan","Kota Palu","Prov. Sulawesi Tengah"
"3 "," 69987978 ","SLBS MEKAR ABADI PALU ","JL. KEBUN SARI NO. 75 ","PETOBO ","SWASTA ",SLB,"Kec. Palu Selatan","Kota Palu","Prov. Sulawesi Tengah"
"1 "," 40203734 ","SLB N 1 PALU ","SAMUDRA PANTOLOAN ","KAYUMALUE NGAPA ","NEGERI ",SLB,"Kec. Palu Utara","Kota Palu","Prov. Sulawesi Tengah"
"1 "," 69987975 ","SLBS ADJERNI SUNUSI ","JL. HASANUDIN TOTO ","KELURAHAN SILAE ","SWASTA ",SLB,"Kec. Ulujadi","Kota Palu","Prov. Sulawesi Tengah"
"1 "," 69830709 ","SLB BHAKTI PUTRA PALU ","JL. DAENG MANESA NO. 10 RT 001/004  ","KELURAHAN LASOANI ","SWASTA ",SLB,"Kec. Mantikulore","Kota Palu","Prov. Sulawesi Tengah"
"2 "," 69969427 ","SLB TADULAKO MANDIRI ","JL. RE MARTADINATA NO. 203 ","KELURAHAN TONDO ","SWASTA ",SLB,"Kec. Mantikulore","Kota Palu","Prov. Sulawesi Tengah"
