No.,NPSN,"Nama Satuan Pendidikan",Alamat,Kelurahan,Status,"Bentuk Pendidikan",Kecamatan,Kabupaten/Kota,Provinsi
"1 "," 10300459 ","SLBN 1 LUBUK BASUNG ","SURABAYO ","LUBUK BASUNG ","NEGERI ",SLB,"Kec. Lubuk Basung","Kab. Agam","Prov. Sumatera Barat"
"1 "," 69756288 ","SLB BASO ","JL. BUKITTINGGI PAYAKUMBUH KM 11 PASAR BASO ","TABEK PANJANG ","SWASTA ",SLB,"Kec. Baso","Kab. Agam","Prov. Sumatera Barat"
"1 "," 69915332 ","SLB MUFTIA RAHMA ","SUNGAI TUAK ","KOTO TANGAH ","SWASTA ",SLB,"Kec. Tilatang Kamang","Kab. Agam","Prov. Sumatera Barat"
"1 "," 69984994 ","SLB KITA SAMA ","JORONG KUBANG DUO KOTO PANJANG ","BUKIK BATABUAH ","SWASTA ",SLB,"Kec. Candung","Kab. Agam","Prov. Sumatera Barat"
"1 "," 69756289 ","SLB AMANAH BUNDA ","SITAPUANG ","BALAI GURAH ","SWASTA ",SLB,"Kec. Ampek Angkek","Kab. Agam","Prov. Sumatera Barat"
"2 "," 69945383 ","SLB ETNIK KREATIF NUSANTARA ","JORONG SURAU PINANG AMPANG GADANG ","AMPANG GADANG ","SWASTA ",SLB,"Kec. Ampek Angkek","Kab. Agam","Prov. Sumatera Barat"
"3 "," 10309211 ","SLBN 1 AMPEK ANGKEK ","KOTO MARAPAK ","LAMBAH ","NEGERI ",SLB,"Kec. Ampek Angkek","Kab. Agam","Prov. Sumatera Barat"
"1 "," 10300288 ","SLB AMPEK NAGARI ","JLN. MANGKUDU BATU KAMBING ","BATU KAMBING ","SWASTA ",SLB,"Kec. Ampek Nagari","Kab. Agam","Prov. Sumatera Barat"
"1 "," 69902714 ","SLB HUSNI MURNI ","BATU HAMPAR ","NAGARI KOTO KACIAK ","SWASTA ",SLB,"Kec. Bonjol","Kab. Pasaman","Prov. Sumatera Barat"
"1 "," 69987463 ","SLB INDAH PERMATA BUNDA ","JL. PUTI SANGKAR BULAN NO. 62 BELAKANG PASAR LAMA ","NAGARI DURIAN TINGGI ","SWASTA ",SLB,"Kec. Lubuk Sikaping","Kab. Pasaman","Prov. Sumatera Barat"
"2 "," 10300855 ","SLB YAPPAT LUBUK SIKAPING ","JL.AHMADA YANI NO 17 LUBUKSIKAPING ","NAGARI PAUAH ","SWASTA ",SLB,"Kec. Lubuk Sikaping","Kab. Pasaman","Prov. Sumatera Barat"
"3 "," 69786957 ","SLBN 1 LUBUK SIKAPING ","JL. AIA DADOK ","NAGARI AIA MANGGIH ","NEGERI ",SLB,"Kec. Lubuk Sikaping","Kab. Pasaman","Prov. Sumatera Barat"
"1 "," 10300856 ","SLBN 1 PANTI ","KP. SORIK ","NAGARI PANTI ","NEGERI ",SLB,"Kec. Panti","Kab. Pasaman","Prov. Sumatera Barat"
"1 "," 10310718 ","SLB AL-AZRA IYAH ","JALAN TANMALAKA TABEK PANJANG ","KOTO BARU SIMALANGGANG ","SWASTA ",SLB,"Kec. Payakumbuh","Kab. Lima Puluh Koto","Prov. Sumatera Barat"
"2 "," 69991911 ","SLB SEHATI ","JL. JORONG TAMBUN IJUAK ","KOTO TANGAH SIMALANGGANG ","SWASTA ",SLB,"Kec. Payakumbuh","Kab. Lima Puluh Koto","Prov. Sumatera Barat"
"1 "," 10301305 ","SLBN 1 HARAU ","JLN. LEMBAH HARAU ","TARANTANG ","NEGERI ",SLB,"Kec. Harau","Kab. Lima Puluh Koto","Prov. Sumatera Barat"
"1 "," 10305496 ","SMPLB YDBI TARANTANG ","JLN. LEMBAH HARAU ","TARANTANG ","SWASTA ",SMPLB,"Kec. Harau","Kab. Lima Puluh Koto","Prov. Sumatera Barat"
"1 "," 69863195 ","SLB BUDI KARYA DANGUNG-DANGUNG ","GUGUAK ","GUGUAK ","SWASTA ",SLB,"Kec. Guguak","Kab. Lima Puluh Koto","Prov. Sumatera Barat"
"1 "," 10305494 ","SLB ULURAN KASIH ","LIMBANANG ","LIMBANANG ","SWASTA ",SLB,"Kec. Suliki","Kab. Lima Puluh Koto","Prov. Sumatera Barat"
"1 "," 69984651 ","SLB PELITA KAPUR ","JL. PEMUDA NO. 42 JORONG KOTO TINGGI NAGARI MUARO PAITI ","MUARO PAITI ","SWASTA ",SLB,"Kec. Kapur IX","Kab. Lima Puluh Koto","Prov. Sumatera Barat"
"1 "," 10301189 ","SLB AL HIDAYAH ","JORONG BUNGA TANJUNG ","MAEK ","SWASTA ",SLB,"Kec. Bukik Barisan","Kab. Lima Puluh Koto","Prov. Sumatera Barat"
"1 "," 10310725 ","SLB SYEH MUHAMMAD SA AD ","JLN. RAYA MUNGKA ","MUNGKA ","SWASTA ",SLB,"Kec. Mungka","Kab. Lima Puluh Koto","Prov. Sumatera Barat"
"1 "," 69900070 ","SLB YP PEDULI ANAK NAGARI ","JORONG KOTO RAMAI, NAGARI BATU HAMPA ","BATU HAMPA ","SWASTA ",SLB,"Kec. Akabiluru","Kab. Lima Puluh Koto","Prov. Sumatera Barat"
"1 "," 10304436 ","SLB CITRA BANGSA ","TUNGKAR ","TUNGKA ","SWASTA ",SLB,"Kec. Situjuah Limo Nagari","Kab. Lima Puluh Koto","Prov. Sumatera Barat"
"1 "," 10301176 ","SLB AIR RANDAH ","AIR RANDAH ","BALAI PANJANG ","SWASTA ",SLB,"Kec. Lareh Sago Halaban","Kab. Lima Puluh Koto","Prov. Sumatera Barat"
"1 "," 69948138 ","SLBN 1 ALAHAN PANJANG ","JL. IMAM BONJOL ALAHAN PANJANG ","ALAHAN PANJANG ","NEGERI ",SLB,"Kec. Lembah Gumanti","Kab. Solok","Prov. Sumatera Barat"
"1 "," 69760752 ","SLBS BUNDA ","JORONG KUBANG NAN DUO ","SIRUKAM ","SWASTA ",SLB,"Kec. Payung Sekaki","Kab. Solok","Prov. Sumatera Barat"
"1 "," 69786955 ","SLB BUNDA ZIKRILLAH ","JL. LAPANG KINARI ","KINARI ","SWASTA ",SLB,"Kec. Bukit Sundi","Kab. Solok","Prov. Sumatera Barat"
"2 "," 10308722 ","SLB FISABILILLAH ","ALAMAT JALAN SAWAH BALAI JORONG KOTO KACIAK ","MUARO PANEH ","SWASTA ",SLB,"Kec. Bukit Sundi","Kab. Solok","Prov. Sumatera Barat"
"1 "," 69980328 ","SLB AMAL BHAKTI WARGA ","JL. SARI BULAN BAWAH JAO SELAYO ","SELAYO ","SWASTA ",SLB,"Kec. Kubung","Kab. Solok","Prov. Sumatera Barat"
"2 "," 10301588 ","SLB MUARO BUDI SELAYO ","SARI BULAN BAWAH JAO SELAYO ","SELAYO ","SWASTA ",SLB,"Kec. Kubung","Kab. Solok","Prov. Sumatera Barat"
"3 "," 10304199 ","SLBN 1 KUBUNG ","JL. SURAU PASIR  ","KOTO BARU ","NEGERI ",SLB,"Kec. Kubung","Kab. Solok","Prov. Sumatera Barat"
"1 "," 69892365 ","SLB BERKAH ANISA ","JORONG GURUN ","PANINJAUAN ","SWASTA ",SLB,"Kec. X Koto Diatas","Kab. Solok","Prov. Sumatera Barat"
"1 "," 69760751 ","SLB ANGGUN MANDIRI ","JL.SAMPING SMA SINGKARAK NO.15 JORONG KUBANG GAJAH SINGKARAK ","SINGKARAK ","SWASTA ",SLB,"Kec. X Koto Singkarak","Kab. Solok","Prov. Sumatera Barat"
"1 "," 69987362 ","SLB DANAU KEMBAR ","JORONG PASAR ","SIMPANG TANJUANG NAN IV ","SWASTA ",SLB,"Kec. Danau Kembar","Kab. Solok","Prov. Sumatera Barat"
"1 "," 60724588 ","SLB ARRAHMAN ","JL. JAWA PERUM BUMI KASAI PERMAI ","KASANG ","SWASTA ",SLB,"Kec. Batang Anai","Kab. Padang Pariaman","Prov. Sumatera Barat"
"1 "," 10301766 ","SLB MUTIARA BUDI ","LUBUK ALUNG ","LUBUK ALUNG ","SWASTA ",SLB,"Kec. Lubuk Alung","Kab. Padang Pariaman","Prov. Sumatera Barat"
"2 "," 10307808 ","SLB NUR RACHMAN ","PUNGGUNG KASIK ","LUBUK ALUNG ","SWASTA ",SLB,"Kec. Lubuk Alung","Kab. Padang Pariaman","Prov. Sumatera Barat"
"1 "," 10301780 ","SLB YPAC NAN SABARIS ","LANTAK MINGKUDU, KECAMATAN NAN SABARIS, KABUPATEN PADANG PARIAMAN ","PADANG BINTUNGAN ","SWASTA ",SLB,"Kec. Nan Sabaris","Kab. Padang Pariaman","Prov. Sumatera Barat"
"1 "," 10301767 ","SLB AMAL BHAKTI SICINCIN ","JLN. MESJID RAYA PAUH MUDIK SICINCIN ","SICINCIN ","SWASTA ",SLB,"Kec. 2 x 11 VI Lingkung","Kab. Padang Pariaman","Prov. Sumatera Barat"
"1 "," 69987361 ","SLB ARAFAH ","KORONG AMPALU ","LAREH NAN PANJANG ","SWASTA ",SLB,"Kec. VII Koto Sungai Sarik","Kab. Padang Pariaman","Prov. Sumatera Barat"
"2 "," 10301778 ","SLB PERMATA BUNDA ","BALAH AIE ","BALAH AIA ","SWASTA ",SLB,"Kec. VII Koto Sungai Sarik","Kab. Padang Pariaman","Prov. Sumatera Barat"
"1 "," 69961042 ","SLB NURUL HASANAH PAKANDANGAN ","RINGAN-RINGAN NAGARI PAKANDANGAN ","PAKANDANGAN ","SWASTA ",SLB,"Kec. VI Lingkung","Kab. Padang Pariaman","Prov. Sumatera Barat"
"1 "," 10308264 ","SLB CAHAYA BUNDA ","KOTO PANDAN  ","KUDO-KUDO INDERAPURA ","SWASTA ",SLB,"Kec. Pancung Soal","Kab. Pesisir Selatan","Prov. Sumatera Barat"
"1 "," 10310573 ","SLBN 1 LINGGO SARI BAGANTI ","JALAN RANTAU SIMALENANG ","AIE HAJI ","NEGERI ",SLB,"Kec. Linggo Saribaganti","Kab. Pesisir Selatan","Prov. Sumatera Barat"
"1 "," 10308223 ","SLBN 1 RANAH PESISIR ","JL. KOTO LANGSAT NO.10 ","PELANGAI KACIAK ","NEGERI ",SLB,"Kec. Ranah Pesisir","Kab. Pesisir Selatan","Prov. Sumatera Barat"
"1 "," 10308259 ","SLBN 1 LENGAYANG ","MEDAN BAIK KAMBANG ","KAMBANG ","NEGERI ",SLB,"Kec. Lengayang","Kab. Pesisir Selatan","Prov. Sumatera Barat"
"1 "," 10308178 ","SLB YPPC PAINAN ","JLN TELUK BELIBIS SIANIK SAGO ","SALIDO ","SWASTA ",SLB,"Kec. IV Jurai","Kab. Pesisir Selatan","Prov. Sumatera Barat"
"2 "," 10301850 ","SLBN 1 PAINAN ","JLN.H ILYAS YACUB PAINAN ","PAINAN ","NEGERI ",SLB,"Kec. IV Jurai","Kab. Pesisir Selatan","Prov. Sumatera Barat"
"1 "," 10308431 ","SLB KASIH IBU BAYANG ","JALAN SLB ","PASAR BARU ","SWASTA ",SLB,"Kec. Bayang","Kab. Pesisir Selatan","Prov. Sumatera Barat"
"2 "," 10308257 ","SLB YMIK BAYANG ","KAPENCONG ","KAPELGAM KOTO BARAPAK ","SWASTA ",SLB,"Kec. Bayang","Kab. Pesisir Selatan","Prov. Sumatera Barat"
"1 "," 10310902 ","SLB AL-MIRZA ","TARUSAN ","BARUNG BARUNG BALANTAI SELATAN ","SWASTA ",SLB,"Kec. Koto XI Terusan","Kab. Pesisir Selatan","Prov. Sumatera Barat"
"2 "," 10308078 ","SLB BINAR TARUSAN ","NANGGALO TARUSAN ","JLN. TELUK RAYA TARUSAN ","SWASTA ",SLB,"Kec. Koto XI Terusan","Kab. Pesisir Selatan","Prov. Sumatera Barat"
"3 "," 69962523 ","SLB DIO FASTABIQUL KHAIRAT ","JL. PADANG-PAINAN KM 52 KENAGARIAN DUKU ","DUKU ","SWASTA ",SLB,"Kec. Koto XI Terusan","Kab. Pesisir Selatan","Prov. Sumatera Barat"
"4 "," 10308024 ","SLB YAPEM TARUSAN ","JL. SAWAH LIAT ","SAWAH LIAT ","SWASTA ",SLB,"Kec. Koto XI Terusan","Kab. Pesisir Selatan","Prov. Sumatera Barat"
"1 "," 69759043 ","SLB WARAQIL JANNAH ","JL HILIR BALAI ","PANINJAUAN ","SWASTA ",SLB,"Kec. X Koto","Kab. Tanah Datar","Prov. Sumatera Barat"
"1 "," 69984506 ","SLB AISYIYAH CABANG SIMABUR ","JL. RAYA SIMABUR JORONG SIMABUR ","SIMABUR ","SWASTA ",SLB,"Kec. Pariangan","Kab. Tanah Datar","Prov. Sumatera Barat"
"1 "," 10310499 ","SLB AUTISCARE ","JL.SIMONAI NO. 8  ","KUBU RAJO ","SWASTA ",SLB,"Kec. Lima Kaum","Kab. Tanah Datar","Prov. Sumatera Barat"
"2 "," 10310471 ","SLBN 1 LIMA KAUM ","JL. JENDERAL SUDIRMAN, LIMA KAUM ","LIMA KAUM ","NEGERI ",SLB,"Kec. Lima Kaum","Kab. Tanah Datar","Prov. Sumatera Barat"
"1 "," 10302503 ","SLBN 1 PAGARUYUNG ","JORONG NAN AMPEK ","PAGARUYUNG ","NEGERI ",SLB,"Kec. Tanjung Emas","Kab. Tanah Datar","Prov. Sumatera Barat"
"1 "," 10308855 ","SLB MUTIARA KASIH ","JORONG BALAI GADANG ","SUNGAYANG ","SWASTA ",SLB,"Kec. Sungayang","Kab. Tanah Datar","Prov. Sumatera Barat"
"1 "," 10308284 ","SLB KEMALA BHAYANGKARI ","JL. SIMPANG KALUMPANG ","LUBUAK JANTAN ","SWASTA ",SLB,"Kec. Lintau Buo Utara","Kab. Tanah Datar","Prov. Sumatera Barat"
"1 "," 10311324 ","SLBN 1 KAMANG BARU ","JL. LINTAS SUMATERA KILIRAN JAO TELUK KUANTAN ","KAMANG ","NEGERI ",SLB,"Kec. Kamang Baru","Kab. Sijunjung","Prov. Sumatera Barat"
"1 "," 69880557 ","SLB AISYIYAH SIJUNJUNG ","JORONG KAMPUNG BERLIAN, KECAMATAN SIJUNJUNG, KABUPATEN SIJUNJUNG ","SIJUNJUNG ","SWASTA ",SLB,"Kec. Sijunjung","Kab. Sijunjung","Prov. Sumatera Barat"
"2 "," 10302887 ","SLBN 1 MUARO SIJUNJUNG ","JL. RASUNA SAID NO. 7 ","MUARO ","NEGERI ",SLB,"Kec. Sijunjung","Kab. Sijunjung","Prov. Sumatera Barat"
"1 "," 10310891 ","SLB TUNAS MULIA ","JL. PROF. M YAMIN TANJUNG AMPALU, KEC. KOTO VII, KABUPATEN SIJUNJUNG ","LIMO KOTO ","SWASTA ",SLB,"Kec. Koto VII","Kab. Sijunjung","Prov. Sumatera Barat"
"1 "," 69961503 ","SLB BINA LAGGAI MENTAWAI ","JALAN RAYA TUAPEJAT KM. 2 SIPORA UTARA ","TUAPEJAT ","SWASTA ",SLB,"Kec. Sipora Utara","Kab. Kepulauan Mentawai","Prov. Sumatera Barat"
"2 "," 69959484 ","SLB MUTIARA BANGSA PRATAMA MENTAWAI ","JALAN RAYA TUAPEJAT KM. 6 SIPORA UTARA ","SIPORA JAYA ","SWASTA ",SLB,"Kec. Sipora Utara","Kab. Kepulauan Mentawai","Prov. Sumatera Barat"
"1 "," 69931735 ","SLB  FAN REDHA ","JALAN SARIK TABA KENAGARIAN LUBUK GADANG KEC. SANGIR ","LUBUK GADANG UTARA ","SWASTA ",SLB,"Kec. Sangir","Kab. Solok Selatan","Prov. Sumatera Barat"
"2 "," 10310469 ","SLBN 1 SANGIR ","JL. GORDEN ARM BUKIT MALINTANG ","LUBUK GADANG ","NEGERI ",SLB,"Kec. Sangir","Kab. Solok Selatan","Prov. Sumatera Barat"
"1 "," 10306838 ","SLBN 1 SUNGAI PAGU ","JL.  RAYA BATANG LAWE ","PASIR TALANG BARAT ","NEGERI ",SLB,"Kec. Sungai Pagu","Kab. Solok Selatan","Prov. Sumatera Barat"
"1 "," 10310181 ","SLB ATHALLAH SUNGAI RUMBAI ","JORONG BUKIT BERBUNGA  ","SUNGAI RUMBAI TIMUR ","SWASTA ",SLB,"Kec. Sungai Rumbai","Kab. Dharmasraya","Prov. Sumatera Barat"
"1 "," 69888456 ","SLB KOTO AGUNG ","JR. KOTO AGUNG KIRI NAGARI SUNGAI DUO ","SUNGAI DUO ","SWASTA ",SLB,"Kec. Sitiung","Kab. Dharmasraya","Prov. Sumatera Barat"
"1 "," 10308107 ","SLBN 1 PULAU PUNJUNG ","PULAU PUNJUNG ","IV KOTO PULAU PUNJUNG ","NEGERI ",SLB,"Kec. Pulau Punjung","Kab. Dharmasraya","Prov. Sumatera Barat"
"1 "," 10306691 ","SLB UMMI CHAIRA ","JL. SIMPANG EMPAT-UJUNG GADING ","AIA GADANG ","SWASTA ",SLB,"Kec. Pasaman","Kab. Pasaman Barat","Prov. Sumatera Barat"
"1 "," 69954076 ","SLB BAITUL FATTAAHU KINALI ","JORONG ENAM KOTO SELATAN, KINALI ","KINALI ","SWASTA ",SLB,"Kec. Kinali","Kab. Pasaman Barat","Prov. Sumatera Barat"
"1 "," 10310045 ","SLBN 1 SUNGAI AUR ","JL. SIMPANG EMPAT - UJUNG GADING ","SUNGAI AUA ","NEGERI ",SLB,"Kec. Sungai Aur","Kab. Pasaman Barat","Prov. Sumatera Barat"
"1 "," 10307565 ","SLB AL AZHAR ","JLN. TDR PARAK KONSI ","BUKIT APIT PUHUN ","SWASTA ",SLB,"Kec. Guguk Panjang","Kota Bukittinggi","Prov. Sumatera Barat"
"1 "," 10310638 ","SLB AL IKHLAS ","KOTA BUKIT TINGGI ","GAREGEH ","SWASTA ",SLB,"Kec. Mandiangin Koto Selayan","Kota Bukittinggi","Prov. Sumatera Barat"
"2 "," 10307944 ","SLB AUTISMA YPPA BUKITTINGGI ","JL. PINTU KABUN JIREK GG. MAWAR  ","PUHUN PINTU KABUN ","SWASTA ",SLB,"Kec. Mandiangin Koto Selayan","Kota Bukittinggi","Prov. Sumatera Barat"
"3 "," 10308272 ","SLB KARAKTER MANDIRI ","JL ABDUL MANAN CAMPAGO IPUH ","CAMPAGO IPUH ","SWASTA ",SLB,"Kec. Mandiangin Koto Selayan","Kota Bukittinggi","Prov. Sumatera Barat"
"4 "," 10303425 ","SLBN 1 BUKITTINGGI ","JL. BELAKANG HOTEL PUSAKO ","MANGGIS GANTING ","NEGERI ",SLB,"Kec. Mandiangin Koto Selayan","Kota Bukittinggi","Prov. Sumatera Barat"
"1 "," 10307566 ","SLB AUTISMA PERMATA BUNDA ","JL. H. BURHAN BIRUGO ","BELAKANG BALOK ","SWASTA ",SLB,"Kec. Aur Birugo Tigo Baleh","Kota Bukittinggi","Prov. Sumatera Barat"
"2 "," 69888478 ","SLB RESTU IBU ","JLN. KUBU TANJUNG, NO. 90 ","KUBU TANJUNG ","SWASTA ",SLB,"Kec. Aur Birugo Tigo Baleh","Kota Bukittinggi","Prov. Sumatera Barat"
"1 "," 69734442 ","SLB SAMUDERA BIRU ","JL. PADANG PAINAN ","TELUK KABUNG UTARA ","SWASTA ",SLB,"Kec. Bungus Teluk Kabung","Kota Padang","Prov. Sumatera Barat"
"1 "," 69734441 ","SLB HIKMAH MIFTAHUL JANNAH ","JL.NANGKA NO 120 RT 03 / RW 06 PERUMNAS III INDARUNG. KECAMATAN LUBUK KILANGAN ","INDARUNG ","SWASTA ",SLB,"Kec. Lubuk Kilangan","Kota Padang","Prov. Sumatera Barat"
"2 "," 10303560 ","SLB LUKI ","JL.SMP N 21 PADANG ","BANDAR BUAT ","SWASTA ",SLB,"Kec. Lubuk Kilangan","Kota Padang","Prov. Sumatera Barat"
"1 "," 10303575 ","SLB BINA BANGSA TN.SIRAH ","KEL. TANAH SIRAH RT 04/03 NO.14 ","TANAH SIRAH PIAI NAN XX ","SWASTA ",SLB,"Kec. Lubuk Begalung","Kota Padang","Prov. Sumatera Barat"
"2 "," 69734154 ","SLB BUNDO KANDUANG ","JL. ARAI PINANG PEGAMBIRAN AMPALU ","PAGAMBIRAN AMPALU NAN XX ","SWASTA ",SLB,"Kec. Lubuk Begalung","Kota Padang","Prov. Sumatera Barat"
"1 "," 10303570 ","SLB AL - ISHLAAH PADANG ","JALAN SUTAN SYAHRIR SEBERANG PADANG UTARA II, KEC. PADANG SELATAN, 24215 ","SEBERANG PADANG ","SWASTA ",SLB,"Kec. Padang Selatan","Kota Padang","Prov. Sumatera Barat"
"2 "," 10304776 ","SLB WACANA ASIH ","PADANG SELATAN ","ALANG LAWEH ","SWASTA ",SLB,"Kec. Padang Selatan","Kota Padang","Prov. Sumatera Barat"
"1 "," 69734440 ","SLB AUTISMA MUTIARA BANGSA ","JALAN AIR CAMAR NO. 10 C ","PARAK GADANG TIMUR ","SWASTA ",SLB,"Kec. Padang Timur","Kota Padang","Prov. Sumatera Barat"
"2 "," 69902665 ","SLB AUTISMA MUTIARA BANGSA PRATAMA ","JL.AIR CAMAR II NO. 05  ","PARAK GADANG TIMUR ","SWASTA ",SLB,"Kec. Padang Timur","Kota Padang","Prov. Sumatera Barat"
"3 "," 10307638 ","SLB AUTISMA YPPA ","JL. GARUDA 2 ANDALAS ","ANDALAS ","SWASTA ",SLB,"Kec. Padang Timur","Kota Padang","Prov. Sumatera Barat"
"4 "," 69960216 ","SLB KHANSA ","JALAN JATI VII NO. 17 ","JATI BARU ","SWASTA ",SLB,"Kec. Padang Timur","Kota Padang","Prov. Sumatera Barat"
"5 "," 10303556 ","SLB YPPLB ","JL. KIS MANGGUNSARKORO ","JATI BARU ","SWASTA ",SLB,"Kec. Padang Timur","Kota Padang","Prov. Sumatera Barat"
"1 "," 10308276 ","SLB AUTIS MITRA KASIH KARUNIA ","JL. KAMPUNG SEBELAH DALAM IX NO. 3A ","KAMPUNG PONDOK ","SWASTA ",SLB,"Kec. Padang Barat","Kota Padang","Prov. Sumatera Barat"
"2 "," 69762802 ","SLBS PK-PLK TIJI ","JL. BATANG ANAI NO. 12 PADANG ","RIMBO KALUANG ","SWASTA ",SLB,"Kec. Padang Barat","Kota Padang","Prov. Sumatera Barat"
"1 "," 10304762 ","SLB AUTIS HARAPAN BUNDA ","JL. PENGUIN II ","AIR TAWAR BARAT ","SWASTA ",SLB,"Kec. Padang Utara","Kota Padang","Prov. Sumatera Barat"
"2 "," 10303550 ","SLB PERWARI ","JL. S. PARMAN NO.236 ","ULAK KARANG UTARA ","SWASTA ",SLB,"Kec. Padang Utara","Kota Padang","Prov. Sumatera Barat"
"3 "," 10303554 ","SLB YPAC SUMATERA BARAT ","JL. BHAKTI II NO. 14 ALAI PARAK KOPI ","ALAI PARAK KOPI ","SWASTA ",SLB,"Kec. Padang Utara","Kota Padang","Prov. Sumatera Barat"
"1 "," 10310324 ","SLB AUTIS YAYASAN MITRA ANANDA ","JL.JHONI ANWAR NO.27 C ","KAMPUNG LAPAI BARU ","SWASTA ",SLB,"Kec. Nanggalo","Kota Padang","Prov. Sumatera Barat"
"2 "," 10308281 ","SLB KASIH UMMI ","JL. HANDAYANI II NO 66 PERUMDAM III ","SURAU GADANG ","SWASTA ",SLB,"Kec. Nanggalo","Kota Padang","Prov. Sumatera Barat"
"3 "," 10307646 ","SLB MUHAMMADIYAH NANGGALO ","JL. BEROK RAYA SITEBA ","SURAU GADANG ","SWASTA ",SLB,"Kec. Nanggalo","Kota Padang","Prov. Sumatera Barat"
"4 "," 10303553 ","SLB WORK SHOP ","JL.GAJAH MADA NO.41/B ","KAMPUNG OLO ","SWASTA ",SLB,"Kec. Nanggalo","Kota Padang","Prov. Sumatera Barat"
"1 "," 10303569 ","SLB AL HIDAYAH ","JL. JERUK XII NO.200 BELIMBING KURANJI ","KURANJI ","SWASTA ",SLB,"Kec. Kuranji","Kota Padang","Prov. Sumatera Barat"
"2 "," 10308850 ","SLB AUTIS BUAH HATI IBU ","JL.KASIK LOLO GUNUNG SARIK RT.03 RW.03 ","GUNUNG SARIK ","SWASTA ",SLB,"Kec. Kuranji","Kota Padang","Prov. Sumatera Barat"
"3 "," 10303562 ","SLB HIKMAH REFORMASI ","KOMP.GRIYA TUI INDAH BLOK F NO.4 KURANJI ","KURANJI ","SWASTA ",SLB,"Kec. Kuranji","Kota Padang","Prov. Sumatera Barat"
"4 "," 10303546 ","SLB MUHAMMADIYAH PAUH IX PADANG ","JL. DR. MOH. HATTA RAWANG KETAPING ","PASAR AMBACANG ","SWASTA ",SLB,"Kec. Kuranji","Kota Padang","Prov. Sumatera Barat"
"5 "," 69764538 ","SLB SALSABILLA INDAH ","AMPANG KARANG GANTING RT02/05 NO.12C ","AMPANG ","SWASTA ",SLB,"Kec. Kuranji","Kota Padang","Prov. Sumatera Barat"
"1 "," 10303573 ","SLB FAN REDHA ","JL. FILSAFAT KOMP. UNAND BLOK 3/04/09 ","LIMAU MANIS SELATAN ","SWASTA ",SLB,"Kec. Pauh","Kota Padang","Prov. Sumatera Barat"
"2 "," 10304754 ","SLB LIMAS PADANG ","JL. BIOLOGI RAYA  BIII/17/10 PERUM. UNAND ULU GADUT PADANG ","LIMAU MANIS SELATAN ","SWASTA ",SLB,"Kec. Pauh","Kota Padang","Prov. Sumatera Barat"
"3 "," 10307647 ","SLBN 1 PADANG ","JL. LIMAU MANIS ","LIMAU MANIS ","NEGERI ",SLB,"Kec. Pauh","Kota Padang","Prov. Sumatera Barat"
"1 "," 10303568 ","SLB AISYIAH ","JL. KAMPUNG JAMBAK ","LUBUK BUAYA ","SWASTA ",SLB,"Kec. Koto Tangah","Kota Padang","Prov. Sumatera Barat"
"2 "," 10304760 ","SLB AL MUJADILLAH ","JL. IKUR KOTO LB. MINTURUN ","KOTO PANJANG IKUR KOTO ","SWASTA ",SLB,"Kec. Koto Tangah","Kota Padang","Prov. Sumatera Barat"
"3 "," 10303977 ","SLB AMANAH KOTO TANGAH ","JL. IKUR KOTO ","KOTO PANJANG IKUA KOTO ","SWASTA ",SLB,"Kec. Koto Tangah","Kota Padang","Prov. Sumatera Barat"
"4 "," 10303547 ","SLB AUTIS BIMA PADANG ","KOMP.PONDOK KARYA II BLOK A5 ","BATANG KABUNG ","SWASTA ",SLB,"Kec. Koto Tangah","Kota Padang","Prov. Sumatera Barat"
"5 "," 10307639 ","SLB BAKTI ","JL.ANGGREK RAWANG PANJANG TUNGGUL  HITAM ","DADOK TUNGGUL HITAM ","SWASTA ",SLB,"Kec. Koto Tangah","Kota Padang","Prov. Sumatera Barat"
"6 "," 10304767 ","SLB GEMA INSANI ","JL. CIKARAU NO.23 RT 03 RW 03 ","PARUPUK TABING ","SWASTA ",SLB,"Kec. Koto Tangah","Kota Padang","Prov. Sumatera Barat"
"7 "," 10303561 ","SLB KARYA PADANG ","JL. LAPANGAN BOLA TABING ","PARUPUK TABING ","SWASTA ",SLB,"Kec. Koto Tangah","Kota Padang","Prov. Sumatera Barat"
"8 "," 10303548 ","SLBN 2 PADANG ","PADANG SARAI ","PADANG SARAI ","NEGERI ",SLB,"Kec. Koto Tangah","Kota Padang","Prov. Sumatera Barat"
"9 "," 69764537 ","SLBS LUMIN ALISA ","JLN. AIA DINGIN ","BALAI GADANG ","SWASTA ",SLB,"Kec. Koto Tangah","Kota Padang","Prov. Sumatera Barat"
"1 "," 60728567 ","SLB ASIH PUTRA ","JLN. RASUNA SAID NO. 16 ","SILAING BAWAH ","SWASTA ",SLB,"Kec. Padang Panjang Barat","Kota Padang Panjang","Prov. Sumatera Barat"
"2 "," 69788571 ","SLB CAHYA KEMALA ","JLN. TEUKU UMAR NO. 538 RT. 13 ","BALAI-BALAI ","SWASTA ",SLB,"Kec. Padang Panjang Barat","Kota Padang Panjang","Prov. Sumatera Barat"
"3 "," 10303644 ","SLBN 1 PADANG PANJANG ","JLN. M NASIR DT. PAMUNCAK NO 13 ","SILAING BAWAH ","NEGERI ",SLB,"Kec. Padang Panjang Barat","Kota Padang Panjang","Prov. Sumatera Barat"
"1 "," 10310734 ","SLB AUTIS BIMA ","JLN. ANAS KARIM NO 49 KEBUN SIKOLOS  ","KAMPUNG MANGGIS ","SWASTA ",SDLB,"Kec. Padang Panjang Barat","Kota Padang Panjang","Prov. Sumatera Barat"
"1 "," 10310880 ","SLB INSAN MANDIRI ","JLN. URIP SUMOHARJO KEL. TANAH PAK LAMBIK ","TANAH PAK LAMBIK ","SWASTA ",SLB,"Kec. Padang Panjang Timur","Kota Padang Panjang","Prov. Sumatera Barat"
"2 "," 10310736 ","SLB MUTIARA BUNDA ","JLN. ABU HANIFAH  ","GUGUK MALINTANG ","SWASTA ",SLB,"Kec. Padang Panjang Timur","Kota Padang Panjang","Prov. Sumatera Barat"
"1 "," 10305590 ","SLB TUNAS HARAPAN ","JALAN LINTAS SUMATERA PASAR INPRES SILUNGKANG TIGO ","SILUNGKANG TIGO ","SWASTA ",SLB,"Kec. Silungkang","Kota Sawah Lunto","Prov. Sumatera Barat"
"1 "," 69971258 ","SLB AL KAUSAR ","DUSUN POLAK DATAR ","KUBANG TANGAH ","SWASTA ",SLB,"Kec. Lembah Segar","Kota Sawah Lunto","Prov. Sumatera Barat"
"1 "," 69963607 ","SLB RUMAH TIA ","JL. KEBUN JATI W. 42 ","SARINGAN ","SWASTA ",SLB,"Kec. Barangin","Kota Sawah Lunto","Prov. Sumatera Barat"
"2 "," 10303703 ","SLBN 1 SAWAHLUNTO ","JL. ZAINUDDIN TEMBAK ","LUBANG PANJANG ","NEGERI ",SLB,"Kec. Barangin","Kota Sawah Lunto","Prov. Sumatera Barat"
"1 "," 10310572 ","SLB YKB TALAWI ","DESA SALAK ","SALAK ","SWASTA ",SLB,"Kec. Talawi","Kota Sawah Lunto","Prov. Sumatera Barat"
"2 "," 10308152 ","SLBN 2 SAWAHLUNTO ","JL. TALAWI-RAWANG SULIT AIR  ","TALAWI HILIR ","NEGERI ",SLB,"Kec. Talawi","Kota Sawah Lunto","Prov. Sumatera Barat"
"1 "," 10307810 ","SLB AUTISME YPPA SOLOK ","JL. LETTU AMRAN BAWAH BUNGO ","VI SUKU ","SWASTA ",SLB,"Kec. Lubuk Sikarah","Kota Solok","Prov. Sumatera Barat"
"2 "," 69759149 ","SLBS LENTERA BUNDA ","JL. REFORMASI RT 003 RW 003 ","SIMPANG RUMBIO ","SWASTA ",SLB,"Kec. Lubuk Sikarah","Kota Solok","Prov. Sumatera Barat"
"1 "," 10310703 ","SLB AUTIS BIMA ","JLN. SAWAH SIANIK NO.13 KEL. NAN BALIMO KEC.TANJUNG HARAPAN KOTA SOLOK ","NAN BALIMO ","SWASTA ",SLB,"Kec. Tanjung Harapan","Kota Solok","Prov. Sumatera Barat"
"2 "," 10303751 ","SLBN 1 SOLOK ","JL. TEMBOK RAYA ","NAN BALIMO ","NEGERI ",SLB,"Kec. Tanjung Harapan","Kota Solok","Prov. Sumatera Barat"
"1 "," 69867923 ","SLB A PAYAKUMBUH ","JL SOEKARNO HATTA NO 288 ","PAKAN SINAYAN ","SWASTA ",SLB,"Kec. Payakumbuh Barat","Kota Payakumbuh","Prov. Sumatera Barat"
"2 "," 10310746 ","SLB AUTIS JALINAN HATI ","JLN. TAN MALAKA NO 166 KELURAHAN NAPAR KECAMATAN PAYAKUMBUH UTARA ","KOTO TANGAH ","SWASTA ",SLB,"Kec. Payakumbuh Barat","Kota Payakumbuh","Prov. Sumatera Barat"
"3 "," 10303868 ","SLB C PAYAKUMBUH ","JL IMAM BONJOL ","PAYOLANSEK ","SWASTA ",SLB,"Kec. Payakumbuh Barat","Kota Payakumbuh","Prov. Sumatera Barat"
"1 "," 10308194 ","SLB AUTISMA PERMATA BUNDA ","JLN. SOEKARNO HATTA BULAKAN BALAI KANDI,BELAKANG KANTOR PM ","BULAKAN BALAI KANDI ","SWASTA ",SDLB,"Kec. Payakumbuh Barat","Kota Payakumbuh","Prov. Sumatera Barat"
"2 "," 10303867 ","SLB B PAYAKUMBUH ","JALAN AGUS SALIM NO 8 AURKUNING ","BALAI NAN DUO ","SWASTA ",SDLB,"Kec. Payakumbuh Barat","Kota Payakumbuh","Prov. Sumatera Barat"
"1 "," 10303865 ","SLB LUAK NAN BUNGSU ","SINGGALANG ","BALAI JARING ","SWASTA ",SLB,"Kec. Payakumbuh Timur","Kota Payakumbuh","Prov. Sumatera Barat"
"2 "," 60724953 ","SLB PEDULI ANAK BANGSA ","JLN.RASUNA SAID NO.120 A ","BALAI NAN TUO ","SWASTA ",SLB,"Kec. Payakumbuh Timur","Kota Payakumbuh","Prov. Sumatera Barat"
"1 "," 10307795 ","SLBN 1 PAYAKUMBUH ","JL. KH. AHMAD DAHLAN  ","BALAI BATUANG ","NEGERI ",SLB,"Kec. Payakumbuh Utara","Kota Payakumbuh","Prov. Sumatera Barat"
"1 "," 69893226 ","SLB SERASI ","JL.PALEM RT.003/RW.002 ","PADANG SIKABU ","SWASTA ",SLB,"Kec. Lamposi Tigo Nagori","Kota Payakumbuh","Prov. Sumatera Barat"
"1 "," 69895380 ","SLB INSAN MULIA ","JL.KHATIB SULAIMAN ","LIMBUKAN ","SWASTA ",SLB,"Kec. Payakumbuh Selatan","Kota Payakumbuh","Prov. Sumatera Barat"
"1 "," 10307435 ","SLB SABILUNA ","JL.SAMAUN BHAKRI ","SIKABU ","SWASTA ",SLB,"Kec. Pariaman Selatan","Kota Pariaman","Prov. Sumatera Barat"
"1 "," 10310879 ","SLB AUTIS BIMA PARIAMAN ","JALAN IMAM BONJOL NO 22  ","CIMPARUH ","SWASTA ",SLB,"Kec. Pariaman Tengah","Kota Pariaman","Prov. Sumatera Barat"
"2 "," 10310695 ","SLBN 1 PARIAMAN ","JL. H. AGUS SALIM, GANG KEHAKIMAN ","JALAN KERETA API ","NEGERI ",SLB,"Kec. Pariaman Tengah","Kota Pariaman","Prov. Sumatera Barat"
"3 "," 10307423 ","SLBN 2 PARIAMAN ","JL. A. YANI ","PONDOK II ","NEGERI ",SLB,"Kec. Pariaman Tengah","Kota Pariaman","Prov. Sumatera Barat"
