No.,NPSN,"Nama Satuan Pendidikan",Alamat,Kelurahan,Status,"Bentuk Pendidikan",Kecamatan,Kabupaten/Kota,Provinsi
"1 "," 10600384 ","SLB NEGERI SEKAYU ","JL. TELADAN ","BALAI AGUNG ","NEGERI ",SLB,"Kec. Sekayu","Kab. Musi Banyuasin","Prov. Sumatera Selatan"
"1 "," 10600716 ","SLB NEGERI KAYUAGUNG ","JL LETNAN SAYUTI NO.079 KOTARAYA ","KOTARAYA ","NEGERI ",SLB,"Kec. Kota Kayu Agung","Kab. Ogan Komering Ilir","Prov. Sumatera Selatan"
"1 "," 10604808 ","SLB NEGERI BATURAJA ","JL.KEMILING TANJUNG BARU ","TANJUNG BARU ","NEGERI ",SLB,"Kec. Baturaja Timur","Kab. Ogan Komering Ulu","Prov. Sumatera Selatan"
"1 "," 10648044 ","SLB AUTIS KARUNIA TANJUNG ENIM  ","JLN. KARET DESA TEGALREJO ","TEGALREJO ","SWASTA ",SLB,"Kec. Lawang Kidul","Kab. Muara Enim","Prov. Sumatera Selatan"
"1 "," 10648303 ","SLBN MUARA ENIM ","JL. MAYOR TJIK AGUS KEMAS, SH LINTAS KEPUR DESA MUARA LAWAI MUARA ENIM ","MUARA LAWAI ","NEGERI ",SLB,"Kec. Muara Enim","Kab. Muara Enim","Prov. Sumatera Selatan"
"1 "," 10601449 ","SLB NEGERI LAHAT ","JLN.JEND .A. YANI, PAGAR AGUNG LAHAT ","PAGAR AGUNG ","NEGERI ",SLB,"Kec. Lahat","Kab. Lahat","Prov. Sumatera Selatan"
"1 "," 10645902 ","SLB NEGERI MUSI RAWAS ","JL JENDRAL SUDIRMAN ","MATARAM ","NEGERI ",SLB,"Kec. Tugu Mulyo","Kab. Musi Rawas","Prov. Sumatera Selatan"
"1 "," 69988096 ","SLB TUNAS MANDIRI MUSI RAWAS ","JALAN AGROPOLITAN ","TALANG UBI ","SWASTA ",SLB,"Kec. Megang Sakti","Kab. Musi Rawas","Prov. Sumatera Selatan"
"1 "," 69756063 ","SLBN BANYUASIN ","JLN. KH. SULAIMAN ","KEDONDONG RAYE ","NEGERI ",SLB,"Kec. Banyuasin III","Kab. Banyuasin","Prov. Sumatera Selatan"
"1 "," 10648819 ","SLB RIMBA ASAM ","JLN. PALEMBANG - BETUNG NO.26 RT.14 RW.03 LK. II  ","RIMBA ASAM ","SWASTA ",SLB,"Kec. Betung","Kab. Banyuasin","Prov. Sumatera Selatan"
"1 "," 69976730 ","SLB OPI JAKABARING ","JALAN PIPA SUNGAI LAIS KOMP. LIVERPOOL 1BLOK. C26 ","SUNGAI KEDUKAN ","SWASTA ",SLB,"Kec. Rambutan","Kab. Banyuasin","Prov. Sumatera Selatan"
"1 "," 10606480 ","SLBN MARTAPURA ","JL. SIMPANG JAYAPURA KOTABARU SELATAN MARTAPURA ","KOTA BARU SELATAN ","NEGERI ",SLB,"Kec. Martapura","Kab. Ogan Komering Ulu Timur","Prov. Sumatera Selatan"
"1 "," 69945266 ","SLB SERASAN SEANDANAN ","JL. R.A. KARTINI DESA KECIPUNG  ","BATU BELANG JAYA ","SWASTA ",SLB,"Kec. Muaradua","Kab. Ogan Komering Ulu Selatan","Prov. Sumatera Selatan"
"1 "," 10605911 ","SLB NEGERI OGAN ILIR ","JLN. PASIRAH MATNANG ","TANJUNG PERING ","NEGERI ",SLB,"Kec. Indralaya Utara","Kab. Ogan Ilir","Prov. Sumatera Selatan"
"1 "," 69987462 ","SLB NEGERI PALI ","JL. RAYA PALI - MUBA TALANG KERANGAN ","TALANG UBI UTARA ","NEGERI ",SLB,"KEC. TALANG UBI","Kab. Penukal Abab Lematang Ilir","Prov. Sumatera Selatan"
"1 "," 69952506 ","SLB C AUTIS PELITA HATI ","JL. AHMAD YANI, KOMP. PERMATA BIRU BLOK A2 ","16 ULU ","SWASTA ",SLB,"Kec. Seberang Ulu II","Kota Palembang","Prov. Sumatera Selatan"
"1 "," 10609475 ","SLB AUTIS HARAPAN MANDIRI PALEMBANG ","JL. SUHADA NO. 1512/44 RT/RW 26/08 KAMPUS ","LOROK PAKJO ","SWASTA ",SLB,"Kec. Ilir Barat I","Kota Palembang","Prov. Sumatera Selatan"
"1 "," 10604008 ","SLB A PRPCN PALEMBANG ","JL. SOSIAL KM.6 KEC. SUKARAMI PALEMBANG ","8 ILIR ","SWASTA ",SLB,"Kec. Ilir Timur II","Kota Palembang","Prov. Sumatera Selatan"
"2 "," 10604006 ","SLB C YAYASAN 88 PALEMBANG ","JL. RE MARTADINATA NO. 126/1 ","2 ILIR ","SWASTA ",SLB,"Kec. Ilir Timur II","Kota Palembang","Prov. Sumatera Selatan"
"1 "," 10603995 ","SLB B YPAC PALEMBANG ","JL. MR. R. SUDARMAN GANDA SUBRATA NO.2727 ","SUKAMAJU ","SWASTA ",SLB,"Kec. Sako","Kota Palembang","Prov. Sumatera Selatan"
"2 "," 10604005 ","SLB C YPAC PALEMBANG ","JL. MR. R. SUDARMAN GANDA SUBRATA NO.2727 ","SUKAMAJU ","SWASTA ",SLB,"Kec. Sako","Kota Palembang","Prov. Sumatera Selatan"
"3 "," 10604004 ","SLB C1 YPAC PALEMBANG ","JL. MR. R. SUDARMAN GANDA SUBRATA NO.2727 ","SUKAMAJU ","SWASTA ",SLB,"Kec. Sako","Kota Palembang","Prov. Sumatera Selatan"
"4 "," 10609480 ","SLB D.D1 YPAC PALEMBANG ","JL. MR. R. SUDARMAN GANDA SUBRATA NO.2727 ","SUKAMAJU ","SWASTA ",SLB,"Kec. Sako","Kota Palembang","Prov. Sumatera Selatan"
"1 "," 10645374 ","SLB NEGERI PEMBINA PALEMBANG ","JL. KEBUN BUNGA KM 9,5 PALEMBANG ","KEBUN BUNGA ","NEGERI ",SLB,"Kec. Sukarami","Kota Palembang","Prov. Sumatera Selatan"
"1 "," 10644862 ","SLB E WISMA HARAPAN PRAN PALEMBANG ","JL. SOSIAL KM 6 ","SUKABANGUN ","SWASTA ",SDLB,"Kec. Sukarami","Kota Palembang","Prov. Sumatera Selatan"
"1 "," 10644165 ","SLB B KARYA IBU PALEMBANG ","JL. SOSIAL KM 5 ","ARIO KEMUNING ","SWASTA ",SLB,"Kec. Kemuning","Kota Palembang","Prov. Sumatera Selatan"
"2 "," 10609477 ","SLB C KARYA IBU PALEMBANG ","JL. SOSIAL NO. 509 KM. 5 ","ARIO KEMUNING ","SWASTA ",SLB,"Kec. Kemuning","Kota Palembang","Prov. Sumatera Selatan"
"1 "," 69858033 ","TKLB.B KARYA IBU ","SOSIAL ","ARIO KEMUNING ","SWASTA ",TKLB,"Kec. Kemuning","Kota Palembang","Prov. Sumatera Selatan"
"1 "," 69934410 ","SLB AUTIS TALANG KELAPA ","PERUM PONDOK PALEMINDAH E5 NO.3 ","TALANG KELAPA ","SWASTA ",SLB,"Kec. Alang-Alang Lebar","Kota Palembang","Prov. Sumatera Selatan"
"2 "," 69830701 ","SLB BINA POTENSI PALEMBANG ","JL. HM. NURDIN PANDJI NO 10 KM 7 ","KARYA BARU ","SWASTA ",SLB,"Kec. Alang-Alang Lebar","Kota Palembang","Prov. Sumatera Selatan"
"1 "," 10648261 ","SLB C THIAFIN MANDIRI ","JL. RAMAYANA RT.1 RW. 4 ","KARANG RAJA ","SWASTA ",SLB,"Kec. Prabumulih Timur","Kota Prabumulih","Prov. Sumatera Selatan"
"2 "," 10643731 ","SLB NEGERI PRABUMULIH ","JALAN AK GANI NO 34 B ","KARANG RAJA ","NEGERI ",SLB,"Kec. Prabumulih Timur","Kota Prabumulih","Prov. Sumatera Selatan"
"1 "," 69862669 ","SLB BINA SEJAHTERA MANDIRI ","JL.RINJANI NO.28 RT.08 ","TABA JEMEKEH ","SWASTA ",SLB,"Kec. Lubuk Linggau Timur I","Kota Lubuk Linggau","Prov. Sumatera Selatan"
"1 "," 10604417 ","SLB NEGERI LUBUKLINGGAU ","JL SUKARNO HATTA  KM 17 ","PETANANG ","NEGERI ",SLB,"Kec. Lubuk Linggau Utara I","Kota Lubuk Linggau","Prov. Sumatera Selatan"
"1 "," 10648047 ","SLB NEGERI PAGARALAM ","PAGARALAM SELATAN ","ULU RURAH ","NEGERI ",SLB,"Kec. Pagar Alam Selatan","Kota Pagar Alam","Prov. Sumatera Selatan"
