No.,NPSN,"Nama Satuan Pendidikan",Alamat,Kelurahan,Status,"Bentuk Pendidikan",Kecamatan,Kabupaten/Kota,Provinsi
"1 "," 69880761 ","SKH CITRA NUGRAHA ","PERUM PURI ALAMANDA RT. 005 / RW. 002 JALAN PASAR BARU TANJUNG UBAN SELATAN ","TANJUNG UBAN SELATAN ","SWASTA ",SLB,"Kec. Bintan Utara","Kab. Bintan","Prov. Kepulauan Riau"
"2 "," 69786958 ","SLB NEGERI BINTAN ","JL. BERDIKARI ","TANJUNG UBAN TIMUR ","NEGERI ",SLB,"Kec. Bintan Utara","Kab. Bintan","Prov. Kepulauan Riau"
"1 "," 69980592 ","SLB KARYA MANDIRI KIJANG ","JALAN RAYA SUNGAI ENAM LAUT ","SUNGAI ENAM ","SWASTA ",SLB,"Kec. Bintan Timur","Kab. Bintan","Prov. Kepulauan Riau"
"1 "," 69972050 ","SLB NEGERI KUNDUR ","JL. PARIT LINTANG ","SUNGAI SEBESI ","NEGERI ",SLB,"Kec. Kundur","Kab. Karimun","Prov. Kepulauan Riau"
"1 "," 11002434 ","SLB NEGERI KARIMUN ","JL GRIYA SIDOREJO INDAH NO 1 ","LUBUK SEMUT ","NEGERI ",SLB,"Kec. Karimun","Kab. Karimun","Prov. Kepulauan Riau"
"2 "," 11003211 ","SLB SEHATI KARIMUN ","JL.TELAGA RIAU NO.38 RT 05 RW 05 ","TANJUNG BALAI KOTA ","SWASTA ",SLB,"Kec. Karimun","Kab. Karimun","Prov. Kepulauan Riau"
"3 "," 11002430 ","SLB YPBB KARIMUN ","JL. TELAGA TUJUH ","SUNGAI LAKAM TIMUR ","SWASTA ",SLB,"Kec. Karimun","Kab. Karimun","Prov. Kepulauan Riau"
"1 "," 69983759 ","SLB NEGERI NATUNA ","JL. SIHOTANG ","RANAI ","NEGERI ",SLB,"Kec. Bunguran Timur","Kab. Natuna","Prov. Kepulauan Riau"
"1 "," 69972874 ","SLB NEGERI LINGGA ","JL. NAVIGASI KAMPUNG TELEK RT. 003 RW. 005 ","TANJUNG HARAPAN ","NEGERI ",SLB,"Kec. Singkep","Kab. Lingga","Prov. Kepulauan Riau"
"1 "," 11001667 ","SLB KARTINI BATAM ","JL RAJA ALI HAJI KOMPLEK SUMBER AGUNG ","SUNGAI JODOH ","SWASTA ",SLB,"Kec. Batu Ampar","Kota Batam","Prov. Kepulauan Riau"
"1 "," 69786956 ","SLB NEGERI BATAM ","JL. PEMUDA LEGENDA MALAKA KELURAHAN BALOI ","BALOI PERMAI ","NEGERI ",SLB,"Kec. Batam Kota","Kota Batam","Prov. Kepulauan Riau"
"2 "," 11002994 ","SLB PUTRAKAMI ","KOMP. ANGGREK MAS 1 BLOK I/15 ","TAMAN BALOI ","SWASTA ",SLB,"Kec. Batam Kota","Kota Batam","Prov. Kepulauan Riau"
"3 "," 69881811 ","SLB STIPAK ","KOMP. NUSANTARA GOLDEN B3B JL. RAYA ENGKU PUTRI BATAM CENTER ","BELIAN ","SWASTA ",SLB,"Kec. Batam Kota","Kota Batam","Prov. Kepulauan Riau"
"1 "," 69861170 ","SLB ANAK BRILIANT BATAM ","VILLA MUKA KUNING BLOK E1 NO 19-22 ","TEMBESI ","SWASTA ",SLB,"Kec. Sagulung","Kota Batam","Prov. Kepulauan Riau"
"1 "," 60725426 ","SLB MUTIARA ","JL. GATOT SUBROTO GG.PUTRI AYU VI NO. 20 ","KAMPUNG BULANG ","SWASTA ",SLB,"Kec. Tanjung Pinang Timur","Kota Tanjungpinang","Prov. Kepulauan Riau"
"2 "," 11002369 ","SLBN 1 TANJUNGPINANG ","JL KIJANG LAMA KM.7  ","MELAYU KOTA PIRING ","NEGERI ",SLB,"Kec. Tanjung Pinang Timur","Kota Tanjungpinang","Prov. Kepulauan Riau"
"1 "," 69932219 ","SLBN 2 TANJUNGPINANG ","JL.DAENG KAMBOJA KM.18 SENGGARANG ","TANJUNGPINANG KOTA ","NEGERI ",SLB,"Kec. Tanjung Pinang Kota","Kota Tanjungpinang","Prov. Kepulauan Riau"
