No.,NPSN,"Nama Satuan Pendidikan",Alamat,Kelurahan,Status,"Bentuk Pendidikan",Kecamatan,Kabupaten/Kota,Provinsi
"1 "," 10900273 ","SLB N SUNGAILIAT ","JL. PEMUDA SUNGAILIAT ","PARIT PADANG ","NEGERI ",SLB,"Kec. Sungailiat","Kab. Bangka","Prov. Kepulauan Bangka Belitung"
"1 "," 69831533 ","SLB YPN ","JL. BHAKTI BELINYU KELURAHAN AIR JUKUNG  ","AIR JUKUNG ","SWASTA ",SLB,"Kec. Belinyu","Kab. Bangka","Prov. Kepulauan Bangka Belitung"
"1 "," 10400448 ","SLB N TANJUNGPANDAN ","JL. M. NUH NO. 31 ","PANGKAL LALANG ","NEGERI ",SLB,"Kec. Tanjung Pandan","Kab. Belitung","Prov. Kepulauan Bangka Belitung"
"1 "," 10901347 ","SLB N KOBA ","JL. SIMPANG JONGKONG NIBUNG ","NIBUNG ","NEGERI ",SLB,"Kec. Koba","Kab. Bangka Tengah","Prov. Kepulauan Bangka Belitung"
"1 "," 10901339 ","SLBN MUNTOK ","JL. LAPANGAN GOLF MUNTOK ","BELOLAUT ","NEGERI ",SLB,"Kec. Muntok","Kab. Bangka Barat","Prov. Kepulauan Bangka Belitung"
"1 "," 10901445 ","SLB NEGERI TOBOALI ","KOMP PERKANTORAN TERPADU PEMDA BASEL GUNUNG NAMAK ","KAPOSANG ","NEGERI ",SLB,"Kec. Toboali","Kab. Bangka Selatan","Prov. Kepulauan Bangka Belitung"
"1 "," 10901677 ","SLBN MANGGAR ","JALAN SUMATERA ","SUKAMANDI ","NEGERI ",SLB,"Kec. Damar","Kab. Belitung Timur","Prov. Kepulauan Bangka Belitung"
"1 "," 69934349 ","TKLB NEGERI MANGGAR ","JL. SUMATRA ","SUKAMANDI ","NEGERI ",TKLB,"Kec. Damar","Kab. Belitung Timur","Prov. Kepulauan Bangka Belitung"
"1 "," 10901096 ","SLB YPAC PANGKAL PINANG ","JL. RSBT NO. 02 ","KEL. TAMAN BUNGA ","SWASTA ",SLB,"Kec. Gerunggang","Kota Pangkalpinang","Prov. Kepulauan Bangka Belitung"
"1 "," 10901442 ","SLB N 31 PKLK NEGERI PANGKALPINANG ","JL. BASUKI RAHMAT UJUNG III ","SRIWIJAYA ","NEGERI ",SLB,"Kec. Girimaya","Kota Pangkalpinang","Prov. Kepulauan Bangka Belitung"
