No.,NPSN,"Nama Satuan Pendidikan",Alamat,Kelurahan,Status,"Bentuk Pendidikan",Kecamatan,Kabupaten/Kota,Provinsi
"1 "," 30405231 ","SLBN TANAH GROGOT ","JLN.D.I. PANJAITAN (TAPIS) TANAH GROGOT ","TANAH GROGOT ","NEGERI ",SLB,"Kec. Tanah Grogot","Kab. Paser","Prov. Kalimantan Timur"
"1 "," 69969001 ","SLB TUNAS MANDIRI ","JL. MOCH. HATTA GG. AL-IKHLAS RT. 18 ","MUARA JAWA PESISIR ","SWASTA ",SLB,"Kec. Muara Jawa","Kab. Kutai Kartanegara","Prov. Kalimantan Timur"
"1 "," 69969940 ","SLB MUTMAINNAH ","JLN. GERBANG DAYAKU RT. 17 LOA RANTEN ","LOA JANAN ULU ","SWASTA ",SLB,"Kec. Loa Janan","Kab. Kutai Kartanegara","Prov. Kalimantan Timur"
"1 "," 69931888 ","SEKOLAH KHUSUS BINA INSAN MANDIRI TENGGARONG ","JL. TIRTA KENCANA NO. 50 ","MELAYU ","SWASTA ",SLB,"Kec. Tenggarong","Kab. Kutai Kartanegara","Prov. Kalimantan Timur"
"2 "," 30407686 ","SLB KUTAI KARTANEGARA TENGGARONG ","JL. FLAMBOYAN NO.44 RT V ","PANJI ","SWASTA ",SLB,"Kec. Tenggarong","Kab. Kutai Kartanegara","Prov. Kalimantan Timur"
"3 "," 30404641 ","SLB NEGERI TENGGARONG ","JLN. KEMUNING NO.41 ","SUKARAME ","NEGERI ",SLB,"Kec. Tenggarong","Kab. Kutai Kartanegara","Prov. Kalimantan Timur"
"1 "," 30405468 ","SLB NEGERI TANJUNG REDEB ","JLN. DURIAN II TANJUNG REDEB ","TANJUNG REDEB ","NEGERI ",SLB,"Kec. Tanjung Redeb","Kab. Berau","Prov. Kalimantan Timur"
"1 "," 30409922 ","SLBN KUTAI BARAT ","BARONG TONGKOK ","MENCIMAI ","NEGERI ",SLB,"Kec. Barong Tongkok","Kab. Kutai Barat","Prov. Kalimantan Timur"
"1 "," 69878226 ","SLB BAHASA HATI  ","JL. SOEKARNO HATTA KM. 2+900 ","SINGA GEMBARA ","SWASTA ",SLB,"Kec. Sangatta Utara","Kab. Kutai Timur","Prov. Kalimantan Timur"
"2 "," 30400779 ","SLB DAARUSSALAAM ","JL. JEND. SUDIRMAN NO.1 ","SWARGA BARA ","SWASTA ",SLB,"Kec. Sangatta Utara","Kab. Kutai Timur","Prov. Kalimantan Timur"
"3 "," 30409879 ","SLB NEGERI KUTAI TIMUR ","JL. GURU BESAR, SENGATTA UTARA ","SANGATTA UTARA ","NEGERI ",SLB,"Kec. Sangatta Utara","Kab. Kutai Timur","Prov. Kalimantan Timur"
"1 "," 69786877 ","SLB NEGERI PENAJAM PASER UTARA ","GUNUNG STELENG ","GUNUNG SETELENG ","NEGERI ",SLB,"Kec. Penajam","Kab. Penajam Paser Utara","Prov. Kalimantan Timur"
"1 "," 69988143 ","SLB NEGERI LONG BAGUN ","JL. BANG KUENG RT. VI KAMPUNG LONG MELAHAM KECAMATAN LONG BAGUN ","LONG MELAHAM ","NEGERI ",SLB,"KEC. LONG BAGUN","Kab. Mahakam Ulu","Prov. Kalimantan Timur"
"1 "," 69774827 ","SLB TUNAS HARAPAN ","JL. MANGKUJENANG RT. 23 KEL. SIMPANG PASIR KEC. PALARAN ","SIMPANG PASIR ","SWASTA ",SLB,"Kec. Palaran","Kota Samarinda","Prov. Kalimantan Timur"
"1 "," 30401049 ","SLB C D UNTUNG TUAH ","JL. SAMRATULANGI RT 34 / 007 ","GUNUNG PANJANG ","SWASTA ",SLB,"Kec. Samarinda Seberang","Kota Samarinda","Prov. Kalimantan Timur"
"1 "," 69753985 ","SLB WIDYA KARYA ","JL. KELAPA GADING, PERUM KELAPA GADING BLOK B NO.11 RT.15 ","LOK BAHU ","SWASTA ",SLB,"Kec. Sungai Kunjang","Kota Samarinda","Prov. Kalimantan Timur"
"1 "," 69889019 ","SEKOLAH KHUSUS PELITA BUNDA ","JL. MARKISA NO. 58 ","GUNUNG KELUA ","SWASTA ",SLB,"Kec. Samarinda Ulu","Kota Samarinda","Prov. Kalimantan Timur"
"2 "," 69774828 ","SLB MUTIARA KASIH ","JL. A.WAHAB SYAHRANI GG. I ","GUNUNG KELUA ","SWASTA ",SLB,"Kec. Samarinda Ulu","Kota Samarinda","Prov. Kalimantan Timur"
"1 "," 30407424 ","SLB CEMARA WILIS ","JL. BUKIT SALAM RT 09 SEMPAJA TIMUR ","SEMPAJA UTARA ","SWASTA ",SLB,"Kec. Samarinda Utara","Kota Samarinda","Prov. Kalimantan Timur"
"2 "," 30401061 ","SLBN PEMBINA PROV KALTIM ","JL. PADAT KARYA, SEMPAJA ","SEMPAJA UTARA ","NEGERI ",SLB,"Kec. Samarinda Utara","Kota Samarinda","Prov. Kalimantan Timur"
"1 "," 69967615 ","SEKOLAH KHUSUS ISTIQOMAH SAMARINDA ","JALAN SUKSES BLOK A NOMOR 6 KELURAHAN SAMBUTAN KOTA SAMARINDA PROVINSI KALIMANTA ","SAMBUTAN ","SWASTA ",SLB,"Kec. Sambutan","Kota Samarinda","Prov. Kalimantan Timur"
"1 "," 30400960 ","SLB A RUHUI RAHAYU ","JL. PELITA ","SUNGAI PINANG DALAM ","SWASTA ",SLB,"Kec. Sungai Pinang","Kota Samarinda","Prov. Kalimantan Timur"
"2 "," 30401005 ","SLB B RUHUI RAHAYU SAMARINDA ","JL. PELITA NO. 16 ","SUNGAI PINANG DALAM ","SWASTA ",SLB,"Kec. Sungai Pinang","Kota Samarinda","Prov. Kalimantan Timur"
"3 "," 69947996 ","SLB BHAKTI PERTIWI KALTIM ","JL. PROKLAMASI 4 NO. 24 ","SUNGAI PINANG DALAM ","SWASTA ",SLB,"Kec. Sungai Pinang","Kota Samarinda","Prov. Kalimantan Timur"
"4 "," 30407664 ","SLB C RUHUI RAHAYU SAMARINDA ","JL. PELITA NO. 16 ","SUNGAI PINANG DALAM ","SWASTA ",SLB,"Kec. Sungai Pinang","Kota Samarinda","Prov. Kalimantan Timur"
"5 "," 30405644 ","SLB UNTUNG TUAH ","JLN. PELITA NO.15 SAMARINDA ","SUNGAI PINANG DALAM ","SWASTA ",SLB,"Kec. Sungai Pinang","Kota Samarinda","Prov. Kalimantan Timur"
"1 "," 69965143 ","SEKOLAH KHUSUS SANTO FRANSISKUS ASSISI ","JALAN. MAYOR (POL) ZAENAL ARIFIN NO. 40 RT. 18 DAMAI BARU BALIKPAPAN SELATAN KAL ","DAMAI ","SWASTA ",SLB,"Kec. Balikpapan Selatan","Kota Balikpapan","Prov. Kalimantan Timur"
"2 "," 30402883 ","SLB TUNAS BANGSA ","JL. KUTILANG RSS DAMAI III RT. 28 ","GUNUNG BAHAGIA ","SWASTA ",SLB,"Kec. Balikpapan Selatan","Kota Balikpapan","Prov. Kalimantan Timur"
"3 "," 30401525 ","SLBN BALIKPAPAN ","JALAN LETKOL POL HM.ASNAWI ARBAIN RT 14 KELURAHAN SEPINGGAN RAYA ","SEPINGGAN RAYA ","NEGERI ",SLB,"Kec. Balikpapan Selatan","Kota Balikpapan","Prov. Kalimantan Timur"
"1 "," 30402882 ","SLB DHARMA KENCANA BALIKPAPAN ","JLN. PEMBANGUNAN RT.38 BLOK C NO. 102 ","TELAGA SARI ","SWASTA ",SLB,"Kec. Balikpapan Kota","Kota Balikpapan","Prov. Kalimantan Timur"
"1 "," 69822498 ","SLB BORNEO CENTER ","JL. MULAWARMAN NO 23 TJ LIMAU ","BONTANG BARU ","SWASTA ",SLB,"Kec. Bontang Utara","Kota Bontang","Prov. Kalimantan Timur"
"2 "," 30406145 ","SLB NEGERI BONTANG ","JL KAPTEN PIERE TANDEAN ","BONTANG KUALA ","NEGERI ",SLB,"Kec. Bontang Utara","Kota Bontang","Prov. Kalimantan Timur"
"3 "," 30401832 ","SLB PERMATA BUNDA ","JL. AHMAD YANI  ","API-API ","SWASTA ",SLB,"Kec. Bontang Utara","Kota Bontang","Prov. Kalimantan Timur"
"4 "," 69958787 ","SLB YAYASAN PENDIDIKAN AMALI BONTANG ","JL. KAPAL FERI NO. 24 RT 009 ","LOK TUAN ","SWASTA ",SLB,"Kec. Bontang Utara","Kota Bontang","Prov. Kalimantan Timur"
"5 "," 30404465 ","SLB YPK ","KOMP. EQUATOR HOTEL PKT ","GUNTUNG ","SWASTA ",SLB,"Kec. Bontang Utara","Kota Bontang","Prov. Kalimantan Timur"
