No.,NPSN,"Nama Satuan Pendidikan",Alamat,Kelurahan,Status,"Bentuk Pendidikan",Kecamatan,Kabupaten/Kota,Provinsi
"1 "," 40300288 ","SLB MINASA BAJI ","DUSUN SEGE-SEGERI ","MINASA BAJI ","SWASTA ",SLB,"Kec. Bantimurung","Kab. Maros","Prov. Sulawesi Selatan"
"1 "," 40300309 ","SLB N 1  MAROS ","JL DR. RATULANGI NO. 290 ","ALLEPOLEA ","NEGERI ",SLB,"Kec. Lau","Kab. Maros","Prov. Sulawesi Selatan"
"1 "," 40300668 ","SLB YPPLB PANGKEP ","JL. POROS TONASA 2 ","SAPANANG ","SWASTA ",SLB,"Kec. Bungoro","Kab. Pangkajene Kepulauan","Prov. Sulawesi Selatan"
"1 "," 40300681 "," SLBN 1 PANGKEP ","JL. WIRAKARYA NO.48 ","MINASATENE ","NEGERI ",SLB,"Kec. Minasatene","Kab. Pangkajene Kepulauan","Prov. Sulawesi Selatan"
"1 "," 40314275 ","SLB YPBB BUNGABIRAENG ","ANASSAPPU ","BONTOBIRAENG SELATAN ","SWASTA ",SLB,"Kec. Bontonompo","Kab. Gowa","Prov. Sulawesi Selatan"
"1 "," 40313408 ","SLB YPKS BAJENG-GOWA ","JL.NEKO DG.NGAGO ","MATAALLO ","SWASTA ",SLB,"Kec. Bajeng","Kab. Gowa","Prov. Sulawesi Selatan"
"2 "," 40301122 ","SLB YPP BAJENG RAYA ","JL. NANGKA NO. 3 LIMBUNG ","KALEBAJENG ","SWASTA ",SLB,"Kec. Bajeng","Kab. Gowa","Prov. Sulawesi Selatan"
"1 "," 40318381 ","SLB JENETALLASA ","JL.BENTENG SOMBA OPU ","JENETALLASA ","SWASTA ",SLB,"Kec. Pallangga","Kab. Gowa","Prov. Sulawesi Selatan"
"1 "," 40300922 ","SLB NEGERI SOMBA OPU ","JL. KACONG DG. LALANG NO. 52 F ","TOMBOLO ","NEGERI ",SLB,"Kec. Somba Opu","Kab. Gowa","Prov. Sulawesi Selatan"
"1 "," 69931731 ","SLB KALEMANDALLE ","JL. PATTARUNGAN ","KALEMANDALLE ","SWASTA ",SLB,"Kec. Bajeng Barat","Kab. Gowa","Prov. Sulawesi Selatan"
"1 "," 40301720 ","SLBN 2 TAKALAR ","LENGKESE ","LENGKESE ","NEGERI ",SLB,"Kec. Mangarabombang","Kab. Takalar","Prov. Sulawesi Selatan"
"1 "," 40301721 ","SLB NEGERI 1 MAPPAKASUNGGU ","JLN. KESEHATAN  ","TAKALAR ","NEGERI ",SLB,"Kec. Mappakasunggu","Kab. Takalar","Prov. Sulawesi Selatan"
"1 "," 69946836 ","SLB SWASTA HOME BASE ","DUSUN JENE ","TOWATA ","SWASTA ",SLB,"Kec. Polombangkeng Utara","Kab. Takalar","Prov. Sulawesi Selatan"
"1 "," 69762773 ","SLBS ALMUTTHAHIRAH  ","BONTOKASSI ","BONTOKASSI ","SWASTA ",SLB,"Kec. Galesong Selatan","Kab. Takalar","Prov. Sulawesi Selatan"
"1 "," 40316472 ","SLB GALESONG ","JL.GURU PATO ","BODDIA ","SWASTA ",SLB,"Kec. Galesong","Kab. Takalar","Prov. Sulawesi Selatan"
"2 "," 40314366 ","SLB PK o0o PLK GALESONG ","JL. KAPITANG ","BODDIA ","SWASTA ",SLB,"Kec. Galesong","Kab. Takalar","Prov. Sulawesi Selatan"
"1 "," 40318380 ","SLB SYAHRIAL ALMUADZIR ","JALAN MALLASORO ","PUNAGAYA ","SWASTA ",SLB,"Kec. Bangkala","Kab. Jeneponto","Prov. Sulawesi Selatan"
"1 "," 40302017 ","SLB JENEPONTO ","MONRO-MONRO ","MONRO-MONRO ","NEGERI ",SLB,"Kec. Binamu","Kab. Jeneponto","Prov. Sulawesi Selatan"
"2 "," 40318330 ","SLB MUHAMMADIYAH ","JLN. HM KR RAJA NO.10 ","PABIRINGA ","SWASTA ",SLB,"Kec. Binamu","Kab. Jeneponto","Prov. Sulawesi Selatan"
"3 "," 40314588 ","SLB NEGERI PEMBINA JENEPONTO ","JL. KESEHATAN NO. 101 ","EMPOANG ","NEGERI ",SLB,"Kec. Binamu","Kab. Jeneponto","Prov. Sulawesi Selatan"
"1 "," 40302151 ","SLB BARRU ","JL. MELATI ","SUMPANG BINANGAE ","NEGERI ",SLB,"Kec. Barru","Kab. Barru","Prov. Sulawesi Selatan"
"1 "," 69786782 ","SLB YPAB MARE ","JL. OJENG KOJENG RT 1 RW 1 ","PADAELO ","SWASTA ",SLB,"Kec. Mare","Kab. Bone","Prov. Sulawesi Selatan"
"1 "," 69786778 ","SLB MUHAMMADIYAH LAMURU ","JL.PALAKKA,JAMPUE ","SENGENG PALIE ","SWASTA ",SLB,"Kec. Lamuru","Kab. Bone","Prov. Sulawesi Selatan"
"1 "," 69880976 ","SLB HATI MULIA ","KAMPUNG BARU DESA ULO ","ULO ","SWASTA ",SLB,"Kec. Tellu Siattinge","Kab. Bone","Prov. Sulawesi Selatan"
"2 "," 69952571 ","SLB RAMA ","SIJELLING ","SIJELLING ","SWASTA ",SLB,"Kec. Tellu Siattinge","Kab. Bone","Prov. Sulawesi Selatan"
"1 "," 69861084 ","SLB AL QASMI WATAMPONE ","JL. POROS CARAWALI BULU TEMPE ","BULU TEMPE ","SWASTA ",SLB,"Kec. Tanete Riattang Barat","Kab. Bone","Prov. Sulawesi Selatan"
"1 "," 40310677 ","SLB AMANAH ","JL. ANDI PALESANGI ","BIRU ","SWASTA ",SLB,"Kec. Tanete Riattang","Kab. Bone","Prov. Sulawesi Selatan"
"2 "," 40310679 ","SLB BINA BAKTI ","JL.ANDIMALLA ","BIRU ","SWASTA ",SLB,"Kec. Tanete Riattang","Kab. Bone","Prov. Sulawesi Selatan"
"3 "," 69893605 ","SLB NUR AKBAR ","BTN BONE BIRU INDAH PERMAI BLOK D NO.22 ","BIRU ","SWASTA ",SLB,"Kec. Tanete Riattang","Kab. Bone","Prov. Sulawesi Selatan"
"1 "," 40310559 ","SLB NEGERI LONRAE ","KOMPLEKS BTN LONRAE ","LONRAE ","NEGERI ",SLB,"Kec. Tanete Riattang Timur","Kab. Bone","Prov. Sulawesi Selatan"
"1 "," 40318355 ","SLB NEGERI KAB. WAJO ","JL. SERIKAYA NO. 13 SENGKANG ","MADDUKKELLENG ","NEGERI ",SLB,"Kec. Tempe","Kab. Wajo","Prov. Sulawesi Selatan"
"1 "," 69981572 ","SLB MIRAH EDUKASI WAJO ","JLN.POROS MAKASSAR-PALOPO BENTENG ","BENTENG ","SWASTA ",SLB,"Kec. Pitumpanua","Kab. Wajo","Prov. Sulawesi Selatan"
"1 "," 40303725 ","SLB YPPKS TAKALALA ","TAKALALA ","TETTIKENGRARAE ","SWASTA ",SLB,"Kec. Marioriwawo","Kab. Soppeng","Prov. Sulawesi Selatan"
"1 "," 40303760 ","SLBN SOPPENG ","JL. KAYANGAN 176 WATANSOPPENG ","LEMBA ","NEGERI ",SLB,"Kec. Lalabata","Kab. Soppeng","Prov. Sulawesi Selatan"
"1 "," 40303724 ","SLB AS ADIYAH CABENGE ","JL.POROS ALLIMBANGENG PACONGKANG ","CABENGE ","SWASTA ",SLB,"Kec. Lili Rilau","Kab. Soppeng","Prov. Sulawesi Selatan"
"1 "," 40319612 ","SLB MAINNONG ","AMESSANGENG ","PISING ","SWASTA ",SLB,"Kec. Donri-Donri","Kab. Soppeng","Prov. Sulawesi Selatan"
"1 "," 69923487 ","SLB YPPAB GANRA ","JALAN POROS SOPPENG ","GANRA ","SWASTA ",SLB,"Kec. Ganra","Kab. Soppeng","Prov. Sulawesi Selatan"
"1 "," 69970442 ","SLBS PK PLK SHOFIYYAH ","TALA - TALA ","BONTO RITA ","SWASTA ",SLB,"Kec. Bissappu","Kab. Bantaeng","Prov. Sulawesi Selatan"
"1 "," 40303987 ","SLBN 1 BANTAENG ","JL. DAHLIA NO.2 ","PALLANTIKANG ","NEGERI ",SLB,"Kec. Bantaeng","Kab. Bantaeng","Prov. Sulawesi Selatan"
"1 "," 40304395 ","SLB NEGERI BULUKUMBA ","JL. TERATAI NO.4C BULUKUMBA ","CAILE ","NEGERI ",SLB,"Kec. Ujung Bulu","Kab. Bulukumba","Prov. Sulawesi Selatan"
"1 "," 40304394 ","SLBS ABCD DARMAWANITA HERLANG ","JL POROS BATUASANG ","SINGA ","SWASTA ",SLB,"Kec. Herlang","Kab. Bulukumba","Prov. Sulawesi Selatan"
"1 "," 40310365 ","SLB HARAPAN ","JL. POROS BULUPODDO  ","LAMATTI RILAU ","SWASTA ",SLB,"Kec. Sinjai Utara","Kab. Sinjai","Prov. Sulawesi Selatan"
"2 "," 40304507 ","SLBN 1 SINJAI ","JL. JENDERAL SUDIRMAN NO.15 ","BONGKI ","NEGERI ",SLB,"Kec. Sinjai Utara","Kab. Sinjai","Prov. Sulawesi Selatan"
"1 "," 40304814 ","SLB NEGERI SELAYAR ","JLN BONTO BANGUN NO.13 PARAPPA ","BONTOBANGUN ","NEGERI ",SLB,"Kec. Bontoharu","Kab. Kepulauan Selayar","Prov. Sulawesi Selatan"
"1 "," 40305207 ","SLB NEGERI PINRANG ","JL. WOLTER MONGINSIDI (EX. JL. SALO) ","PENRANG ","NEGERI ",SLB,"Kec. Watang Sawitto","Kab. Pinrang","Prov. Sulawesi Selatan"
"1 "," 69863284 ","SLBN 1 SIDRAP ","JL. PELANDUK NO. 8 PANGKAJENE ","LAUTANG BENTENG ","NEGERI ",SLB,"Kec. Maritengae","Kab. Sidenreng Rappang","Prov. Sulawesi Selatan"
"1 "," 40313039 ","SLB N ENREKANG ","JL.SUNGAI MATA ALLO RANDANGAN ","PUSERREN ","NEGERI ",SLB,"Kec. Enrekang","Kab. Enrekang","Prov. Sulawesi Selatan"
"1 "," 40316758 ","SLB MUHAMMAD DAHLAN BAJO ","JL. HOS COKROAMINOTO ","BAJO ","SWASTA ",SLB,"Kec. Bajo","Kab. Luwu","Prov. Sulawesi Selatan"
"1 "," 69902345 ","SLB MIFTAHUL JANNAH ","POROS CILALLANG BAJO ","TABBAJA ","SWASTA ",SLB,"Kec. Kamanre","Kab. Luwu","Prov. Sulawesi Selatan"
"1 "," 40318860 ","SLB AL- IMAM LUWU ","DUSUN REWANG RT/RW 01 NO. 296 ","BUNTU KARYA ","SWASTA ",SLB,"Kec. Ponrang Selatan","Kab. Luwu","Prov. Sulawesi Selatan"
"1 "," 40306504 ","SLB N TANA TORAJA ","TINORING ","TIORING ","NEGERI ",SLB,"Kec. Mengkendek","Kab. Tana Toraja","Prov. Sulawesi Selatan"
"1 "," 40309735 ","SLB DHARMA WANITA MAKALE ","MAKALE ","BOMBONGAN ","SWASTA ",SLB,"Kec. Makale","Kab. Tana Toraja","Prov. Sulawesi Selatan"
"1 "," 40309727 ","SLB A DW SALUPUTTI ","TAMBANARANG ","RATTE TALONGE ","SWASTA ",SLB,"Kec. Saluputti","Kab. Tana Toraja","Prov. Sulawesi Selatan"
"1 "," 69894077 ","SLB ANISA WARADINA ","JALAN TRANS SULAWESI DESA TAMBOKE ","TAMBOKE ","SWASTA ",SLB,"Kec. Sukamaju","Kab. Luwu Utara","Prov. Sulawesi Selatan"
"1 "," 40318542 ","SLB NUR AMIN MASAMBA ","MASAMBA ","BONE ","SWASTA ",SLB,"Kec. Masamba","Kab. Luwu Utara","Prov. Sulawesi Selatan"
"1 "," 69786769 ","SLB HARAPAN BUNDA ","DUSUN TALO ","MAPPEDECENG ","SWASTA ",SLB,"Kec. Mappedeceng","Kab. Luwu Utara","Prov. Sulawesi Selatan"
"1 "," 69788093 ","SLB  LAKETU ","DUSUN PABETA ","MALILI ","SWASTA ",SLB,"Kec. Malili","Kab. Luwu Timur","Prov. Sulawesi Selatan"
"1 "," 69992567 ","SLB TAMAN PELANGI SOROWAKO ","JL. DANAU MATANO ","MATANO ","SWASTA ",SLB,"Kec. Nuha","Kab. Luwu Timur","Prov. Sulawesi Selatan"
"1 "," 69773529 ","SLB TUNAS HARAPAN BANGSA ","BALAI KEMBANG ","BALAI KEMBANG ","SWASTA ",SLB,"Kec. Mangkutana","Kab. Luwu Timur","Prov. Sulawesi Selatan"
"1 "," 69786779 ","SLB. D.W SIMBOLONG MANIK "," TALLUNGLIPU  ","KELURAHAN TALLUNG LIPU ","SWASTA ",SLB,"Kec. Tallunglipu","Kab. Toraja Utara","Prov. Sulawesi Selatan"
"1 "," 40312462 ","SLB C YPPLB MAKASSAR ","JALAN CENDRAWASIH I NO. 226 A ","KAMPUNG BUYANG ","SWASTA ",SLB,"Kec. Mariso","Kota Makassar","Prov. Sulawesi Selatan"
"2 "," 40313853 ","SLB-B YPPLB MAKASSAR ","JL.CENDRAWASIH  NO.226 ","KAMPUNG BUYANG ","SWASTA ",SLB,"Kec. Mariso","Kota Makassar","Prov. Sulawesi Selatan"
"1 "," 69952491 ","SLB PELITA MANDIRI ","JL. ONTA LAMA NO 37 A ","MAMAJANG LUAR ","SWASTA ",SLB,"Kec. Mamajang","Kota Makassar","Prov. Sulawesi Selatan"
"1 "," 69787296 ","SLB A-YPKCNI MAKASSAR ","JL. NURI BARU/MANUNGGAL NO.22 ","MACCINI SOMBALA ","SWASTA ",SLB,"Kec. Tamalate","Kota Makassar","Prov. Sulawesi Selatan"
"2 "," 40314139 ","SLB NEGERI PEMBINA TK. PROPINSI SULSEL ","JL. DAENG TATA RAYA ","KEL BONTO DURI ","NEGERI ",SLB,"Kec. Tamalate","Kota Makassar","Prov. Sulawesi Selatan"
"1 "," 40307209 ","SLB BC YAPALB MAKASSAR ","JL. PERDAMAIAN NO. 17 A ","BARA-BARAYA TIMUR ","SWASTA ",SLB,"Kec. Makasar","Kota Makassar","Prov. Sulawesi Selatan"
"1 "," 69758302 ","SMALBS YAPAL MAKASSAR ","JL. PERDAMAIAN NO.17A ","BARA-BARAYA TIMUR ","SWASTA ",SMLB,"Kec. Makasar","Kota Makassar","Prov. Sulawesi Selatan"
"1 "," 40313321 ","SLB C RAJAWALI ","JL. ARIEF RATE NO. 2 ","LOSARI ","SWASTA ",SLB,"Kec. Ujung Pandang","Kota Makassar","Prov. Sulawesi Selatan"
"1 "," 40307216 ","SLB A YAPTI  ","JL. KAPTEN PIERE TENDEAN BLOK M NO 2/7 MAKASSAR ","UJUNG PANDANG BARU ","SWASTA ",SLB,"Kec. Tallo","Kota Makassar","Prov. Sulawesi Selatan"
"2 "," 40314609 ","SLB YPAC MAKASSAR ","JLN. KAPTEN PIERE TENDEAN BLOK M NO. 3  MKS ","UJUNG PANDANG BARU ","SWASTA ",SLB,"Kec. Tallo","Kota Makassar","Prov. Sulawesi Selatan"
"1 "," 69755669 ","SLB AUTIS BUNDA ","JL. PAHLAWAN, NO.   KECAMATAN BIRINGKANAYA KOTA MAKASSAR. ","BULUROKENG ","SWASTA ",SLB,"Kec. Biringkanaya","Kota Makassar","Prov. Sulawesi Selatan"
"2 "," 40313858 ","SLB C YPPLB 2 MAKASSAR ","JL. BAKUNG RAYA NO. 13 SUDIANG ","SUDIANG ","SWASTA ",SLB,"Kec. Biringkanaya","Kota Makassar","Prov. Sulawesi Selatan"
"3 "," 40318163 ","SLB LANIANG ","JL.LANIANG BLOK AA/9 ","PACERAKANG ","SWASTA ",SLB,"Kec. Biringkanaya","Kota Makassar","Prov. Sulawesi Selatan"
"4 "," 40307213 ","SLB NEGERI MAKASAR ","JL PAHLAWAN ","BULUROKENG ","NEGERI ",SLB,"Kec. Biringkanaya","Kota Makassar","Prov. Sulawesi Selatan"
"5 "," 40314098 ","SLB RESKIANI MANGGA TIGA ","BTN MANGGA TIGA BLOK D19 NO. 15-16 ","PACCERAKANG ","SWASTA ",SLB,"Kec. Biringkanaya","Kota Makassar","Prov. Sulawesi Selatan"
"6 "," 69725630 ","SLB TARUNA BUNGA BANGSA ","KOMP.MANGGA TIGA C.13 ","P A I ","SWASTA ",SLB,"Kec. Biringkanaya","Kota Makassar","Prov. Sulawesi Selatan"
"7 "," 40313873 ","SLB YP3LB SUDIANG ","JL. SOPPENG RAYA BLOK . I NO. 21 A BSP ","SUDIANG RAYA ","SWASTA ",SLB,"Kec. Biringkanaya","Kota Makassar","Prov. Sulawesi Selatan"
"1 "," 69815466 ","SLB AL-ALAQ ","JL. BANGKALA NO. 102A MAASSAR ","TAMALANREA ","SWASTA ",SLB,"Kec. Tamalanrea","Kota Makassar","Prov. Sulawesi Selatan"
"1 "," 40320342 ","SLB ARNADYA ","JL.TAMANGAPA RAYA 3 NO.45 ","BANGKALA ","SWASTA ",SLB,"Kec. Manggala","Kota Makassar","Prov. Sulawesi Selatan"
"2 "," 69983926 ","SLB HUDAYA HASYIM ","JALAN BITOWA I NO 5 A BLOK III PERUMNAS ANTANG MAKASSAR ","MANGGALA ","SWASTA ",SLB,"Kec. Manggala","Kota Makassar","Prov. Sulawesi Selatan"
"3 "," 40320344 ","SLB PRIMA KARYA ","JALAN MOHA 4 A  ANTANG ","ANTANG ","SWASTA ",SLB,"Kec. Manggala","Kota Makassar","Prov. Sulawesi Selatan"
"4 "," 40320345 ","SLB YUKARTUNI ","JL. AMD 4 MAKASSAR ","TAMANGAPA ","SWASTA ",SLB,"Kec. Manggala","Kota Makassar","Prov. Sulawesi Selatan"
"1 "," 40307723 ","SLBN 1 PAREPARE ","JL. MELINGKAR NO. 42 ","BUKIT HARAPAN ","NEGERI ",SLB,"Kec. Soreang","Kota Parepare","Prov. Sulawesi Selatan"
"1 "," 40307668 ","SLB BCD DDI PAREPARE ","JL. H. AGUSSALIM ","KAMPUNG BARU ","SWASTA ",SLB,"Kec. Bacukiki Barat","Kota Parepare","Prov. Sulawesi Selatan"
"1 "," 69881556 ","SLB GUGUS SEHATI PALOPO ","JLN. IDRUS KAMBAU (PANTAI 1) SONGKA ","SALOBULO ","SWASTA ",SLB,"Kec. Wara Utara","Kota Palopo","Prov. Sulawesi Selatan"
"1 "," 40307882 ","SLB NEGERI PALOPO ","JL. DOMBA LRG. SMP 5 BALANDAI PALOPO ","TEMMALEBBA ","NEGERI ",SLB,"Kec. Bara","Kota Palopo","Prov. Sulawesi Selatan"
