No.,NPSN,"Nama Satuan Pendidikan",Alamat,Kelurahan,Status,"Bentuk Pendidikan",Kecamatan,Kabupaten/Kota,Provinsi
"1 "," 69786905 ","SLB NEGERI MALINAU ","JL. TERMINAL NO 71 RT 17 ","MALINAU KOTA ","NEGERI ",SLB,"Kec. Malinau Kota","Kab. Malinau","Prov. Kalimantan Utara"
"1 "," 30402398 ","SLB TANJUNG SELOR ","JL. KAKAK TUA ","TANJUNG SELOR HILIR ","NEGERI ",SLB,"Kec. Tanjung Selor","Kab. Bulungan","Prov. Kalimantan Utara"
"1 "," 69990863 ","SLB NEGERI TANA TIDUNG ","JL. PERINTIS RT 006 KOMPLEKS SMA NEGERI TERPADU UNGGULAN I TIDENG PALE ","TIDENG PALE ","NEGERI ",SLB,"Kec. Sesayap","Kab. Tana Tidung","Prov. Kalimantan Utara"
"1 "," 30402769 ","SLB NEGERI NUNUKAN ","JL. AJI MUDA RT. 01 ","BINUSAN ","NEGERI ",SLB,"Kec. Nunukan","Kab. Nunukan","Prov. Kalimantan Utara"
"1 "," 30407811 ","SLB NEGERI TARAKAN ","JL. P. AJI ISKANDAR GG. PIPIT ","JUATA KERIKIL ","NEGERI ",SLB,"Kec. Tarakan Utara","Kota Tarakan","Prov. Kalimantan Utara"
