No.,NPSN,"Nama Satuan Pendidikan",Alamat,Kelurahan,Status,"Bentuk Pendidikan",Kecamatan,Kabupaten/Kota,Provinsi
"1 "," 10262384 ","SLB C KARYA TULUS ","JL. NAMO PECAWIR ","TUNTUNGAN II ","SWASTA ",SLB,"Kec. Pancur Batu","Kab. Deli Serdang","Prov. Sumatera Utara"
"2 "," 69932260 ","SLB TUNAS HARAPAN MANDIRI ","JL. HM. PUNA SEMBIRING GANG THM NO. 1 ","TANJUNG ANOM ","SWASTA ",SLB,"Kec. Pancur Batu","Kab. Deli Serdang","Prov. Sumatera Utara"
"1 "," 10261252 ","SLB-A YAPENTRA ","JL. MEDAN TANJUNG MORAWA KM. 21,5 ","TANJUNG BARU ","SWASTA ",SLB,"Kec. Tanjung Morawa","Kab. Deli Serdang","Prov. Sumatera Utara"
"1 "," 69990053 ","SLB SWASTA SYAFIQ ","PERUMAHAN BUMI MIRAJ PERMAI DUSUN III ","KAMPUNG SELEMAK ","SWASTA ",SLB,"Kec. Hamparan Perak","Kab. Deli Serdang","Prov. Sumatera Utara"
"1 "," 10262359 ","SLB ABC MELATI AISYIAH DELISERDANG ","JL. MESJID NO. 806 PASAR IX ","TEMBUNG ","SWASTA ",SLB,"Kec. Percut Sei Tuan","Kab. Deli Serdang","Prov. Sumatera Utara"
"2 "," 69932257 ","SLB MUTIARA HATI ","JL. PENDIDIKAN III DUSUN IV ","SEI ROTAN ","SWASTA ",SLB,"Kec. Percut Sei Tuan","Kab. Deli Serdang","Prov. Sumatera Utara"
"3 "," 69983843 ","SLB NEGERI AUTIS SUMATERA UTARA ","JL. WILLIEM ISKANDAR NO. 9 ","MEDAN ESTATE ","NEGERI ",SLB,"Kec. Percut Sei Tuan","Kab. Deli Serdang","Prov. Sumatera Utara"
"1 "," 10215081 ","SDLB N NO 107708 LUBUK PAKAM ","JALAN PANTAI LABU NO. 177 SEKIP ","SEKIP ","NEGERI ",SDLB,"Kec. Lubuk Pakam","Kab. Deli Serdang","Prov. Sumatera Utara"
"1 "," 10201464 ","SDLB NEGERI 057704 KWALA BINGAI ","JLN. PROKLAMASI ","KWALA BINGAI ","NEGERI ",SDLB,"Kec. Stabat","Kab. Langkat","Prov. Sumatera Utara"
"1 "," 10220440 ","SLB SWASTA YKPC GBKP ALPHA OMEGA KABANJAHE ","JL. KIRAS BANGUN NO. 1 KABANJAHE ","KAMPUNG DALAM ","SWASTA ",SLB,"Kec. Kabanjahe","Kab. Karo","Prov. Sumatera Utara"
"1 "," 10202097 ","SLB NEGERI 047703 PERUM KORPRI ","PERUM KORPRI ","GURUSINGA ","NEGERI ",SDLB,"Kec. Berastagi","Kab. Karo","Prov. Sumatera Utara"
"1 "," 10202319 ","SLB N 097707 PERUMNAS BATU VI ","JL.MAKA DAME RAYA PERUMNAS BATU VI ","LESTARI INDAH ","NEGERI ",SDLB,"Kec. Siantar","Kab. Simalungun","Prov. Sumatera Utara"
"1 "," 69901032 ","SLB TALENTA ","JALAN NENAS ","PERDAGANGAN III ","SWASTA ",SLB,"Kec. Bandar","Kab. Simalungun","Prov. Sumatera Utara"
"1 "," 10203614 ","SDLBN 037702 SIDIKALANG ","SIDIANGKAT ","SIDIANGKAT ","NEGERI ",SDLB,"Kec. Sidikalang","Kab. Dairi","Prov. Sumatera Utara"
"1 "," 69984997 ","SLB SWASTA DAARUS SALAM ASAHAN ","JL. DURIAN LK. IV ","KISARAN NAGA ","SWASTA ",SLB,"Kec. Kisaran Timur","Kab. Asahan","Prov. Sumatera Utara"
"1 "," 10204785 ","SLBN 017700 KISARAN NAGA ","JLN. PROF M. YAMIN NO. 54 ","KISARAN NAGA ","NEGERI ",SDLB,"Kec. Kisaran Timur","Kab. Asahan","Prov. Sumatera Utara"
"1 "," 69959064 ","SEKOLAH LUAR BIASA (SLB) SWASTA OSAKALI ASAHAN ","JL. S. PARMAN DUSUN I PULO BANDRING ","PULO BANDRING ","SWASTA ",SLB,"Kec. Pulo Bandring","Kab. Asahan","Prov. Sumatera Utara"
"1 "," 10204862 ","SDLBN 117709 KAMPUNG BARU ","JLN. KAMPUNG BARU  ","SIOLDENGAN  ","NEGERI ",SDLB,"Kec. Rantau Selatan","Kab. Labuhan Batu","Prov. Sumatera Utara"
"1 "," 10259180 ","SLBN SIBORONGBORONG ","JL.TARUTUNG KM.4 LUMBAN NAINGGOLAN ","PANIARAN ","NEGERI ",SLB,"Kec. Siborongborong","Kab. Tapanuli Utara","Prov. Sumatera Utara"
"1 "," 10260549 ","SDLB 157712 PINANGSORI ","JL. PADANGSIDIMPUAN KM 29 ","PINANG BARU ","NEGERI ",SDLB,"Kec. Pinang Sori","Kab. Tapanuli Tengah","Prov. Sumatera Utara"
"1 "," 69762642 ","SLB NEGERI ANGKOLA TIMUR ","JL. SIPIROK ","PAL XI ","NEGERI ",SLB,"Kec. Angkola Timur","Kab. Tapanuli Selatan","Prov. Sumatera Utara"
"1 "," 10269080 ","SLB NEGERI MANDAILING NATAL ","JL. KOMPLEK STAIN PANYABUNGAN ","PIDOLI LOMBANG ","NEGERI ",SLB,"Kec. Panyabungan Kota","Kab. Mandailing Natal","Prov. Sumatera Utara"
"1 "," 10214758 ","SLB PK HEPHATA ","JL. HEPHATA DESA SINTONG MARNIPI KECAMATAN LAGUBOTI KABUPATEN ","SINTONG MARNIPI ","SWASTA ",SLB,"Kec. Lagu Boti","Kab. Toba Samosir","Prov. Sumatera Utara"
"1 "," 10214741 ","SDLB NEGERI 177714 SINTONG MARNIPI ","SINTONG MARNIPI ","SINTONG MARNIPI ","NEGERI ",SDLB,"Kec. Lagu Boti","Kab. Toba Samosir","Prov. Sumatera Utara"
"1 "," 10261795 ","SLB NEGERI SALAK ","JL. LAE UNE NO. 115  ","KECUPAK II ","NEGERI ",SLB,"Kec. Pergeteng-geteng Sengkut","Kab. Pakpak Bharat","Prov. Sumatera Utara"
"1 "," 69979562 ","SLB NEGERI DOLOKSANGGUL ","JL. MAYOR SAUR H. PURBA ","PAKKAT ","NEGERI ",SLB,"Kec. Dolok Sanggul","Kab. Humbang Hasudutan","Prov. Sumatera Utara"
"1 "," 60728467 ","SLB NEGERI SERDANG BEDAGAI ","JL. BESAR DESA BENGABING ","BENGABING ","NEGERI ",SLB,"Kec. Pegajahan","Kab. Serdang Bedagai","Prov. Sumatera Utara"
"1 "," 10260898 ","SLB NEGERI BATUBARA ","JL. LINTAS SUMATERA KM. 108 DESA SUKARAJA INDRAPURA ","SUKARAJA ","NEGERI ",SLB,"Kec. Air Putih","Kab. Batubara","Prov. Sumatera Utara"
"1 "," 69786979 ","SLB NEGERI PADANG LAWAS UTARA ","JL. GUNUNG TUA PADANG SIDEMPUAN KM 6 ","SIGAMA ","NEGERI ",SLB,"Kec. Padang Bolak","Kab. Padang Lawas utara","Prov. Sumatera Utara"
"1 "," 69957452 ","SLB NEGERI AEK KANOPAN ","JALAN LINTAS SUMATERA KM 228 DUSUN IX ","SIDUA DUA ","NEGERI ",SLB,"Kec. Kualuh Selatan","Kab. Labuhan Batu Utara","Prov. Sumatera Utara"
"1 "," 69976677 ","SLB NEGERI NIAS BARAT ","JL. BUDI UTOMO ","ONOWAEMBO ","NEGERI ",SLB,"Kec. Lahomi","Kab. Nias Barat","Prov. Sumatera Utara"
"1 "," 10259865 ","SLB-A KARYA MURNI ","JL. KARYA WISATA NO. 06 ","GEDUNG JOHOR ","SWASTA ",SLB,"Kec. Medan Johor","Kota Medan","Prov. Sumatera Utara"
"2 "," 10259483 ","SLB-E AL AZHAR MEDAN ","JL.PINTU AIR IV NO.214  ","KWALA BEKALA ","SWASTA ",SLB,"Kec. Medan Johor","Kota Medan","Prov. Sumatera Utara"
"1 "," 10261798 ","SLB ABC TAMAN PENDIDIKAN ISLAM ","JL.SM.RAJA KM.7 NO.5 MEDAN ","HARJOSARI I ","SWASTA ",SLB,"Kec. Medan Amplas","Kota Medan","Prov. Sumatera Utara"
"2 "," 10260281 ","SLB C MUZDALIFAH ","JL. GARU VI GG. MERAK NO 15 A ","HARJOSARI I ","SWASTA ",SLB,"Kec. Medan Amplas","Kota Medan","Prov. Sumatera Utara"
"1 "," 10259452 ","SLB B KARYA MURNI ","JL. HAJI MUHAMMAD JONI NO.66 A ","TELADAN TIMUR ","SWASTA ",SLB,"Kec. Medan Kota","Kota Medan","Prov. Sumatera Utara"
"2 "," 10259518 ","SLB TUNAGRAHITA SANTA LUSIA ","JL. SINDORO NO 4 MEDAN ","PUSAT PASAR ","SWASTA ",SLB,"Kec. Medan Kota","Kota Medan","Prov. Sumatera Utara"
"1 "," 10259460 ","SLB MARKUS MEDAN ","JL. KAPTEN MUSLIM NO. 226 ","HELVETIA TIMUR ","SWASTA ",SLB,"Kec. Medan Helvetia","Kota Medan","Prov. Sumatera Utara"
"2 "," 69896977 ","SLB PONDOK KASIH ","JALAN MESJID NO. 4 ","CINTA DAMAI ","SWASTA ",SLB,"Kec. Medan Helvetia","Kota Medan","Prov. Sumatera Utara"
"3 "," 10259470 ","SLB-E NEGERI PEMBINA TINGKAT PROVINSI ","JL. KARYA UJUNG ","HELVETIA TIMUR ","NEGERI ",SLB,"Kec. Medan Helvetia","Kota Medan","Prov. Sumatera Utara"
"1 "," 10259464 ","SLB C YPAC MEDAN ","JL. ADINEGORO NO. 2 MEDAN ","GAHARU ","SWASTA ",SLB,"Kec. Medan Timur","Kota Medan","Prov. Sumatera Utara"
"2 "," 10259467 ","SLB D YPAC MEDAN ","JL. ADINEGORO NO 2 MEDAN ","GAHARU ","SWASTA ",SLB,"Kec. Medan Timur","Kota Medan","Prov. Sumatera Utara"
"1 "," 69970685 ","SDLB WHITE LIGHT SCHOOL MEDAN ","JL. GAHARU NO. 55  ","GAHARU ","SWASTA ",SDLB,"Kec. Medan Timur","Kota Medan","Prov. Sumatera Utara"
"1 "," 69787519 ","SLB C ABDI KASIH ","JL.RAWE IV ( PSR.6) NO.139 ","TANGKAHAN ","SWASTA ",SLB,"Kec. Medan Labuhan","Kota Medan","Prov. Sumatera Utara"
"1 "," 69974237 ","SLB ISLAM TERPADU SAHABAT AL- QUR-AN ","JL IKAN NILA KOMPLEK KOREM LK IV ","DATARAN TINGGI ","SWASTA ",SLB,"Kec. Binjai Timur","Kota Binjai","Prov. Sumatera Utara"
"1 "," 10260394 ","SLB NEGERI BINJAI ","JL. DEWI SARTIKA NO. 167 ","JATI KARYA ","NEGERI ",SLB,"Kec. Binjai Utara","Kota Binjai","Prov. Sumatera Utara"
"1 "," 10211413 ","SDLBN 027701 ","JL. DEWI SARTIKA ","DAMAI ","NEGERI ",SDLB,"Kec. Binjai Utara","Kota Binjai","Prov. Sumatera Utara"
"1 "," 69886466 ","SLB SWASTA YAPSI TEBING TINGGI ","JL. PULAU BELITUNG ","PERSIAKAN ","SWASTA ",SLB,"Kec. Padang Hulu","Kota Tebing Tinggi","Prov. Sumatera Utara"
"1 "," 10211532 ","SDLB NEGERI 167713 ","JL. PULAU BURU LK V ","TUALANG ","NEGERI ",SDLB,"Kec. Padang Hulu","Kota Tebing Tinggi","Prov. Sumatera Utara"
"1 "," 69896658 ","SLB SWASTA KASIH IBU ","JL. TANAH MERAH LK. II ","BAGELEN ","SWASTA ",SLB,"Kec. Padang Hilir","Kota Tebing Tinggi","Prov. Sumatera Utara"
"1 "," 10260535 ","SDLB NEGERI 127710 ","JLN. PARSOBURAN ","SUKA MAKMUR ","NEGERI ",SDLB,"Kec. Siantar Marihat","Kota Pematangsiantar","Prov. Sumatera Utara"
"1 "," 10212423 ","SLB SANTA LUSIA ","JL. PARAPAT KM 5 ","SIMARIMBUN ","SWASTA ",SLB,"Kec. Siantar Marimbun","Kota Pematangsiantar","Prov. Sumatera Utara"
"1 "," 10211993 ","SDLB (SD NEGERI 137711) ","JL. ABADI ","TANJUNG BALAI KOTA II ","NEGERI ",SDLB,"Kec. Tanjung Balai Selatan","Kota Tanjung Balai","Prov. Sumatera Utara"
"1 "," 10212096 ","SDLB N 087706 ","JL.P. SIDEMPUAN KM 4,5 GG. PRONA ","SARUDIK ","NEGERI ",SDLB,"Kec. Sibolga Selatan","Kota Sibolga","Prov. Sumatera Utara"
"1 "," 69768148 ","UPT. SLB NEGERI PADANGSIDIMPUAN ","JL.OMPU SARUDAK PSP.HUTAIMBARU PADANGSIDIMPUAN ","HUTAIMBARU ","NEGERI ",SLB,"Kec. Hutaimbaru","Kota Padang Sidimpuan","Prov. Sumatera Utara"
"1 "," 69974639 ","SLB KUMALA INDAH ","JL.H.T.RIZAL NURDIN ","GOTI ","SWASTA ",SLB,"Kec. Padang Sidimpuan Tenggara","Kota Padang Sidimpuan","Prov. Sumatera Utara"
"1 "," 69960580 ","SLB SWASTA YAPSI GUNUNGSITOLI ","JLN. DIPONEGORO NO. 379 ","SIFALAETE TABALOHO ","SWASTA ",SLB,"Kec. Gunungsitoli","Kota Gunungsitoli","Prov. Sumatera Utara"
"1 "," 10258957 ","SDLB NEGERI 077705 GUNUNGSITOLI ","JL.NIAS TENGAH KM. 7,5  ","FAEKHU ","NEGERI ",SDLB,"Kec. Gunungsitoli Selatan","Kota Gunungsitoli","Prov. Sumatera Utara"
