No.,NPSN,"Nama Satuan Pendidikan",Alamat,Kelurahan,Status,"Bentuk Pendidikan",Kecamatan,Kabupaten/Kota,Provinsi
"1 "," 20600472 ","SKH DARUL BAYAN ","JL. RAYA TELUK LADA KM. 01 KP. SOGE PANIMBANG ","PANIMBANGJAYA ","SWASTA ",SLB,"Kec. Panimbang","Kab. Pandeglang","Prov. Banten"
"1 "," 20600447 ","SKH PERSADA PICUNG ","JL AHMAD 1, KP. BABAKAN TEUREP ","KADU PANDAK ","SWASTA ",SLB,"Kec. Picung","Kab. Pandeglang","Prov. Banten"
"1 "," 69786959 ","SKH ATH-THOHARIYYAH 2 ","JL. KH. ARJASIM KP. SAWAHLEGA RT. 02/08 ","BANYUMAS ","SWASTA ",SLB,"Kec. Bojong","Kab. Pandeglang","Prov. Banten"
"1 "," 69873694 ","SKH ATH THOHARIYYAH 1 ","JL RAYA LABUAN KM 18 PASAR SODONG ","SINDANGHAYU ","SWASTA ",SLB,"Kec. Saketi","Kab. Pandeglang","Prov. Banten"
"1 "," 69942518 ","SKH GYTHA KYARA  03 ","KP. CIPUTRI RT. 001 / RW. 006 ","PAGELARAN ","SWASTA ",SLB,"Kec. Pagelaran","Kab. Pandeglang","Prov. Banten"
"1 "," 69990679 ","SKH ALGHISAFA LABUAN ","JL. KALUMPANG RT/RW 002/002 ","RANCATEUREUP ","SWASTA ",SLB,"Kec. Labuan","Kab. Pandeglang","Prov. Banten"
"2 "," 20600473 ","SKH BAHARI ","KOMP CIPUNTEN TELUK ","TELUK ","SWASTA ",SLB,"Kec. Labuan","Kab. Pandeglang","Prov. Banten"
"1 "," 69859375 ","SKH JIPUT MANDIRI ","JL. JIPUT CARINGIN KP. KADU BAJO RT.004/RW.006 ","JIPUT ","SWASTA ",SLB,"Kec. Jiput","Kab. Pandeglang","Prov. Banten"
"1 "," 20600446 ","SKH MATHLA`UL ANWAR ","JL. PRAPATAN CIMANYING ","MENES ","SWASTA ",SLB,"Kec. Menes","Kab. Pandeglang","Prov. Banten"
"1 "," 69942135 ","SKH GALUH KINANTI ","KP. PANDAT 01/02 ","PANDAT ","SWASTA ",SLB,"Kec. Mandalawangi","Kab. Pandeglang","Prov. Banten"
"1 "," 69942134 ","SKH FARKHAN AS SALMAN ","KP. SOMPOK GIRANG 08/04 ","BATUBANTAR ","SWASTA ",SLB,"Kec. Cimanuk","Kab. Pandeglang","Prov. Banten"
"1 "," 20600450 ","SKH KORPRI ","JL CIWASIAT NO 23 PANDEGLANG 42213 ","PANDEGLANG ","SWASTA ",SLB,"Kec. Pandeglang","Kab. Pandeglang","Prov. Banten"
"1 "," 69947347 ","SKH AL-KARIM ","KP. GONGGONG 05/06 ","CIPICUNG ","SWASTA ",SLB,"Kec. Cikedal","Kab. Pandeglang","Prov. Banten"
"1 "," 69941886 ","SKH ADRIKA INSAN MANDIRI ","JL. RAYA SURIANEUN PASIR GADUNG KM 03  ","CIAWI ","SWASTA ",SLB,"Kec. Patia","Kab. Pandeglang","Prov. Banten"
"1 "," 69904995 ","SKH GYTHA KYARA 02 ","JL. KP. CIBANGO 010/003 CARITA - PANDEGLANG ","PEJAMBEN ","SWASTA ",SLB,"Kec. Carita","Kab. Pandeglang","Prov. Banten"
"1 "," 69904989 ","SKH GYTHA KYARA 01 ","JL. MUNJUL TURUS KM. 5 KP. NUMPI RT. 04/04 ","BOJONGMANIK ","SWASTA ",SLB,"Kec. Sindangresmi","Kab. Pandeglang","Prov. Banten"
"1 "," 60728426 ","SKH MUSTHOFA BINAAN UMAT PANDEGLANG "," JL. MENES MANDALAWANGI KM.4 KADU PAGER ","KORANJI ","SWASTA ",SLB,"Kec. Pulosari","Kab. Pandeglang","Prov. Banten"
"1 "," 20600448 ","SKH NEGERI 01 PEMBINA PANDEGLANG ","JL. STADION BADAK KP.KURANTEN KEL.SARUNI KEC.MAJASARI KAB.PANDEGLANG ","SARUNI ","NEGERI ",SLB,"Kec. Majasari","Kab. Pandeglang","Prov. Banten"
"1 "," 69893406 ","SKH ARRAFAT ","JL. RAYA BAYAH KM 07 DESA PAGELARAN, KP. NAMBO ","PAGELARAN ","SWASTA ",SLB,"Kec. Malingping","Kab. Lebak","Prov. Banten"
"2 "," 69919380 ","SKH NEGERI 03 LEBAK ","JL. RAYA MALINGPING-CIJAKU KP. CIHAGARU ","KADUJAJAR ","NEGERI ",SLB,"Kec. Malingping","Kab. Lebak","Prov. Banten"
"1 "," 69775726 ","SKH PURNAMA PANGGARANGAN ","JL. RAYA BAYAH - MALINGPING KM. 4 ","PANGGARANGAN ","SWASTA ",SLB,"Kec. Panggarangan","Kab. Lebak","Prov. Banten"
"1 "," 69942559 ","SKH SATYA GIRI ","KP. DARMASARI ","PAMUBULAN ","SWASTA ",SLB,"Kec. Bayah","Kab. Lebak","Prov. Banten"
"1 "," 20601813 ","SKH ADI SETIA CIKOTOK ","WARUNGKADU NO.50 ","CIKOTOK ","SWASTA ",SLB,"Kec. Cibeber","Kab. Lebak","Prov. Banten"
"1 "," 20601811 ","SKH NEGERI 01 LEBAK ","JL. DEWI SARTIKA NO.20 L RANGKASBITUNG ","MUARA CIUJUNG TIMUR ","NEGERI ",SLB,"Kec. Rangkasbitung","Kab. Lebak","Prov. Banten"
"2 "," 20601812 ","SKH NEGERI 02 LEBAK ","RANGKASBITUNG ","RANGKASBITUNG TIMUR ","NEGERI ",SLB,"Kec. Rangkasbitung","Kab. Lebak","Prov. Banten"
"3 "," 20601810 ","SKH PADESAN ","JL. PASIR TARITI NO.14 RT.02/05 ","RANGKASBITUNG BARAT ","SWASTA ",SLB,"Kec. Rangkasbitung","Kab. Lebak","Prov. Banten"
"4 "," 20601809 ","SKH PGRI RANGKASBITUNG ","JL. SILIWANGI PASIR ONA RANGKASBITUNG LEBAK ","RANGKASBITUNG TIMUR ","SWASTA ",SLB,"Kec. Rangkasbitung","Kab. Lebak","Prov. Banten"
"1 "," 69759168 ","SKH KEKERABATAN ","JL. M. AMIR HAMZAH ","MAJA ","SWASTA ",SLB,"Kec. Maja","Kab. Lebak","Prov. Banten"
"2 "," 69862390 ","SKH SARONGGE ","JL RAYA KOPI SANGIANG KP SARONGGE ","PASIR KEMBANG ","SWASTA ",SLB,"Kec. Maja","Kab. Lebak","Prov. Banten"
"1 "," 20622200 ","SKH HARAPAN MULYA ","JL. RAYA BINUANGEUN KM.11 MALINGPING ","SUKATANI ","SWASTA ",SLB,"Kec. Wanasalam","Kab. Lebak","Prov. Banten"
"1 "," 69726948 ","SKH MUTIARA HIKMATULHUDA ","KP. SIGEUNG LEUWI ","CISOKA ","SWASTA ",SLB,"Kec. Cisoka","Kab. Tangerang","Prov. Banten"
"1 "," 69726943 ","SKH DIAN BAHAGIA ","KP. CILELES RT 03 RW 05 DS. BANTARPANJANG KEC. TIGARAKSA ","BANTAR PANJANG ","SWASTA ",SLB,"Kec. Tiga raksa","Kab. Tangerang","Prov. Banten"
"2 "," 69974454 ","SKH MUSTIKA TIGARAKSA ","PERUMAHAN MUSTIKA TIGARAKSA BLOK B 01/04 RT.011 RW.010 ","PASIR NANGKA ","SWASTA ",SLB,"Kec. Tiga raksa","Kab. Tangerang","Prov. Banten"
"1 "," 20613492 ","SKH SYAHIDA HARAPAN BUNDA ","JL. VERDI TIMUR V BUNDERAN II CITRA RAYA, KP. PABUARAN RT.005/02 ","DUKUH ","SWASTA ",SLB,"Kec. Cikupa","Kab. Tangerang","Prov. Banten"
"1 "," 69725271 ","SKH ADITIYA SILIH ASIH ","JL. AMD SERDANG KULON KP. SERDANG RT. 06 RW. 02 ","SERDANG KULON ","SWASTA ",SLB,"Kec. Panongan","Kab. Tangerang","Prov. Banten"
"2 "," 69924909 ","SKH BHAKTI LUHUR 02 ","JL CITRA AKADEMIA RAYA BLOK O. 05 NO. 02 ","CIAKAR ","SWASTA ",SLB,"Kec. Panongan","Kab. Tangerang","Prov. Banten"
"1 "," 69786385 ","SKH CARAKA PRATAMA ","VILLA TANGERANG ELOK BLOK A 21 NO.2 ","KUTA JAYA ","SWASTA ",SLB,"Kec. Pasar Kemis","Kab. Tangerang","Prov. Banten"
"2 "," 20616290 ","SKH DARMAWATI ARIEF ","JL.BEORAYA BLOK.E 19 NO.9-12 ","KUTABARU ","SWASTA ",SLB,"Kec. Pasar Kemis","Kab. Tangerang","Prov. Banten"
"3 "," 69726947 ","SKH HEKSA WIYATA ","JL. REGENCY 2 PERUM PERMATA TANGERANG BLOK AE 8/11 ","GELAM JAYA ","SWASTA ",SLB,"Kec. Pasar Kemis","Kab. Tangerang","Prov. Banten"
"1 "," 20615486 ","SKH NEGERI 01 KABUPATEN TANGERANG ","JL. CARINGIN 2 ","SAGA ","NEGERI ",SLB,"Kec. Balaraja","Kab. Tangerang","Prov. Banten"
"1 "," 69966710 ","SKH GRIYA MANDIRI ","PERUM GRIYA ARTHA RAJEG BLOK I2 NO. 9 ","RAJEGMULYA ","SWASTA ",SLB,"Kec. Rajeg","Kab. Tangerang","Prov. Banten"
"2 "," 69984149 ","SKH KARYA INSANI ","PERUM TANJAKAN INDAH BLOK D 6 NO. 22 - 23 ","TANJAKAN ","SWASTA ",SLB,"Kec. Rajeg","Kab. Tangerang","Prov. Banten"
"1 "," 69873707 ","SLB INSAN MULIA ","PERUMAHAN GARDENIA SEPATAN BLOK D NO 6-8 ","PISANGAN JAYA ","SWASTA ",SLB,"Kec. Sepatan","Kab. Tangerang","Prov. Banten"
"1 "," 69726945 ","SKH PELITA AL KAROMAH ","JL. RAYA SERANG KM 32 ","SUMUR BANDUNG ","SWASTA ",SLB,"Kec. Jayanti","Kab. Tangerang","Prov. Banten"
"1 "," 69966709 ","SKH BINA INSAN MANDIRI ","PERUM DARU PERMAI BLOK C5 NO. 20 RT 023/05 ","DARU ","SWASTA ",SLB,"Kec. Jambe","Kab. Tangerang","Prov. Banten"
"1 "," 69990473 ","SKH BHAKTI PUTRA ","GRIYA SERPONG ASRI BLOK CT 2 NO. 7 RT/RW 05/06 ","SURADITA ","SWASTA ",SLB,"Kec. Cisauk","Kab. Tangerang","Prov. Banten"
"1 "," 69786285 ","SKH MENARA KASIH ","JL. KELAPA GADING SELATAN BLOK AJ 10 NO. 29 ","PAKULONAN BARAT ","SWASTA ",SLB,"Kec. Kelapa Dua","Kab. Tangerang","Prov. Banten"
"2 "," 69773501 ","SKH MUSLIM CENDEKIA ","JL DANAU KELAPA DUA BLOK 05/5 ","KELAPA DUA ","SWASTA ",SLB,"Kec. Kelapa Dua","Kab. Tangerang","Prov. Banten"
"3 "," 69756125 ","SKH NURUL DIYN ","JL. BAJA RAYA NO. 24 PERUMNAS II TANGERANG ","BENCONGAN ","SWASTA ",SLB,"Kec. Kelapa Dua","Kab. Tangerang","Prov. Banten"
"1 "," 69984147 ","SKH NUR RABBANI ","JL. PASAR CIOMAS MANDALAWANGI KM. 7  ","UJUNGTEBU ","SWASTA ",SLB,"Kec. Ciomas","Kab. Serang","Prov. Banten"
"1 "," 69774946 ","SKH SUTMAEMUN ","JL. CIKEUSAL - PETIR DS. SUKARATU ","SUKARATU ","SWASTA ",SLB,"Kec. Cikeusal","Kab. Serang","Prov. Banten"
"1 "," 69786960 ","SKH BINA CITRA ANAK ","JL. SIMPANG TOL CIUJUNG KRAGILAN NO. 08 KP. KEBON KELAPA RT 004 RW 004 ","KRAGILAN ","SWASTA ",SLB,"Kec. Kragilan","Kab. Serang","Prov. Banten"
"2 "," 69943058 ","SKH GLOBAL INSANI MADANI ","PERUM PESONA ALAM KENCANA BLOK C RAYA ","PEMATANG ","SWASTA ",SLB,"Kec. Kragilan","Kab. Serang","Prov. Banten"
"1 "," 20615159 ","SEKOLAH KHUSUS PELITA INSANI ","MARGAGIRI, JL.RAYA SERDANG-WARINGIN KURUNG, MARGATANI-KRAMATWATU ","MARGATANI ","SWASTA ",SLB,"Kec. Kramatwatu","Kab. Serang","Prov. Banten"
"1 "," 20606288 ","SKH AL KAUTSAR ","JL. ARJUNA KAV BLOK J 101-102 ","BENDUNGAN ","SWASTA ",SLB,"Kec. Cilegon","Kota Cilegon","Prov. Banten"
"1 "," 20600019 ","SEKOLAH KHUSUS AL-IHSAN 02 ","LINGKUNGAN PRAPATAN KALANG ANYAR RT.06 RW.01 ","KEDALEMAN ","SWASTA ",SLB,"Kec. Cibeber","Kota Cilegon","Prov. Banten"
"2 "," 69994894 ","SKH NEGERI 01 KOTA CILEGON ","JL.RAJAWALI BLOK D ","CIBEBER ","NEGERI ",SLB,"Kec. Cibeber","Kota Cilegon","Prov. Banten"
"3 "," 20606301 ","SKH TRI DHARMA ","JL. NURI PERUM BCK BLOK D22 NO. 9 ","CIBEBER ","SWASTA ",SLB,"Kec. Cibeber","Kota Cilegon","Prov. Banten"
"1 "," 20606302 ","SKH. AL KHAIRIYAH ","JL. KH. ENGGUS ARJA NO. 1 CITANGKIL ","CITANGKIL ","SWASTA ",SLB,"Kec. Citangkil","Kota Cilegon","Prov. Banten"
"1 "," 20616068 ","SEKOLAH KHUSUS PELITA NUSANTARA ","JL.GG.JAMBU RT.001/04 GONDRONG ","GONDRONG ","SWASTA ",SLB,"Kec. Cipondoh","Kota Tangerang","Prov. Banten"
"1 "," 20615622 ","SEKOLAH KHUSUS ISTIMEWA ","JL. DAAN MOGOT NO. 29 C ","SUKA ASIH ","SWASTA ",SLB,"Kec. Tangerang","Kota Tangerang","Prov. Banten"
"2 "," 69966708 ","SKH AN-NUUR ","JL. SUKABAKTI VII RT 05/15 ","SUKASARI ","SWASTA ",SLB,"Kec. Tangerang","Kota Tangerang","Prov. Banten"
"3 "," 69786192 ","SKH NURBAYAN 01 ","JL. METEOROLOGI TANGERANG ","TANAH TINGGI ","SWASTA ",SLB,"Kec. Tangerang","Kota Tangerang","Prov. Banten"
"1 "," 20616071 ","SEKOLAH KHUSUS ASY SYIFA ","JL. HOS COKROAMINOTO NO. 16 LARANGAN ","LARANGAN UTARA ","SWASTA ",SLB,"Kec. Larangan","Kota Tangerang","Prov. Banten"
"1 "," 20606528 ","SEKOLAH KHUSUS SANG TIMUR ","JL. BARATA PAHALA NO. 37 ","KARANG TENGAH ","SWASTA ",SLB,"Kec. Karang Tengah","Kota Tangerang","Prov. Banten"
"2 "," 69786193 ","SKH NURBAYAN 02 ","KOMPLEK CILEDUK INDAH INDAH 2 BLOK DB16/12 RT. 01/08 ","PEDURENAN ","SWASTA ",SLB,"Kec. Karang Tengah","Kota Tangerang","Prov. Banten"
"1 "," 20606529 ","SKH MARKUS ","JL. MH. THAMRIN KM. 45 KEBON NANAS TANGERANG ","PANUNGGANGAN UTARA ","SWASTA ",SLB,"Kec. Pinang","Kota Tangerang","Prov. Banten"
"2 "," 69759263 ","SKH YENAIZ ","JL. H. RIWAN RT. 04/14 ","KUNCIRAN INDAH ","SWASTA ",SLB,"Kec. Pinang","Kota Tangerang","Prov. Banten"
"1 "," 20606540 ","SEKOLAH KHUSUS YKDW 01 ","JL. TEUKU UMAR NO. 76 NUSA JAYA ","NUSA JAYA ","SWASTA ",SLB,"Kec. Karawaci","Kota Tangerang","Prov. Banten"
"2 "," 20606539 ","SEKOLAH KHUSUS YKDW 02 KOTA TANGERANG ","JL. TEUKU UMAR NO. 76 NUSA JAYA ","KARAWACI ","SWASTA ",SLB,"Kec. Karawaci","Kota Tangerang","Prov. Banten"
"3 "," 20616208 ","SEKOLAH KHUSUS YKDW 03 ","JL. TEUKU UMAR NO. 76 NUSA JAYA ","NUSA JAYA ","SWASTA ",SLB,"Kec. Karawaci","Kota Tangerang","Prov. Banten"
"4 "," 69859695 ","SKH AL-MUFTI ","JL. OTOH ISKANDARDINATA NO 72 RT 003/003 KARAWACI ","GERENDENG ","SWASTA ",SLB,"Kec. Karawaci","Kota Tangerang","Prov. Banten"
"1 "," 20616260 ","SEKOLAH KHUSUS SALSABILAH ","PERUMAHAN THE ORCHID PARK BLOK N NO. 1 RT. 003/016  ","GEBANG RAYA ","SWASTA ",SLB,"Kec. Periuk","Kota Tangerang","Prov. Banten"
"2 "," 69974498 ","SKH IDAMAN HATI ","JL. PRABU SILIWANGI RT.03 RW.01 KP. GEMBOR ","GEMBOR ","SWASTA ",SLB,"Kec. Periuk","Kota Tangerang","Prov. Banten"
"3 "," 69880401 ","SKH PELANGI ANAKKU ","JL VILLA MUTIARA PLUIT BLOK C 6 NO 5 PERIUK  ","CIBODAS ","SWASTA ",SLB,"Kec. Periuk","Kota Tangerang","Prov. Banten"
"1 "," 69786961 ","SKH PANDITA ","CITRA GADING BLOK D6 NO. 10,13,14,15 o0o E5 30,31,32 ","KARUNDANG ","SWASTA ",SLB,"Kec. Cipocok Jaya","Kota Serang","Prov. Banten"
"1 "," 20605332 ","SKH N 02 KOTA SERANG ","JL.RAYA PETIR KP.PRAPATAN ","CURUG ","NEGERI ",SLB,"Kec. Curug","Kota Serang","Prov. Banten"
"1 "," 69906888 ","SKH ELOK ASRI ","JL. ANGSANA BLOK BLORA KAV. 45 - 47 ","KASEMEN ","SWASTA ",SLB,"Kec. Kasemen","Kota Serang","Prov. Banten"
"1 "," 20615731 ","SKH ANAK MANDIRI ","JL. RAYA CILEGON NO 73 A, KEPANDEAN - SERANG ","LONTARBARU ","SWASTA ",SLB,"Kec. Serang","Kota Serang","Prov. Banten"
"2 "," 20605320 ","SKH MADINA ","KOMPLEK GRIYA GEMILANG SAKTI 2 BLOK B4 NO.4o0o7 ","SERANG ","SWASTA ",SLB,"Kec. Serang","Kota Serang","Prov. Banten"
"3 "," 20605334 ","SKH NEGERI 01 KOTA SERANG ","JL. BHAYANGKARA NO. 045 RT. 001 RW 024. KEL. SUMUR PECUNG SERANG - BANTEN 42118 ","SUMURPECUNG ","NEGERI ",SLB,"Kec. Serang","Kota Serang","Prov. Banten"
"4 "," 20605335 ","SKH SAMANTHA ","LINK. PANANCANGAN PASIR   ","KALIGANDU ","SWASTA ",SLB,"Kec. Serang","Kota Serang","Prov. Banten"
"1 "," 69976579 ","SEKOLAH KHUSUS BUNGA TERATAI PUTIH ","JL. BETAWI RT. 03/09 KAMPUNG GUNUNG ","JOMBANG ","SWASTA ",SLB,"Kec. Ciputat","Kota Tangerang Selatan","Prov. Banten"
"2 "," 69726892 ","SKH AN NUR ","JL. PAHLAWAN KMP. DUKUH RT.07/01 KEL. SERUA CIPUTAT KOTA TANGERANG SELATAN ","SERUA ","SWASTA ",SLB,"Kec. Ciputat","Kota Tangerang Selatan","Prov. Banten"
"3 "," 20614375 ","SKH BHAKTI LUHUR ","PERUMAHAN BUKIT CIRENDEU BLOK A-III NO.09 RT05/RW 16 PONDOK CABE ","CIPAYUNG ","SWASTA ",SLB,"Kec. Ciputat","Kota Tangerang Selatan","Prov. Banten"
"4 "," 69734142 ","SKH PUTRA PUTRI MANDIRI ","JL. ANEKA WARGA NO. 51  ","DESA SASAK TINGGI  ","SWASTA ",SLB,"Kec. Ciputat","Kota Tangerang Selatan","Prov. Banten"
"5 "," 69725851 ","SKH SPECTRUM ","JL. MASJID NURUL QOMAR NO. 48 RT. 02/05 ","SAWAH BARU ","SWASTA ",SLB,"Kec. Ciputat","Kota Tangerang Selatan","Prov. Banten"
"1 "," 20603592 ","SKH NURASIH ","JL. WR. SUPRATMAN NO.51 KAMPUNG UTAN ","CEMPAKA PUTIH ","SWASTA ",SLB,"Kec. Ciputat Timur","Kota Tangerang Selatan","Prov. Banten"
"1 "," 20603589 ","SKH MUARA SEJAHTERA ","JL. TRUBUS II NO. 111 RT. 04/04 ","PONDOK CABE ILIR ","SWASTA ",SLB,"Kec. Pamulang","Kota Tangerang Selatan","Prov. Banten"
"1 "," 69972026 ","SEKOLAH KHUSUS MULTI COLOUR LEARNING CENTER ","JALAN KASUARI RAYA HD 8A NO. 23 ","PONDOK PUCUNG ","SWASTA ",SLB,"Kec. Pondok Aren","Kota Tangerang Selatan","Prov. Banten"
"2 "," 69974066 ","SEKOLAH KHUSUS SAYAP IBU ","JL. RAYA GRAHA BINTARO NO. 33 B RT. 004 RW.01 ","PONDOK KACANG BARAT ","SWASTA ",SLB,"Kec. Pondok Aren","Kota Tangerang Selatan","Prov. Banten"
"3 "," 69727319 ","SKH CITRA ANINDYA ","JL. TAMAN MAKAM BAHAGIA  ABRI NO. 38B PARIGI KEC. PONDOK AREN  KOTA TANGERANG ","PERIGI BARU ","SWASTA ",SLB,"Kec. Pondok Aren","Kota Tangerang Selatan","Prov. Banten"
"4 "," 69845936 ","SKH SAHABAT KITA ","JL. JURANG MANGU BARAT RT.02/02 NO.33. ","PONDOK AREN ","SWASTA ",SLB,"Kec. Pondok Aren","Kota Tangerang Selatan","Prov. Banten"
"1 "," 20603588 ","SKH ASSALAM 01 ","JLN. CENDANA IV NO. 72 RT.05/04 ","SERPONG ","SWASTA ",SLB,"Kec. Serpong","Kota Tangerang Selatan","Prov. Banten"
"2 "," 20603591 ","SKH ASSALAM 02 ","KENCANA LOKA XII-5 BUMI SERPONG DAMAI ","CIATER ","SWASTA ",SLB,"Kec. Serpong","Kota Tangerang Selatan","Prov. Banten"
"3 "," 69982162 ","SKH ISLAM TERPADU YARFIN ","JL. H JAMAT GG. MASJID I KP. JATI NO. 10A ","BUARAN ","SWASTA ",SLB,"Kec. Serpong","Kota Tangerang Selatan","Prov. Banten"
"4 "," 69859756 ","SKH MUTIARA HATIKU ","JL. JAWA BLOK I 4 NO.20 NUSA LOKA BSD SEKTOR XIV ","RAWA MEKAR JAYA ","SWASTA ",SLB,"Kec. Serpong","Kota Tangerang Selatan","Prov. Banten"
"1 "," 69726899 ","SKH AL-IHSAN 01 ","KP. PERIGI RT. 03/04 NO. 19 ","LENGKONG KARYA ","SWASTA ",SLB,"Kec. Serpong Utara","Kota Tangerang Selatan","Prov. Banten"
"2 "," 69725852 ","SKH BOUGENVILLE ","GRAHA RAYA BINTARO JAYA BLOK M-1/NO. 19 RT. 001/ 08 ","PAKU JAYA ","SWASTA ",SLB,"Kec. Serpong Utara","Kota Tangerang Selatan","Prov. Banten"
"3 "," 69830465 ","SKH PERMATA ","JL. PONDOK PAKULONAN BLOK H 15 NO.3 ","PAKU ALAM ","SWASTA ",SLB,"Kec. Serpong Utara","Kota Tangerang Selatan","Prov. Banten"
