No.,NPSN,"Nama Satuan Pendidikan",Alamat,Kelurahan,Status,"Bentuk Pendidikan",Kecamatan,Kabupaten/Kota,Provinsi
"1 "," 69786781 ","SLB QURIDHA ILMI ","GALUNG ","GALUNG ","SWASTA ",SLB,"Kec. Tapalang","Kab. Mamuju","Prov. Sulawesi Barat"
"1 "," 40604967 ","SLB  NEGERI PEMBINA PROVINSI SULAWESI BARAT ","JL. POROS MAMUJU-KALUKKU KM. 5 ","MAMUNYU ","NEGERI ",SLB,"Kec. Mamuju","Kab. Mamuju","Prov. Sulawesi Barat"
"2 "," 40600261 ","SLB DHARMA WANITA ","JL. BAHARUDDIN LOPA NO. 6 ","BINANGA ","SWASTA ",SLB,"Kec. Mamuju","Kab. Mamuju","Prov. Sulawesi Barat"
"1 "," 69966235 ","SLB ABCD DHARMA WANITA ","JALAN POROS ","AHU ","SWASTA ",SLB,"Kec. Tapalang Barat","Kab. Mamuju","Prov. Sulawesi Barat"
"1 "," 69897018 ","SLB TOABO ","TOABO ","T O A B O ","SWASTA ",SLB,"Kec. Papalang","Kab. Mamuju","Prov. Sulawesi Barat"
"1 "," 40604637 ","SLB NEGERI PASANGKAYU ","JL. PELABUHAN TANJUNG BAKAU ","AKO ","NEGERI ",SLB,"Kec. Pasangkayu","Kab. Pasangkayu","Prov. Sulawesi Barat"
"1 "," 69774580 ","SLBS AL IKRAR ","BAMBALAMOTU ","BAMBALAMOTU ","SWASTA ",SLB,"Kec. Bambalamutu","Kab. Pasangkayu","Prov. Sulawesi Barat"
"1 "," 40605148 ","SLB NEGERI CAMPALAGIAN ","JL. NELAYAN ","BONDE ","NEGERI ",SLB,"Kec. Campalagian","Kab. Polewali Mandar","Prov. Sulawesi Barat"
"1 "," 40605154 ","SLB NEGERI WONOMULYO ","JL. RUSA WONOMULYO ","BANUA BARU ","NEGERI ",SLB,"Kec. Wonomulyo","Kab. Polewali Mandar","Prov. Sulawesi Barat"
"1 "," 40600732 ","SLBN POLEWALI ","JL. KH.. H. WAHID HASYIM NO. 5 ","DARMA ","NEGERI ",SLB,"Kec. Polewali","Kab. Polewali Mandar","Prov. Sulawesi Barat"
"1 "," 69975556 ","SLB NEGERI MAPILLI ","JL. SUNGAI MALOSO NO. 18  ","BONRA ","NEGERI ",SLB,"Kec. Mapili","Kab. Polewali Mandar","Prov. Sulawesi Barat"
"1 "," 69787984 ","SLB NEGERI MAMASA ","TANDUKALUAK ","MALABO ","NEGERI ",SLB,"Kec. Tandukalua","Kab. Mamasa","Prov. Sulawesi Barat"
"1 "," 69942465 ","SLB.NEGERI BAITANG ","SLB.NEGERI BAITANG ","ARALLE UTARA ","NEGERI ",SLB,"Kec. Aralle","Kab. Mamasa","Prov. Sulawesi Barat"
"1 "," 40605585 ","SLB ABCD AISIYAH  ","PAMBOANG ","BABABULO UTARA ","SWASTA ",SLB,"Kec. Pamboang","Kab. Majene","Prov. Sulawesi Barat"
"2 "," 40601493 ","SLB NEGERI PAMBOANG ","LALAMPANUA ","LALAMPANUA ","NEGERI ",SLB,"Kec. Pamboang","Kab. Majene","Prov. Sulawesi Barat"
"1 "," 69769376 ","SLB AL-MUNAWARAH ","ULUMANDA ","KABIRAAN ","SWASTA ",SLB,"Kec. Ulumanda","Kab. Majene","Prov. Sulawesi Barat"
"1 "," 69893936 ","SLB PK-LK NEGERI BONDE-BONDE ","JL. POROS MAJENE-MAMUJU ","BONDE-BONDE ","NEGERI ",SLB,"Kec. Tubo Sendana","Kab. Majene","Prov. Sulawesi Barat"
"1 "," 69772702 ","SLB TP PKK SENDANA  ","JALAN SULTAN ALAUDDIN SOMBA ","MOSSO ","SWASTA ",SLB,"Kec. Sendana","Kab. Majene","Prov. Sulawesi Barat"
"1 "," 40605479 ","SLB NEGERI MALUNDA ","JL. LEMO BAMBANGAN, SAMALIO ","MEKKATTA ","NEGERI ",SLB,"Kec. Malunda","Kab. Majene","Prov. Sulawesi Barat"
"1 "," 40601177 ","SLB DDI BARUGA ","JLN MUH SALEH BONE NO 2 ","BARUGA ","SWASTA ",SLB,"Kec. Banggae Timur","Kab. Majene","Prov. Sulawesi Barat"
"2 "," 40601386 ","SLB NEGERI LUTANG ","JALAN SULTANG HASANUDDIN ","TANDE ","NEGERI ",SLB,"Kec. Banggae Timur","Kab. Majene","Prov. Sulawesi Barat"
"3 "," 40601492 ","SLBS ABCD AISYIYAH BANGGAE ","JL. K.H. MUHAMMAD SALEH KAMPUNG BARU ","LABUANG ","SWASTA ",SLB,"Kec. Banggae Timur","Kab. Majene","Prov. Sulawesi Barat"
"1 "," 69786796 ","SLB BENTENG ","JL. PENDIDIKAN ","BABANA ","SWASTA ",SLB,"Kec. Budong-Budong","Kab. Mamuju Tengah","Prov. Sulawesi Barat"
"1 "," 69786788 ","SLB TUNAS BANGSA ","JL. POROS LARA KAROSSA ","LARA ","SWASTA ",SLB,"Kec. Karossa","Kab. Mamuju Tengah","Prov. Sulawesi Barat"
"1 "," 69939598 ","SLBN TOBADAK ","JL. POROS MAMUJU TENGAH - PALU ","TOBADAK ","NEGERI ",SLB,"Kec. Tobadak","Kab. Mamuju Tengah","Prov. Sulawesi Barat"
