No.,NPSN,"Nama Satuan Pendidikan",Alamat,Kelurahan,Status,"Bentuk Pendidikan",Kecamatan,Kabupaten/Kota,Provinsi
"1 "," 69849614 ","SLB AUTIS HARAPAN BANGSA ","PURI AMERTA REGENCY D-4 RANDEGANSARI DRIYOREJO ","RANDEGANSARI ","SWASTA ",SLB,"Kec. Driyorejo","Kab. Gresik","Prov. Jawa Timur"
"2 "," 20536982 ","SLB HARAPAN MULYA ","JL. SUNAN GIRI PETIKEN ","PETIKEN ","SWASTA ",SLB,"Kec. Driyorejo","Kab. Gresik","Prov. Jawa Timur"
"1 "," 20501095 ","SLBN CERME ","DESA CERME KIDUL ","CERME KIDUL ","NEGERI ",SLB,"Kec. Cerme","Kab. Gresik","Prov. Jawa Timur"
"1 "," 20536980 ","SLB C KEMALA BHAYANGKARI 2 GRESIK ","JL. RAYA RANDUAGUNG ","RANDUAGUNG ","SWASTA ",SLB,"Kec. Kebomas","Kab. Gresik","Prov. Jawa Timur"
"2 "," 20536979 ","SLB.AB KEMALA BHAYANGKARI 2 GRESIK ","JL. RAYA RANDUAGUNG NO 1-2 ","RANDUAGUNG ","SWASTA ",SLB,"Kec. Kebomas","Kab. Gresik","Prov. Jawa Timur"
"1 "," 20536981 ","SLB AL FALAH ","JL. SAWAHAN INDAH ","SEMBAYAT ","SWASTA ",SLB,"Kec. Manyar","Kab. Gresik","Prov. Jawa Timur"
"1 "," 20536983 ","SLBS MUHAMMADIYAH ","JL. KH. A. DAHLAN II / 02 ","GOLOKAN ","SWASTA ",SLB,"Kec. Sidayu","Kab. Gresik","Prov. Jawa Timur"
"1 "," 20500216 ","SLB DHARMA WANITA ","JL. SITARDA NO. 1 ","PANGKAH KULON ","SWASTA ",SLB,"Kec. Ujung Pangkah","Kab. Gresik","Prov. Jawa Timur"
"1 "," 20501852 ","SLB PUTRA MANDIRI ","TARIK ","TARIK ","SWASTA ",SLB,"Kec. Tarik","Kab. Sidoarjo","Prov. Jawa Timur"
"1 "," 20570740 ","SLB PELITA LESTARI ","DESA KANDANGAN ","KANDANGAN ","SWASTA ",SLB,"Kec. Krembung","Kab. Sidoarjo","Prov. Jawa Timur"
"1 "," 69942576 ","TKLB PELITA LESTARI ","DS.KANDANGAN ","KANDANGAN ","SWASTA ",TKLB,"Kec. Krembung","Kab. Sidoarjo","Prov. Jawa Timur"
"1 "," 20501756 ","SLB AISYIYAH PORONG SIDOARJO ","JL.IMAM NAWAWI NO. 05 ","GEDANG ","SWASTA ",SLB,"Kec. Porong","Kab. Sidoarjo","Prov. Jawa Timur"
"2 "," 20572019 ","SLBN JUWETKENONGO ","JL. JUWET UTARA NO. 269 PORONG ","JUWET KENONGO ","NEGERI ",SLB,"Kec. Porong","Kab. Sidoarjo","Prov. Jawa Timur"
"1 "," 69975620 ","SLB TAMA KABULLAH LESTARI ","JL. PULAU SARI ","SEMAMBUNG ","SWASTA ",SLB,"Kec. Jabon","Kab. Sidoarjo","Prov. Jawa Timur"
"1 "," 20501855 ","SLB DELTA SEJAHTERA ","JL. KLUDAN TANGGULANGIN NO 49 SIDOARJO ","KLUDAN ","SWASTA ",SLB,"Kec. Tanggulangin","Kab. Sidoarjo","Prov. Jawa Timur"
"1 "," 69787032 ","SLB MERDEKA CANDI ","JL. RAYA GELAM GG. KEMUNING RT 13 ","GELAM ","SWASTA ",SLB,"Kec. Candi","Kab. Sidoarjo","Prov. Jawa Timur"
"2 "," 69974926 ","SLB NABIGHAH ","PERUM LARANGAN MEGA ASRI BLOK E23 CANDI ","LARANGAN ","SWASTA ",SLB,"Kec. Candi","Kab. Sidoarjo","Prov. Jawa Timur"
"3 "," 20501897 ","SLB-C DHARMA PENDIDIKAN ","JL. RAYA GELAM NO.48 ","GELAM ","SWASTA ",SLB,"Kec. Candi","Kab. Sidoarjo","Prov. Jawa Timur"
"1 "," 20501894 ","SLB AISYIYAH TULANGAN ","JL RAYA KENONGO ","KENONGO ","SWASTA ",SLB,"Kec. Tulangan","Kab. Sidoarjo","Prov. Jawa Timur"
"1 "," 20539875 ","SLB VETERAN ","JL RAYA WONOAYU ","WONOAYU ","SWASTA ",SLB,"Kec. Wonoayu","Kab. Sidoarjo","Prov. Jawa Timur"
"1 "," 20501898 ","SLB AL CHUSNAINI ","JL RAYA KARANG NONGKO ","PEKARUNGAN ","SWASTA ",SLB,"Kec. Sukodono","Kab. Sidoarjo","Prov. Jawa Timur"
"1 "," 20501896 ","SLB - AC DHARMA WANITA ","JL. PAHLAWAN GG. TMP SIDOARJO ","SIDOKUMPUL ","SWASTA ",SLB,"Kec. Sidoarjo","Kab. Sidoarjo","Prov. Jawa Timur"
"2 "," 20501875 ","SLB AUTIS MUTIARA HATI ","JALAN RAYA BALAI DESA NO.22 ","BLURU KIDUL ","SWASTA ",SLB,"Kec. Sidoarjo","Kab. Sidoarjo","Prov. Jawa Timur"
"3 "," 20539874 ","SLB C DHARMA WANITA LEBO ","JL. PANGLIMA SUDIRMAN 313A ","LEBO ","SWASTA ",SLB,"Kec. Sidoarjo","Kab. Sidoarjo","Prov. Jawa Timur"
"4 "," 60725429 ","SLB CITA HATI BUNDA ","JL.SEKAWAN PERMAI A2/11 PUCANGANOM ","PUCANG ANOM ","SWASTA ",SLB,"Kec. Sidoarjo","Kab. Sidoarjo","Prov. Jawa Timur"
"5 "," 69976736 ","SLB INSANI TUNAS MANDIRI ","PERUM. BUMI CITRA FAJAR JL. SEKAWAN MOLEK XI D - 25 ","PUCANGANOM ","SWASTA ",SLB,"Kec. Sidoarjo","Kab. Sidoarjo","Prov. Jawa Timur"
"6 "," 69957264 ","SLB PUTRA MANDIRI LEBO ","JL. RAYA LEBO (GEDUNG LBK) SIDOARJO ","LEBO ","SWASTA ",SLB,"Kec. Sidoarjo","Kab. Sidoarjo","Prov. Jawa Timur"
"7 "," 20537038 ","SLB-B DHARMA WANITA SIDOARJO ","JL. PAHLAWAN GG. TMP ","SIDOKUMPUL ","SWASTA ",SLB,"Kec. Sidoarjo","Kab. Sidoarjo","Prov. Jawa Timur"
"1 "," 20501863 ","SMALBS PUTRA MANDIRI ","JL. RAYA LEBO GEDUNG LBK ","LEBO ","SWASTA ",SMLB,"Kec. Sidoarjo","Kab. Sidoarjo","Prov. Jawa Timur"
"1 "," 20501851 ","SLB B-C SITI HAJAR ","JL.MASJID ","WADUNGASIH ","SWASTA ",SLB,"Kec. Buduran","Kab. Sidoarjo","Prov. Jawa Timur"
"1 "," 20501876 ","SLB AL AZHAR ","JL. MAHAKAM BARAT WISMA TROPODO ","TROPODO ","SWASTA ",SLB,"Kec. Waru","Kab. Sidoarjo","Prov. Jawa Timur"
"2 "," 69975365 ","SLB NUR RAHMAH ","JL. TAMAN CENDRAWASIH NO.44 ","KEPUH KIRIMAN ","SWASTA ",SLB,"Kec. Waru","Kab. Sidoarjo","Prov. Jawa Timur"
"3 "," 69965806 ","SLB PUTRA HARAPAN ","PERUM MAKARYO BINANGUN JL. DEWI SARTIKA BARAT II/H.10 ","JANTI ","SWASTA ",SLB,"Kec. Waru","Kab. Sidoarjo","Prov. Jawa Timur"
"1 "," 20502391 ","SLB HARMONI ","PERUMAHAN PERMATA ALAM PERMAI BLOK AA2 NO.1 ","GEMURUNG ","SWASTA ",SLB,"Kec. Gedangan","Kab. Sidoarjo","Prov. Jawa Timur"
"2 "," 20501853 ","SLB NEGERI GEDANGAN ","JL. SEDATI KM. 2 GEDANGAN ","WEDI ","NEGERI ",SLB,"Kec. Gedangan","Kab. Sidoarjo","Prov. Jawa Timur"
"1 "," 20501858 ","SLB BINA BANGSA ","NGELOM VI SEPANJANG ","NGELOM ","SWASTA ",SLB,"Kec. Taman","Kab. Sidoarjo","Prov. Jawa Timur"
"2 "," 20502392 ","SLB DEWI SARTIKA ","JL. JERUK II B ","GELURAN ","SWASTA ",SLB,"Kec. Taman","Kab. Sidoarjo","Prov. Jawa Timur"
"1 "," 20501895 ","SLB AISYIYAH ","JL. RAYA SUBAKIR DSN. SEMAJI ","KEMASAN ","SWASTA ",SLB,"Kec. Krian","Kab. Sidoarjo","Prov. Jawa Timur"
"1 "," 69980059 ","SLB SMART SCHOOL ","DESA PACET ","PACET ","SWASTA ",SLB,"Kec. Pacet","Kab. Mojokerto","Prov. Jawa Timur"
"1 "," 20502846 ","SLB NEGERI SEDURI MOJOKERTO ","JL. PEMUDA NO. 12B SEDURI ","SEDURI ","NEGERI ",SLB,"Kec. Mojosari","Kab. Mojokerto","Prov. Jawa Timur"
"1 "," 20502664 ","SLBS PGRI DLANGGU ","JALAN RAYA PACET ","KEDUNGLENGKONG ","SWASTA ",SLB,"Kec. Dlanggu","Kab. Mojokerto","Prov. Jawa Timur"
"1 "," 69969970 ","PK-LK SHAFA ","JL. PALEM MERAH II NO.24 ","JAPAN ","SWASTA ",SLB,"Kec. Sooko","Kab. Mojokerto","Prov. Jawa Timur"
"2 "," 69968811 ","SLB SEMESTA LLHUARRR BIASA ","JL. KAMPOENG MERDEKA ","KEDUNGMALING ","SWASTA ",SLB,"Kec. Sooko","Kab. Mojokerto","Prov. Jawa Timur"
"1 "," 20502665 ","SLB PKK GEDEG ","DS. PAGERLUYUNG ","PAGERLUYUNG ","SWASTA ",SLB,"Kec. Gedeg","Kab. Mojokerto","Prov. Jawa Timur"
"1 "," 20555683 ","SLB BC YPPAC KEMLAGI  ","DS.KEMLAGI  ","KEMLAGI ","SWASTA ",SLB,"Kec. Kemlagi","Kab. Mojokerto","Prov. Jawa Timur"
"1 "," 20548985 ","SLB HARAPAN MULIA DAWAR ","DAWARBLANDONG ","DAWARBLANDONG ","SWASTA ",SLB,"Kec. Dawar Blandong","Kab. Mojokerto","Prov. Jawa Timur"
"1 "," 69984103 ","SLB SUNAR AJI ","JL. RAYA BUGASUR PUCANGRO 9 ","BUGASUR KEDALEMAN ","SWASTA ",SLB,"Kec. Gudo","Kab. Jombang","Prov. Jawa Timur"
"1 "," 69760826 ","SLB SABILILLAH ","CUKIR GG. II DIWEK JOMBANG ","CUKIR ","SWASTA ",SLB,"Kec. Diwek","Kab. Jombang","Prov. Jawa Timur"
"1 "," 20573160 ","TKLB KURNIA ASIH ABCD NGORO ","JL. MANUNGGAL, NGORO ","NGORO ","SWASTA ",TKLB,"Kec. Ngoro","Kab. Jombang","Prov. Jawa Timur"
"1 "," 20503608 ","SDLB ABCD KURNIA ASIH ","JL. MANUNGGAL NGORO ","NGORO ","SWASTA ",SDLB,"Kec. Ngoro","Kab. Jombang","Prov. Jawa Timur"
"1 "," 20540276 ","SMPLB ABCD KURNIA ASIH ","JL. MANUNGGAL NGORO ","NGORO ","SWASTA ",SMPLB,"Kec. Ngoro","Kab. Jombang","Prov. Jawa Timur"
"1 "," 20552154 ","SMALB ABCD KURNIA ASIH ","JL. MANUNGGAL NGORO ","NGORO ","SWASTA ",SMLB,"Kec. Ngoro","Kab. Jombang","Prov. Jawa Timur"
"1 "," 20503602 ","SLB TUNAS HARAPAN III ","JALAN RAMBUTAN NO. 5 ","KADEMANGAN ","SWASTA ",SLB,"Kec. Mojoagung","Kab. Jombang","Prov. Jawa Timur"
"1 "," 20503633 ","SLB TUNAS HARAPAN IV ","JL.BASUKI RAHMAT SUMOBITO ","SUMOBITO ","SWASTA ",SLB,"Kec. Sumobito","Kab. Jombang","Prov. Jawa Timur"
"1 "," 20503606 ","SLB DARUL ULUM ","DSN. MURONG SANTREN ","MAYANGAN ","SWASTA ",SLB,"Kec. Jogoroto","Kab. Jombang","Prov. Jawa Timur"
"1 "," 69888707 ","SLB HARDIKA BAKTI ","DESA TUGUSUMBERJO, PETERONGAN ","TUGUSUMBERJO ","SWASTA ",SLB,"Kec. Peterongan","Kab. Jombang","Prov. Jawa Timur"
"2 "," 20503616 ","SLB TUNAS HARAPAN II PETERONGAN ","JL. BARU KARYA  RT 02 RW 01 DS. MANCAR KEC. PETERONGAN KAB. JOMBANG ","MANCAR ","SWASTA ",SLB,"Kec. Peterongan","Kab. Jombang","Prov. Jawa Timur"
"1 "," 20584059 ","SLB MUHAMMADIYAH  ","JL. BRIGJEN KATAMSO 20A PULO JOMBANG  ","PULO LOR ","SWASTA ",SLB,"Kec. Jombang","Kab. Jombang","Prov. Jawa Timur"
"2 "," 20503224 ","SLB NEGERI JOMBANG ","JL. BASUKI RAKHMAD 40 JOMBANG ","JOMBATAN ","NEGERI ",SLB,"Kec. Jombang","Kab. Jombang","Prov. Jawa Timur"
"1 "," 20539652 ","SDLB MUHAMMADIYAH JOMBANG ","JL. BRIGJEN KATAMSO NO.20/A  ","PULO LOR ","SWASTA ",SDLB,"Kec. Jombang","Kab. Jombang","Prov. Jawa Timur"
"1 "," 20540277 ","SMPLB MUHAMMADIYAH ","JL. BRIGJEND. KATAMSO 20A ","PULO LOR ","SWASTA ",SMPLB,"Kec. Jombang","Kab. Jombang","Prov. Jawa Timur"
"1 "," 20539720 ","SMALB MUHAMMADIYAH ","JALAN BRIGJEN KATAMSO NO.20 A ","PULO LOR ","SWASTA ",SMLB,"Kec. Jombang","Kab. Jombang","Prov. Jawa Timur"
"1 "," 20504217 ","SLB NEGERI BALONGSARI JOMBANG ","JLN. RAYA BALONGSARI ","BALONGSARI ","NEGERI ",SLB,"Kec. Megaluh","Kab. Jombang","Prov. Jawa Timur"
"2 "," 69849576 ","SLB PERMATA HATI ","DS. KEDUNGREJO KEC. MEGALUH ","KEDUNG REJO ","SWASTA ",SLB,"Kec. Megaluh","Kab. Jombang","Prov. Jawa Timur"
"1 "," 20503600 ","SLB TUNAS HARAPAN I TEMBELANG ","JL. RAYA PESANTREN NO. 246 A ","PESANTREN ","SWASTA ",SLB,"Kec. Tembelang","Kab. Jombang","Prov. Jawa Timur"
"1 "," 20539704 ","SLB PELITA BANGSA ","DESA WULUH, KESAMBEN ","WULUH ","SWASTA ",SLB,"Kec. Kesamben","Kab. Jombang","Prov. Jawa Timur"
"2 "," 20503604 ","SLB PELITA HATI ","JL. DS. WATUDAKON KESAMBEN ","WATU DAKON ","SWASTA ",SLB,"Kec. Kesamben","Kab. Jombang","Prov. Jawa Timur"
"1 "," 20503607 ","SLB CENDEKIA ","JL CIPIR NO 06 KABUH ","KABUH ","SWASTA ",SLB,"Kec. Kabuh","Kab. Jombang","Prov. Jawa Timur"
"1 "," 20504474 ","SLB NEGERI KALIREJO BOJONEGORO ","JL. A. YANI - BELAKANG KANTOR KEC. NGRAHO ","KALIREJO ","NEGERI ",SLB,"Kec. Ngraho","Kab. Bojonegoro","Prov. Jawa Timur"
"1 "," 20504450 ","SLB NEGERI SUGIHWARAS BOJONEGORO ","JL. KALIBATA NO. 506 ","BALONGREJO ","NEGERI ",SLB,"Kec. Sugihwaras","Kab. Bojonegoro","Prov. Jawa Timur"
"1 "," 20504491 ","SLBN TUMBRASANOM BOJONEGORO ","JL. ADIPATIANOM NO. 03 DESA TUMBRASANOM ","TUMBRASANOM ","NEGERI ",SLB,"Kec. Kedungadem","Kab. Bojonegoro","Prov. Jawa Timur"
"1 "," 20504473 ","SLB NEGERI GUNUNGSARI BOJONEGORO ","JL. TEUKU UMAR NO. 344 ","PASINAN ","NEGERI ",SLB,"Kec. Baureno","Kab. Bojonegoro","Prov. Jawa Timur"
"1 "," 20504490 ","SLB NEGERI TAMBAHREJO BOJONEGORO ","DESA SEDENG ","SEDENG ","NEGERI ",SLB,"Kec. Kanor","Kab. Bojonegoro","Prov. Jawa Timur"
"1 "," 20504494 ","SLB PKK SUMBERREJO ","JALAN RAYA. 1109 SUMBERREJO ","SUMBERREJO ","SWASTA ",SLB,"Kec. Sumberrejo","Kab. Bojonegoro","Prov. Jawa Timur"
"1 "," 20504492 ","SLB TUT WURI HANDAYANI KAPAS ","JL. ONGGO WIJOYO DS. KEDATON ","KEDATON ","SWASTA ",SLB,"Kec. Kapas","Kab. Bojonegoro","Prov. Jawa Timur"
"1 "," 20504319 ","SLB NEGERI SUMBANG BOJONEGORO ","JL. PATIMURA NO.28 ","SUMBANG ","NEGERI ",SLB,"Kec. Bojonegoro","Kab. Bojonegoro","Prov. Jawa Timur"
"2 "," 20504457 ","SLB PUTRA HARAPAN BOJONEGORO ","JL. RAJEKWESI NO 59 A ","LEDOK KULON ","SWASTA ",SLB,"Kec. Bojonegoro","Kab. Bojonegoro","Prov. Jawa Timur"
"1 "," 20547825 ","SLB PGRI KALITIDU ","JL. RAYA CEPU KM - 12 ","PANJUNAN ","SWASTA ",SLB,"Kec. Kalitidu","Kab. Bojonegoro","Prov. Jawa Timur"
"1 "," 20504475 ","SLB MUHAMMADIYAH PADANGAN ","JL. TRUNO NO. 254 ","BANJARJO ","SWASTA ",SLB,"Kec. Padangan","Kab. Bojonegoro","Prov. Jawa Timur"
"1 "," 20504458 ","SLB NEGERI  BATOKAN BOJONEGORO ","JL. WONOSARI DS. SEKARAN ","SEKARAN ","NEGERI ",SLB,"Kec. Kasiman","Kab. Bojonegoro","Prov. Jawa Timur"
"1 "," 20505059 ","SLB A,B,D NEGERI TUBAN ","JLN. DR.WAHIDIN SUDIRO HUSODO NO.867 TUBAN ","SIDOREJO ","NEGERI ",SLB,"Kec. Tuban","Kab. Tuban","Prov. Jawa Timur"
"2 "," 20505063 ","SLB AC JATI WIYATA DHARMA TUBAN ","JL. LETDA SUCIPTO NO. 168 TUBAN ","PERBON ","SWASTA ",SLB,"Kec. Tuban","Kab. Tuban","Prov. Jawa Timur"
"3 "," 20504805 ","SLB C AUTIS NEGERI TUBAN ","JLN. DR. WAHIDIN SUDIRO HUSODO NO. 867 ","SIDOREJO ","NEGERI ",SLB,"Kec. Tuban","Kab. Tuban","Prov. Jawa Timur"
"4 "," 20505062 ","SLBS B JATI WIYATA DHARMA TUBAN ","JL. LETDA SUCIPTO NO. 168  TUBAN ","PERBON ","SWASTA ",SLB,"Kec. Tuban","Kab. Tuban","Prov. Jawa Timur"
"1 "," 20569127 ","SMALBS WIYATA BHAKTI ","JL. DR. WAHIDIN SUDIROHUSODO 867 TUBAN  ","SIDOREJO ","SWASTA ",SMLB,"Kec. Tuban","Kab. Tuban","Prov. Jawa Timur"
"1 "," 69964984 ","SLB SPECIAL SCHOOL SALSABILA ","DSN. MAHBESER RT 03/ RW 04 DS. TUWIRIKULON KEC. MERAURAK KAB.TUBAN ","TUWIRI KULON ","SWASTA ",SLB,"Kec. Merakurak","Kab. Tuban","Prov. Jawa Timur"
"1 "," 69881814 ","SDLB PUTRA MANDIRI ","JL. RAYA BABAT - JOMBANG DESA DRADAHBLUMBANG ","DRADAH BLUMBANG ","SWASTA ",SDLB,"Kec. Kedungpring","Kab. Lamongan","Prov. Jawa Timur"
"1 "," 20556998 ","SLB EMPAT LIMA BABAT ","JL. KAUMAN NO. 42 KELURAHAN BABAT KEC. BABAT  ","BABAT ","SWASTA ",SLB,"Kec. Babat","Kab. Lamongan","Prov. Jawa Timur"
"1 "," 20570654 ","SLB BINA HARAPAN ","DESA PAJI RT001/RW004 ","PAJI ","SWASTA ",SLB,"Kec. Pucuk","Kab. Lamongan","Prov. Jawa Timur"
"1 "," 20549002 ","SLB MUHAMMADIYAH ","JL.KADET SUWOKO  RT.03 RW.01 KENDURUAN UTARA "," SIDOKUMPUL ","SWASTA ",SLB,"Kec. Lamongan","Kab. Lamongan","Prov. Jawa Timur"
"2 "," 20507216 ","SLB NEGERI LAMONGAN ","JL. MENDALAN NO. 06 ","BANJARMENDALAN ","NEGERI ",SLB,"Kec. Lamongan","Kab. Lamongan","Prov. Jawa Timur"
"1 "," 20549014 ","SMPLB MAARIF ","JL.MENDALAN NO 06 ","BANJARMENDALAN ","SWASTA ",SMPLB,"Kec. Lamongan","Kab. Lamongan","Prov. Jawa Timur"
"1 "," 20574825 ","SMALBS MAARIF LAMONGAN ","KOMPLEK PERUMAHAN PLANET GREEN TIARA ","BAKALANPULE ","SWASTA ",SMLB,"Kec. Tikung","Kab. Lamongan","Prov. Jawa Timur"
"1 "," 69820638 ","SDLB KHUSUS MAHARANI ","JLN. SUMURAN 97 DESA SUMURGAYAM ","SUMURGAYAM ","SWASTA ",SDLB,"Kec. Paciran","Kab. Lamongan","Prov. Jawa Timur"
"1 "," 20507830 ","SLB DHARMA WANITA KEBONSARI ","JL.SINGGAHAN KRANDEGAN  ","SINGGAHAN ","SWASTA ",SLB,"Kec. Kebonsari","Kab. Madiun","Prov. Jawa Timur"
"1 "," 20548826 ","SLB B-C PUTERA BANGSA ","JL. HASANNUDIN NO. 111 ","PAGOTAN ","SWASTA ",SLB,"Kec. Geger","Kab. Madiun","Prov. Jawa Timur"
"1 "," 20551641 ","SLB PUTRA IDHATA ","KEC. DOLOPO ","GLONGGONG ","SWASTA ",SLB,"Kec. Dolopo","Kab. Madiun","Prov. Jawa Timur"
"1 "," 20507889 ","SLB NEGERI BANJARSARI WETAN KABUPATEN MADIUN ","RT. 6 RW. 2 ","BANJARSARI WETAN ","NEGERI ",SLB,"Kec. Dagangan","Kab. Madiun","Prov. Jawa Timur"
"1 "," 20548830 ","SMPLBS BANANUL AMANAH ","DS. BANJARSARIWETAN RT. 06/ 02 ","BANJARSARI WETAN ","SWASTA ",SMPLB,"Kec. Dagangan","Kab. Madiun","Prov. Jawa Timur"
"1 "," 69971593 ","SMALB BANANUL AMANAH ","DS. BANJARSARI WETAN ","BANJARSARI WETAN ","SWASTA ",SMLB,"Kec. Dagangan","Kab. Madiun","Prov. Jawa Timur"
"1 "," 20507900 ","SLB NEGERI KARANGREJO KABUPATEN MADIUN ","JL. RAYA DUNGUS NO. 309 RT.017/RW.002 ","KARANGREJO ","NEGERI ",SLB,"Kec. Wungu","Kab. Madiun","Prov. Jawa Timur"
"1 "," 20548829 ","SMPLB AN NASHR ","JL. RAYA DUNGUS NO. 309 RT. 017 RW 002 KEC. WUNGU ","KARANGREJO ","SWASTA ",SMPLB,"Kec. Wungu","Kab. Madiun","Prov. Jawa Timur"
"1 "," 20548827 ","SLB AL HIDAYAH ","KEC. MEJAYAN ","MEJAYAN ","SWASTA ",SLB,"Kec. Mejayan","Kab. Madiun","Prov. Jawa Timur"
"2 "," 20570698 ","SLB PANCARAN KASIH ","KEC. MEJAYAN ","KRAJAN ","SWASTA ",SLB,"Kec. Mejayan","Kab. Madiun","Prov. Jawa Timur"
"1 "," 20548731 ","SLB PANCA BHAKTI ","RT/RW :13/04 SIDOMULYO ","SIDOMULYO ","SWASTA ",SLB,"Kec. Wonoasri","Kab. Madiun","Prov. Jawa Timur"
"1 "," 20554610 ","SLB BETHEL ","JL.H.SETO  ","NGLAMES ","SWASTA ",SLB,"Kec. Madiun","Kab. Madiun","Prov. Jawa Timur"
"1 "," 20554428 ","SLB DHARMA WANITA JIWAN ","JALAN SUMBERMORO NO 3 JIWAN ","KWANGSEN ","SWASTA ",SLB,"Kec. Jiwan","Kab. Madiun","Prov. Jawa Timur"
"2 "," 20548828 ","SLB NEGERI METESIH KABUPATEN MADIUN ","JL. JENDERAL A. YANI 42 METESIH ","METESIH ","NEGERI ",SLB,"Kec. Jiwan","Kab. Madiun","Prov. Jawa Timur"
"1 "," 69976860 ","SLBN DR. RADJIMAN WEDYODININGRAT ","JL. JOGOROGO KM. 3 ","SETONO ","NEGERI ",SLB,"Kec. Ngrambe","Kab. Ngawi","Prov. Jawa Timur"
"1 "," 20508668 ","SLB NEGERI 1 SAMBIROTO NGAWI ","JLN RAYA NGAWI CARUBAN KM.14,3 DS. SAMBIROTO KEC. PADAS KAB.NGAWI  ","SAMBIROTO ","NEGERI ",SLB,"Kec. Padas","Kab. Ngawi","Prov. Jawa Timur"
"1 "," 20554780 ","SLB C YPPLB NGAWI ","JL. TRUNOJOYO NO.78-C  NGAWI ","MARGOMULYO ","SWASTA ",SLB,"Kec. Ngawi","Kab. Ngawi","Prov. Jawa Timur"
"2 "," 20554779 ","SLB YPPABK NGAWI ","JL. TRUNOJOYO NO 78 C ","MARGOMULYO ","SWASTA ",SLB,"Kec. Ngawi","Kab. Ngawi","Prov. Jawa Timur"
"1 "," 20554106 ","SLB IDHATI ","RT. 10, RW.04, DUKUH GODEKAN ","TAMANARUM ","SWASTA ",SLB,"Kec. Parang","Kab. Magetan","Prov. Jawa Timur"
"1 "," 69821210 ","SLB PSM LEMBEYAN ","JL. RAYA LEMBEYAN - PARANG, KABUPATEN MAGETAN ","LEMBEYAN WETAN ","SWASTA ",SLB,"Kec. Lembeyan","Kab. Magetan","Prov. Jawa Timur"
"1 "," 20537505 ","SLB PSM TAKERAN MAGETAN ","TAKERAN ","TAKERAN ","SWASTA ",SLB,"Kec. Takeran","Kab. Magetan","Prov. Jawa Timur"
"1 "," 20537466 ","SLB PGRI KAWEDANAN ","KARANGREJO ","KARANGREJO ","SWASTA ",SLB,"Kec. Kawedanan","Kab. Magetan","Prov. Jawa Timur"
"1 "," 20537470 ","SLB PANCA BHAKTI ","JALAN KALPATARU 5 ","KEPOLOREJO ","SWASTA ",SLB,"Kec. Magetan","Kab. Magetan","Prov. Jawa Timur"
"1 "," 69896721 ","SLB INSAN ISTIMEWA ","DS. CEPOKO RT. 04 RW. 02 PANEKAN, MAGETAN ","CEPOKO ","SWASTA ",SLB,"Kec. Panekan","Kab. Magetan","Prov. Jawa Timur"
"1 "," 69872303 ","SLB PAEDAGOGIA MAOSPATI ","JL. TIRTAYASA, KRATON MAOSPATI ","KRATON ","SWASTA ",SLB,"Kec. Maospati","Kab. Magetan","Prov. Jawa Timur"
"1 "," 20509478 ","SLB NEGERI KARANGREJO MAGETAN ","JL. RAYA MAOSPATI - NGAWI ","KARANGREJO ","NEGERI ",SLB,"Kec. Karangrejo","Kab. Magetan","Prov. Jawa Timur"
"1 "," 20547269 ","SLB B-C PANTI SISWA SAMBIT ","JL. A.R HAKIM NO.9 ","SAMBIT ","SWASTA ",SLB,"Kec. Sambit","Kab. Ponorogo","Prov. Jawa Timur"
"1 "," 20510368 ","SLB NEGERI BADEGAN PONOROGO ","JL. RAYA PONOROGO SOLO KM 13,5 ","KAPURAN ","NEGERI ",SLB,"Kec. Badegan","Kab. Ponorogo","Prov. Jawa Timur"
"1 "," 20549619 ","SLB B PERTIWI PONOROGO ","ANJASMORO NO. 62 PONOROGO ","BANGUNSARI ","SWASTA ",SLB,"Kec. Ponorogo","Kab. Ponorogo","Prov. Jawa Timur"
"2 "," 20549620 ","SLB C PERTIWI PONOROGO ","JLN. ANJASMORO NO. 62 PONOROGO ","BANGUNSARI ","SWASTA ",SLB,"Kec. Ponorogo","Kab. Ponorogo","Prov. Jawa Timur"
"1 "," 20555607 ","SLB-A AISYIYAH PONOROGO ","JL UKEL GG II NO 07 ","KERTOSARI ","SWASTA ",SLB,"Kec. Babadan","Kab. Ponorogo","Prov. Jawa Timur"
"1 "," 69815446 ","SLB NEGERI  JENANGAN ","JL. NIKEN GANDINI NO. 89 ","SETONO ","NEGERI ",SLB,"Kec. Jenangan","Kab. Ponorogo","Prov. Jawa Timur"
"1 "," 20511066 ","SLB NEGERI PUNUNG PACITAN ","JL. PUNUNG GONDOSARI NO.7 ","PUNUNG ","NEGERI ",SLB,"Kec. Punung","Kab. Pacitan","Prov. Jawa Timur"
"1 "," 20547839 ","SMPLB TUNAS BANGSA ","JL. PUNUNG - GONDOSARI NO.7 PUNUNG ","PUNUNG ","SWASTA ",SMPLB,"Kec. Punung","Kab. Pacitan","Prov. Jawa Timur"
"1 "," 20555421 ","SMALB PUNUNG ","JALAN PUNUNG - GONDOSARI NO. 07 ","PUNUNG ","SWASTA ",SMLB,"Kec. Punung","Kab. Pacitan","Prov. Jawa Timur"
"1 "," 20511065 ","SLB YKK PACITAN ","DESA SUMBERHARJO, KEC. PACITAN, PACITAN ","SUMBERHARJO ","SWASTA ",SLB,"Kec. Pacitan","Kab. Pacitan","Prov. Jawa Timur"
"1 "," 20511067 ","SLB NEGERI NGADIROJO PACITAN ","JLN. GIRI MULYO ","COKROKEMBANG ","NEGERI ",SLB,"Kec. Ngadirojo","Kab. Pacitan","Prov. Jawa Timur"
"1 "," 20547838 ","SMPLB NGADIROJO ","DESA COKROKEMBANG, KEC. NGADIROJO, PACITAN ","COKROKEMBANG ","SWASTA ",SMPLB,"Kec. Ngadirojo","Kab. Pacitan","Prov. Jawa Timur"
"1 "," 69830689 ","SMALB KANIGORO KRAS ","JL. DEWI SARTIKA NO. 129, KANIGORO-KRAS ","KANIGORO ","SWASTA ",SLB,"Kec. Kras","Kab. Kediri","Prov. Jawa Timur"
"1 "," 20512091 ","SDLB KANIGORO ","JLN. DEWI SARTIKA NO. 129, KRAS ","KANIGORO ","SWASTA ",SDLB,"Kec. Kras","Kab. Kediri","Prov. Jawa Timur"
"1 "," 20554312 ","SMPLB KANIGORO KRAS ","JL. DEWI SARTIKA 129 ","KANIGORO ","SWASTA ",SMPLB,"Kec. Kras","Kab. Kediri","Prov. Jawa Timur"
"1 "," 69775450 ","SLB PGRI RINGINREJO ","JL. MASJID NO. 122, DS. SUSUHBANGO, RINGINREJO ","SUSUHBANGO ","SWASTA ",SLB,"Kec. Ringinrejo","Kab. Kediri","Prov. Jawa Timur"
"1 "," 69938196 ","SLB PGRI NGANCAR ","JL. ANGGREK RT. 33/RW. 08 DSN. POH GUNUNG ","MARGOURIP ","SWASTA ",SLB,"Kec. Ngancar","Kab. Kediri","Prov. Jawa Timur"
"1 "," 69757919 ","SMALB KERABAT MULIA KEPUNG ","JL. KAMPUNG BARU, DS. SIMAN, KEPUNG ","SIMAN ","SWASTA ",SLB,"Kec. Kepung","Kab. Kediri","Prov. Jawa Timur"
"1 "," 20554305 ","SDLB KERABAT MULIA ","JL KAMPUNG BARU ","SIMAN ","SWASTA ",SDLB,"Kec. Kepung","Kab. Kediri","Prov. Jawa Timur"
"1 "," 69757918 ","SMPLB KERABAT MULIA ","JL. KAMPUNGBARU ","SIMAN ","SWASTA ",SMPLB,"Kec. Kepung","Kab. Kediri","Prov. Jawa Timur"
"1 "," 69772558 ","SLB PGRI PUNCU ","JL. ADIL DS. SIDOMULYO, PUNCU ","SIDOMULYO ","SWASTA ",SLB,"Kec. Puncu","Kab. Kediri","Prov. Jawa Timur"
"1 "," 69772556 ","SLB PGRI PLOSOKLATEN ","DS. BRENGGOLO, PLOSOKLATEN ","BRENGGOLO ","SWASTA ",SLB,"Kec. Plosoklaten","Kab. Kediri","Prov. Jawa Timur"
"1 "," 20554604 ","SDLB BUDI MULYA WATES ","JL. RAYA JOHO DS. JOHO, WATES ","JOHO ","SWASTA ",SDLB,"Kec. Wates","Kab. Kediri","Prov. Jawa Timur"
"1 "," 69757920 ","SMPLB BUDI MULYA JOHO ","JL. RAYA JOHO ","WATES ","SWASTA ",SMPLB,"Kec. Wates","Kab. Kediri","Prov. Jawa Timur"
"1 "," 69757921 ","SMALB BUDI MULYA WATES ","JL. RAYA JOHO, WATES ","JOHO ","SWASTA ",SMLB,"Kec. Wates","Kab. Kediri","Prov. Jawa Timur"
"1 "," 20512796 ","SLB NEGERI KANDAT KABUPATEN KEDIRI ","JL. RAYA KANDAT NO. 769 KEDIRI KODE POS 64173 TELP. (0354) 413219 ","SUMBERJO ","NEGERI ",SLB,"Kec. Kandat","Kab. Kediri","Prov. Jawa Timur"
"2 "," 20554307 ","SMALB BUDI MULYA KANDAT ","SUMBERJO KANDAT ","SUMBERJO ","SWASTA ",SLB,"Kec. Kandat","Kab. Kediri","Prov. Jawa Timur"
"1 "," 20553260 ","SMPLB BUDI MULIA KANDAT ","JL. SUMBERJO RT:01/RW:14 ","SUMBERJO ","SWASTA ",SMPLB,"Kec. Kandat","Kab. Kediri","Prov. Jawa Timur"
"1 "," 69756178 ","SLB NURUL IKHSAN ","JL. TAMBANGAN RT. 02/ RW. 02 NGADILUWIH ","NGADILUWIH ","SWASTA ",SLB,"Kec. Ngadiluwih","Kab. Kediri","Prov. Jawa Timur"
"1 "," 69935854 ","SLB PERMATA KASIH-FW ","DS. MAESAN RT/RW 02/05 MOJO ","MAESAN ","SWASTA ",SLB,"Kec. Mojo","Kab. Kediri","Prov. Jawa Timur"
"1 "," 20554310 ","SLB DARMA WANITA  ","JL. MANGGIS GG. III DS. CERME ","CERME ","SWASTA ",SLB,"Kec. Grogol","Kab. Kediri","Prov. Jawa Timur"
"2 "," 20512074 ","SLB DHARMA WANITA ","JL. MANGGIS III DS. CERME KEC. GROGOL KAB. KEDIRI ","CERME ","SWASTA ",SLB,"Kec. Grogol","Kab. Kediri","Prov. Jawa Timur"
"3 "," 69757912 ","SMALB DHARMA WANITA GROGOL ","JL. MANGGIS GG. III, GROGOL ","CERME ","SWASTA ",SLB,"Kec. Grogol","Kab. Kediri","Prov. Jawa Timur"
"1 "," 69935856 ","SLB GAMPENGREJO ","JL. MASJID AL LATIF  COMBONG   ","WANENGPATEN ","SWASTA ",SLB,"Kec. Gampengrejo","Kab. Kediri","Prov. Jawa Timur"
"1 "," 69757914 ","SMALB DHARMA PUTRA DAHA GURAH ","JL. MAWAR RT 03/01, DS. TURUS, GURAH ","TURUS ","SWASTA ",SLB,"Kec. Gurah","Kab. Kediri","Prov. Jawa Timur"
"1 "," 20512060 ","SDLB DHARMA PUTRA DAHA ","JL MAWAR RT/RW 03/01 ","TURUS ","SWASTA ",SDLB,"Kec. Gurah","Kab. Kediri","Prov. Jawa Timur"
"1 "," 69899578 ","SMPLB DHARMA PUTRA DAHA GURAH ","JL. MAWAR DS. TURUS, GURAH ","TURUS ","SWASTA ",SMPLB,"Kec. Gurah","Kab. Kediri","Prov. Jawa Timur"
"1 "," 69872304 ","SLB BHAKTI PEMUDA PAGU KEDIRI ","DS. BULUPASAR, KEC. PAGU ","BULUPASAR ","SWASTA ",SLB,"Kec. Pagu","Kab. Kediri","Prov. Jawa Timur"
"2 "," 69830656 ","SMALB BHAKTI PEMUDA PAGU ","JL. TRUNOJOYO ","BULUPASAR ","SWASTA ",SLB,"Kec. Pagu","Kab. Kediri","Prov. Jawa Timur"
"1 "," 69899577 ","SMPLB BHAKTI PEMUDA PAGU ","JL. TRUNOJOYO, DS. BULUPASAR, PAGU ","BULUPASAR ","SWASTA ",SMPLB,"Kec. Pagu","Kab. Kediri","Prov. Jawa Timur"
"1 "," 20512065 ","SLB BHAKTI PEMUDA ","JALAN DESA DAWUHAN KIDUL KECAMATAN PAPAR ","DAWUHAN KIDUL ","SWASTA ",SLB,"Kec. Papar","Kab. Kediri","Prov. Jawa Timur"
"2 "," 69830688 ","SLB BHAKTI PEMUDA PAPAR ","DS. DAWUHAN KIDUL, PAPAR ","DAWUHAN KIDUL ","SWASTA ",SLB,"Kec. Papar","Kab. Kediri","Prov. Jawa Timur"
"1 "," 69757905 ","SMPLB BHAKTI PEMUDA PAPAR ","JL. DAWUHAN, DS. DAWUHAN KIDUL, KEC. PAPAR ","PURWOTENGAH ","SWASTA ",SMPLB,"Kec. Papar","Kab. Kediri","Prov. Jawa Timur"
"1 "," 69935852 ","SLB MUTIARA KASIH ","DSN. JAMBEAN, DS. WONOKERTO ","WONOKERTO ","SWASTA ",SLB,"Kec. Plemahan","Kab. Kediri","Prov. Jawa Timur"
"1 "," 69772555 ","SLB PGRI PURWOASRI ","DSN. MADUH, DS. MERJOYO, PURWOASRI ","MERJOYO ","SWASTA ",SLB,"Kec. Purwoasri","Kab. Kediri","Prov. Jawa Timur"
"1 "," 69772554 ","SLB PGRI KUNJANG ","DSN. WANGKAL, DS. TENGGER, KUNJANG ","TENGGERLOR ","SWASTA ",SLB,"Kec. Kunjang","Kab. Kediri","Prov. Jawa Timur"
"1 "," 69830690 ","SMALB-B DHARMA WANITA PARE ","JL. WILIS NOMOR 47, PARE ","PARE ","SWASTA ",SLB,"Kec. Pare","Kab. Kediri","Prov. Jawa Timur"
"2 "," 69830655 ","SMALB-C DHARMA WANITA PARE ","JL. WILIS NO. 47, PARE ","PARE ","SWASTA ",SLB,"Kec. Pare","Kab. Kediri","Prov. Jawa Timur"
"1 "," 20512066 ","SDLB-B DHARMA WANITA PARE ","JL. WILIS NO. 47 ","PARE ","SWASTA ",SDLB,"Kec. Pare","Kab. Kediri","Prov. Jawa Timur"
"2 "," 20512061 ","SDLB-C DHARMA WANITA PARE ","JL. WILIS NO. 47, PARE ","PARE ","SWASTA ",SDLB,"Kec. Pare","Kab. Kediri","Prov. Jawa Timur"
"1 "," 69757908 ","SMPLB DHARMA WANITA PARE ","JL. WILIS NO. 47, PARE ","PARE ","SWASTA ",SMPLB,"Kec. Pare","Kab. Kediri","Prov. Jawa Timur"
"1 "," 69772559 ","SLB RAHARJA SEJAHTERA KANDANGAN ","JL. MALANG GG PONDOK, DS. KANDANGAN, KANDANGAN-KEDIRI ","KANDANGAN ","SWASTA ",SLB,"Kec. Kandangan","Kab. Kediri","Prov. Jawa Timur"
"1 "," 69757932 ","SMALB PELITA HATI KAYENKIDUL ","DS. PADANGAN, KAYEN KIDUL ","PADANGAN ","SWASTA ",SLB,"Kec. Kayen Kidul","Kab. Kediri","Prov. Jawa Timur"
"1 "," 20554527 ","SDLB PELITA HATI ","PADANGAN ","PADANGAN ","SWASTA ",SDLB,"Kec. Kayen Kidul","Kab. Kediri","Prov. Jawa Timur"
"1 "," 69757931 ","SMPLB PELITA HATI ","DS. PADANGAN ","PADANGAN ","SWASTA ",SMPLB,"Kec. Kayen Kidul","Kab. Kediri","Prov. Jawa Timur"
"1 "," 20554313 ","SLB NGASEM ","JALAN PAMENANG NO. 490 KECAMATAN NGASEM KABUPATEN KEDIRI ","NGASEM ","SWASTA ",SLB,"Kec. Ngasem","Kab. Kediri","Prov. Jawa Timur"
"2 "," 20554309 ","SMALB NGASEM ","JL. PAMENANG 490 NGASEM ","NGASEM ","SWASTA ",SLB,"Kec. Ngasem","Kab. Kediri","Prov. Jawa Timur"
"1 "," 20554306 ","SDLB NGASEM ","JL. PAMENANG 490 ","NGASEM ","SWASTA ",SDLB,"Kec. Ngasem","Kab. Kediri","Prov. Jawa Timur"
"1 "," 69772557 ","SLB PGRI BADAS ","JL. BALAI DESA RT.02/RW.02 DS. KRECEK, KEC. BADAS - KAB. KEDIRI ","KRECEK ","SWASTA ",SLB,"Kec. Badas","Kab. Kediri","Prov. Jawa Timur"
"1 "," 69727411 ","SDLB KRIDA UTAMA 2 LOCERET ","JL. RAYA KEDIRI NO. 305 KEC. LOCERET KAB. NGANJUK ","LOCERET ","SWASTA ",SDLB,"Kec. Loceret","Kab. Nganjuk","Prov. Jawa Timur"
"1 "," 69727414 ","SMPLBS KRIDA UTAMA LOCERET ","JL. RAYA KEDIRI NO. 305 KEC. LOCERET KAB. NGANJUK ","LOCERET ","SWASTA ",SMPLB,"Kec. Loceret","Kab. Nganjuk","Prov. Jawa Timur"
"1 "," 69727416 ","SMALBS KRIDA UTAMA LOCERET ","JL. RAYA KEDIRI NO. 305 KEC. LOCERET KAB. NGANJUK ","LOCERET ","SWASTA ",SMLB,"Kec. Loceret","Kab. Nganjuk","Prov. Jawa Timur"
"1 "," 20514050 ","SLBN SAMBIREJO ","DS.SAMBIREJO ","SAMBIREJO ","NEGERI ",SLB,"Kec. Tanjunganom","Kab. Nganjuk","Prov. Jawa Timur"
"1 "," 20536935 ","SDLB KRIDA UTAMA  ","JL.RAYA KEDIRI 195 TANJUNGANOM ","KAMPUNGBARU ","SWASTA ",SDLB,"Kec. Tanjunganom","Kab. Nganjuk","Prov. Jawa Timur"
"1 "," 69902937 ","SMPLB AL IKHSAN II ","DESA SAMBIREJO, KEC. TANJUNGANOM ","SAMBIREJO ","SWASTA ",SMPLB,"Kec. Tanjunganom","Kab. Nganjuk","Prov. Jawa Timur"
"2 "," 20539798 ","SMPLB KRIDA UTAMA TANJUNGANOM ","JL. RAYA KEDIRI 195, DS. WARUJAYENG ","KAMPUNG BARU ","SWASTA ",SMPLB,"Kec. Tanjunganom","Kab. Nganjuk","Prov. Jawa Timur"
"1 "," 69904837 ","SMALB AL IKSHAN II TANJUNGANOM ","DESA SAMBIREJO, KEC. TANJUNGANOM, NGANJUK ","SAMBIREJO ","SWASTA ",SMLB,"Kec. Tanjunganom","Kab. Nganjuk","Prov. Jawa Timur"
"2 "," 20539809 ","SMALB KRIDA UTAMA TANJUNGANOM ","JL.  RAYA KEDIRI 195 ","KAMPUNGBARU ","SWASTA ",SMLB,"Kec. Tanjunganom","Kab. Nganjuk","Prov. Jawa Timur"
"1 "," 69978385 ","SLB AL KHARIQ ","DSN. TEMPEL ","NGRONGGOT ","SWASTA ",SLB,"Kec. Ngronggot","Kab. Nganjuk","Prov. Jawa Timur"
"1 "," 20539384 ","SDLB MUHAMMADIYAH KERTOSONO ","DS. PANDANTOYO ","PANDAN TOYO ","SWASTA ",SDLB,"Kec. Kertosono","Kab. Nganjuk","Prov. Jawa Timur"
"1 "," 20539799 ","SMPLB MUHAMMADIYAH KERTOSONO ","DESA PANDANTOYO ","PANDAN TOYO ","SWASTA ",SMPLB,"Kec. Kertosono","Kab. Nganjuk","Prov. Jawa Timur"
"1 "," 20539810 ","SMALBS MUHAMMADIYAH KERTOSONO ","DESA PANDANTOYO ","PANDAN TOYO ","SWASTA ",SMLB,"Kec. Kertosono","Kab. Nganjuk","Prov. Jawa Timur"
"1 "," 69727378 ","TKLBS DARMA BAKTI PATIANROWO ","JL. RAYA PG LESTARI 97 PATIANROWO ","LESTARI ","SWASTA ",TKLB,"Kec. Patianrowo","Kab. Nganjuk","Prov. Jawa Timur"
"1 "," 20549449 ","SDLB DHARMA BAKTI PATIANROWO ","JL. NIAS NO. 14 DESA NGROMBOT KEC. PATIANROWO KAB. NGANJUK ","PATIANROWO ","SWASTA ",SDLB,"Kec. Patianrowo","Kab. Nganjuk","Prov. Jawa Timur"
"1 "," 20554404 ","SMPLB DHARMA BAKTI PATIANROWO ","JL. NIAS NO. 14 DESA NGROMBOT KEC. PATIANROWO KAB. NGANJUK ","PATIANROWO ","SWASTA ",SMPLB,"Kec. Patianrowo","Kab. Nganjuk","Prov. Jawa Timur"
"1 "," 20554598 ","SMALB DHARMA BAKTI PATIANROWO ","JL. NIAS NO. 14 DESA NGROMBOT KEC. PATIANROWO KAB. NGANJUK ","PATIANROWO ","SWASTA ",SMLB,"Kec. Patianrowo","Kab. Nganjuk","Prov. Jawa Timur"
"1 "," 20539788 ","SDLB B SHANTI KOSALA MAS TRIP ","JL. BARITO NO. 151 ","BEGADUNG ","SWASTA ",SDLB,"Kec. Nganjuk","Kab. Nganjuk","Prov. Jawa Timur"
"2 "," 20539790 ","SDLB C SHANTI KOSALA MAS TRIP ","JL. BARITO, NGANJUK ","BEGADUNG ","SWASTA ",SDLB,"Kec. Nganjuk","Kab. Nganjuk","Prov. Jawa Timur"
"1 "," 20538388 ","SMPLB SHANTI KOSALA MAS TRIP  ","JL. BARITO 151 ","BEGADUNG ","SWASTA ",SMPLB,"Kec. Nganjuk","Kab. Nganjuk","Prov. Jawa Timur"
"1 "," 20538329 ","SMALB SHANTI KOSALA MASTRIP ","JL. BARITO 151 ","BEGADUNG ","SWASTA ",SMLB,"Kec. Nganjuk","Kab. Nganjuk","Prov. Jawa Timur"
"1 "," 69831499 ","SDLB AL IKHSAN ","DESA KENDALREJO, KEC. BAGOR ","KENDAL REJO ","SWASTA ",SDLB,"Kec. Bagor","Kab. Nganjuk","Prov. Jawa Timur"
"1 "," 69831497 ","SMPLB AL IKHSAN ","DESA KENDALREJO, KEC. BAGOR ","KENDAL REJO ","SWASTA ",SMPLB,"Kec. Bagor","Kab. Nganjuk","Prov. Jawa Timur"
"1 "," 69831496 ","SMALB AL IKHSAN ","DESA KENDALREJO, KEC. BAGOR ","KENDAL REJO ","SWASTA ",SMLB,"Kec. Bagor","Kab. Nganjuk","Prov. Jawa Timur"
"1 "," 69727418 ","SDLB TUNAS MULIA ","JL.REJEKI, DS.REJOSO, KEC.REJOSO ","REJOSO ","SWASTA ",SDLB,"Kec. Rejoso","Kab. Nganjuk","Prov. Jawa Timur"
"1 "," 69786418 ","SMPLBS TUNAS MULIA REJOSO ","DS. TALANG, KEC. REJOSO, NGANJUK ","TALANG ","SWASTA ",SMPLB,"Kec. Rejoso","Kab. Nganjuk","Prov. Jawa Timur"
"1 "," 69786419 ","SMALBS TUNAS MULIA REJOSO ","JL S PARMAN RT 2 RW 2, KEC. REJOSO, NGANJUK ","TALANG ","SWASTA ",SMLB,"Kec. Rejoso","Kab. Nganjuk","Prov. Jawa Timur"
"1 "," 20549930 ","SLB SANTA THERESIA ","KOMPLEKS  PA ST THERESIA ","MOJOREJO ","SWASTA ",SLB,"Kec. Wates","Kab. Blitar","Prov. Jawa Timur"
"1 "," 20549290 ","SLB-ABC PUTRA HARAPAN ","JL. RAYA TRISULA NO. 25 ","KADEMANGAN ","SWASTA ",SLB,"Kec. Kademangan","Kab. Blitar","Prov. Jawa Timur"
"1 "," 69899994 ","SLB TUNAS BANGSA ","JL. PONDOK KIDUL NO. 3 ","KUNINGAN ","SWASTA ",SLB,"Kec. Kanigoro","Kab. Blitar","Prov. Jawa Timur"
"1 "," 20549292 ","SLB NEGERI TALUN KABUPATEN BLITAR ","JL. PERUMNAS RT 01/RW 03 KEC. TALUN KAB. BLITAR ","KENDALREJO ","NEGERI ",SLB,"Kec. Talun","Kab. Blitar","Prov. Jawa Timur"
"1 "," 20549287 ","SLB JATIWIRATAMA ","JL. MAYANG NO. 54 ","JATITENGAH ","SWASTA ",SLB,"Kec. Selopuro","Kab. Blitar","Prov. Jawa Timur"
"1 "," 20549288 ","SLB MARSUDI UTOMO KESAMBEN ","KESAMBEN ","KESAMBEN ","SWASTA ",SLB,"Kec. Kesamben","Kab. Blitar","Prov. Jawa Timur"
"1 "," 20549291 ","SLB SARI WIYATA ","JL. IMAM BONJOL NO. 04 ","BERU ","SWASTA ",SLB,"Kec. Wlingi","Kab. Blitar","Prov. Jawa Timur"
"1 "," 69954628 ","SLB MUJI UTOMO ","DSN. MANDINGASEM RT. 02 RW. 01  ","GANDUSARI ","SWASTA ",SLB,"Kec. Gandusari","Kab. Blitar","Prov. Jawa Timur"
"1 "," 20549312 ","SLB BUDI MULIA  ","LINGKUNGAN BENCE I ","BENCE ","SWASTA ",SLB,"Kec. Garum","Kab. Blitar","Prov. Jawa Timur"
"1 "," 20549314 ","SLB - B NGUDI HAYU ","JL. RAYATOGOGAN 001B LINGK. KENDALDOYONG ","TOGOGAN ","SWASTA ",SLB,"Kec. Srengat","Kab. Blitar","Prov. Jawa Timur"
"2 "," 20549289 ","SLB-C.D NGUDI HAYU ","JL. RAYATOGOGAN 001A LINGK. KENDALDOYONG ","TOGOGAN ","SWASTA ",SLB,"Kec. Srengat","Kab. Blitar","Prov. Jawa Timur"
"1 "," 20515467 ","SLB PGRI BANDUNG ","DUSUN KRAJAN RT.01 RW.01 ","SUWARU ","SWASTA ",SLB,"Kec. Bandung","Kab. Tulungagung","Prov. Jawa Timur"
"1 "," 69970183 ","SLB ATTANHID ","JL. RAYA MASJID KRENGGAN, DS. NGEBONG, KEC. PAKEL, KAB. TULUNGAGUNG ","NGEBONG ","SWASTA ",SLB,"Kec. Pakel","Kab. Tulungagung","Prov. Jawa Timur"
"1 "," 20515761 ","SLB NEGERI CAMPURDARAT TULUNGAGUNG ","DESA CAMPURDARAT ","CAMPURDARAT ","NEGERI ",SLB,"Kec. Campur Darat","Kab. Tulungagung","Prov. Jawa Timur"
"1 "," 20549062 ","SMPLB BINTARA CAMPURDARAT ","JL. RAYA POPOH GAMPING ","CAMPURDARAT ","SWASTA ",SMPLB,"Kec. Campur Darat","Kab. Tulungagung","Prov. Jawa Timur"
"1 "," 69762646 ","SMALBS BINTARA ","DESA GAMPING CAMPURDARAT ","GAMPING ","SWASTA ",SMLB,"Kec. Campur Darat","Kab. Tulungagung","Prov. Jawa Timur"
"1 "," 20549051 ","SLB PUTRA MANDIRI  ","TEGALREJO ","TEGALREJO ","SWASTA ",SLB,"Kec. Rejotangan","Kab. Tulungagung","Prov. Jawa Timur"
"1 "," 20515453 ","SLB PGRI AMONG PUTRA ","KROMASAN ","KROMASAN ","SWASTA ",SLB,"Kec. Ngunut","Kab. Tulungagung","Prov. Jawa Timur"
"1 "," 20515474 ","SLB C NEGERI TULUNGAGUNG ","TULUNGAGUNG ","KENAYAN ","NEGERI ",SLB,"Kec. Tulungagung","Kab. Tulungagung","Prov. Jawa Timur"
"2 "," 20515763 ","SLB-B NEGERI TULUNGAGUNG ","JL.P DIPONEGORO V /2 TULUNGAGUNG ","TAMANAN ","NEGERI ",SLB,"Kec. Tulungagung","Kab. Tulungagung","Prov. Jawa Timur"
"1 "," 20515477 ","SLB - PGRI KEDUNGWARU ","JAYENG KUSUMO 470 ","NGUJANG ","SWASTA ",SLB,"Kec. Kedungwaru","Kab. Tulungagung","Prov. Jawa Timur"
"1 "," 20549047 ","SLB KORPRI KAUMAN ","DUSUN BEBEKAN, RT : 001  RW : 003, KEC. KAUMAN, KAB. TULUNGAGUNG ","BALEREJO ","SWASTA ",SLB,"Kec. Kauman","Kab. Tulungagung","Prov. Jawa Timur"
"1 "," 20515478 ","SLB PGRI GONDANG TULUNGAGUNG ","DS./KEC. GONDANG ","GONDANG ","SWASTA ",SLB,"Kec. Gondang","Kab. Tulungagung","Prov. Jawa Timur"
"1 "," 69900711 ","SEKOLAH LUAR BIASA NEGERI KAMPAK ","JL. ANGGREK NO. 09 RT. 10 RW. 02 ","BENDOAGUNG ","NEGERI ",SLB,"Kec. Kampak","Kab. Trenggalek","Prov. Jawa Timur"
"1 "," 20541923 ","SLB NEGERI PANGGUNGSARI TRENGGALEK ","KECAMATAN DURENAN ","PANGGUNGSARI ","NEGERI ",SLB,"Kec. Durenan","Kab. Trenggalek","Prov. Jawa Timur"
"1 "," 69752163 ","SMALBS KEMALA BHAYANGKARI 1 TRENGGALEK ","JL. HOS. COKROAMINOTO NO 7 TRENGGALEK ","SURODAKAN ","SWASTA ",SLB,"Kec. Trenggalek","Kab. Trenggalek","Prov. Jawa Timur"
"1 "," 20516423 ","SDLB B KEMALA BHAYANGKARI ","JL HOS COKROAMINOTO NO 7 ","SURODAKAN ","SWASTA ",SDLB,"Kec. Trenggalek","Kab. Trenggalek","Prov. Jawa Timur"
"2 "," 20516337 ","SDLB C KEMALA BHAYANGKARI ","JL. HOS. COKROAMINOTO NO. 7 ","SURODAKAN ","SWASTA ",SDLB,"Kec. Trenggalek","Kab. Trenggalek","Prov. Jawa Timur"
"3 "," 20516436 ","SDLBAD KEMALA BHAYANGKARI ","JL. HOS COKROAMINOTO NO. 07 TRENGGALEK ","SURODAKAN ","SWASTA ",SDLB,"Kec. Trenggalek","Kab. Trenggalek","Prov. Jawa Timur"
"1 "," 20539003 ","SMPLB KEMALA BHAYANGKARI ","JL HOS COKROAMINOTO NO 07 ","SURODAKAN ","SWASTA ",SMPLB,"Kec. Trenggalek","Kab. Trenggalek","Prov. Jawa Timur"
"1 "," 69968190 ","SLB PELITA QOLBU ","DS. TULUNGREJO RT.07 / RW.02 ","TULUNGREJO ","SWASTA ",SLB,"Kec. Donomulyo","Kab. Malang","Prov. Jawa Timur"
"1 "," 20554968 ","SLB - BC DHARMA WANITA 03 ","JL. PANGLIMA SUDIRMAN 102 KELURAHAN TUREN ","TUREN ","SWASTA ",SLB,"Kec. Turen","Kab. Malang","Prov. Jawa Timur"
"1 "," 20537317 ","SLB BC KEPANJEN ","JL. ADI SANTOSO GG. PASAR HEWAN NO.02 ","ARDIREJO ","SWASTA ",SLB,"Kec. Kepanjen","Kab. Malang","Prov. Jawa Timur"
"1 "," 20559081 ","SMPLB BC KEPANJEN ","JL. ADI SANTOSO KEL. ARDIREJO ","ARDIREJO ","SWASTA ",SMPLB,"Kec. Kepanjen","Kab. Malang","Prov. Jawa Timur"
"1 "," 20566417 ","SMALB BC KEPANJEN ","JL. ARDIREJO KEPANJEN ","ARDIREJO ","SWASTA ",SMLB,"Kec. Kepanjen","Kab. Malang","Prov. Jawa Timur"
"1 "," 20517804 ","SLB BC PGRI SUMBERPUCUNG ","JL RAYA NO 7 NGEBRUK ","NGEBRUK ","SWASTA ",SLB,"Kec. Sumberpucung","Kab. Malang","Prov. Jawa Timur"
"2 "," 20517809 ","SLB BC PUTRA HARAPAN ","JL PURWOREJO 97 ","KARANGKATES ","SWASTA ",SLB,"Kec. Sumberpucung","Kab. Malang","Prov. Jawa Timur"
"1 "," 20554967 ","SLB-BC DHARMA WANITA 01 ","JL RAYA KENDALPAYAK NO.222 ","KENDALPAYAK ","SWASTA ",SLB,"Kec. Pakisaji","Kab. Malang","Prov. Jawa Timur"
"1 "," 20555054 ","SLB ISLAM YASINDO ","JL. RAYA MALANGSUKO 3A TUMPANG ","TUMPANG ","SWASTA ",SLB,"Kec. Tumpang","Kab. Malang","Prov. Jawa Timur"
"1 "," 20517476 ","SMPLB ISLAM TUMPANG ","JL. MALANGSUKO 3A DS. MALANGSUKO ","TUMPANG ","SWASTA ",SMPLB,"Kec. Tumpang","Kab. Malang","Prov. Jawa Timur"
"1 "," 20565334 ","SDLB IDAYU ","JL RAYA ASRIKATON NO 21 ","ASRIKATON ","SWASTA ",SDLB,"Kec. Pakis","Kab. Malang","Prov. Jawa Timur"
"1 "," 20562764 ","SMPLB IDAYU 2 ","JL. RAYA ASRIKATON 21 DS. ASRIKATON ","ASRIKATON ","SWASTA ",SMPLB,"Kec. Pakis","Kab. Malang","Prov. Jawa Timur"
"1 "," 69986490 ","SMALB  IDAYU 2 ","JL. RAYA ASRIKATON NO. 21 ","ASRIKATON ","SWASTA ",SMLB,"Kec. Pakis","Kab. Malang","Prov. Jawa Timur"
"1 "," 20566413 ","SLB PANCARAN KASIH ","JALAN SUMBER WARAS TIMUR NO 50 ","KALIREJO ","SWASTA ",SLB,"Kec. Lawang","Kab. Malang","Prov. Jawa Timur"
"2 "," 20517808 ","SLBN PEMBINA TINGKAT NASIONAL BAGIAN C MALANG ","JL. DR. CIPTO VIII/32 ","BEDALI ","NEGERI ",SLB,"Kec. Lawang","Kab. Malang","Prov. Jawa Timur"
"1 "," 69772579 ","SLB WIDYA SHANTIKA ","JL. KARANGJUWET PUTHUK N0.12 ","DONOWARIH ","SWASTA ",SLB,"Kec. Karangploso","Kab. Malang","Prov. Jawa Timur"
"1 "," 69985209 ","SLB TAMIMA MUMTAZ ","RT 01 RW 01 ","MADIREDO ","SWASTA ",SLB,"Kec. Pujon","Kab. Malang","Prov. Jawa Timur"
"1 "," 20574694 ","SLB NEGERI SENGON AGUNG PURWOSARI KABUPATEN PASURUAN ","DSN. DINOYO RT 01 RW 06  ","SENGON AGUNG ","NEGERI ",SLB,"Kec. Purwosari","Kab. Pasuruan","Prov. Jawa Timur"
"1 "," 20519458 ","SLB WIRA KUSUMA ","JL GARUDA NGEMPLAK ","PRIGEN ","SWASTA ",SLB,"Kec. Prigen","Kab. Pasuruan","Prov. Jawa Timur"
"1 "," 69966982 ","SLB DHARMA WICAKSANA ","JL. RAYA LECARI ","LECARI ","SWASTA ",SLB,"Kec. Sukorejo","Kab. Pasuruan","Prov. Jawa Timur"
"1 "," 20574652 ","SLBN PANDAAN ","JL. PAHLAWAN SUNARYO NO. 5A KUTOREJO PANDAAN KAB. PASURUAN ","KUTOREJO ","NEGERI ",SLB,"Kec. Pandaan","Kab. Pasuruan","Prov. Jawa Timur"
"1 "," 20548747 ","SLB BUNGA MELATI ","JL. CEMARA UTARA PASAR KEJAPANAN ","KEJAPANAN ","SWASTA ",SLB,"Kec. Gempol","Kab. Pasuruan","Prov. Jawa Timur"
"1 "," 20519475 ","SLB BHINEKA ","JL. UDANG GLANGGANG BEJI  ","GLANGGANG ","SWASTA ",SLB,"Kec. Beji","Kab. Pasuruan","Prov. Jawa Timur"
"1 "," 20546557 ","SMPLB BHINEKA ","JL. UDANG 36 GLANGGANG BEJI ","GLANGGANG ","SWASTA ",SMPLB,"Kec. Beji","Kab. Pasuruan","Prov. Jawa Timur"
"1 "," 20548746 ","SLB BC NUSANTARA BANGIL ","BENDOMUNGAL ","BENDO MUNGAL ","SWASTA ",SLB,"Kec. Bangil","Kab. Pasuruan","Prov. Jawa Timur"
"1 "," 20519542 ","SLB NEGERI BANDARAN WINONGAN KABUPATEN PASURUAN ","JL. BANDARAN ","BANDARAN ","NEGERI ",SLB,"Kec. Winongan","Kab. Pasuruan","Prov. Jawa Timur"
"1 "," 20570820 ","SLB MAMBAUL ULUM ","JL. PESANTREN ","SUKODADI ","SWASTA ",SLB,"Kec. Paiton","Kab. Probolinggo","Prov. Jawa Timur"
"1 "," 69956988 ","SLB DHARMA ASIH KRAKSAAN ","JL. MAYJEN SUTOYO NO. 56 ","PATOKAN ","SWASTA ",SLB,"Kec. Kraksaan","Kab. Probolinggo","Prov. Jawa Timur"
"2 "," 20548445 ","SLB NEGERI KRAKSAAN ","JL. PANGLIMA SUDIRMAN NO.1 ","ASEMBAKOR ","NEGERI ",SLB,"Kec. Kraksaan","Kab. Probolinggo","Prov. Jawa Timur"
"1 "," 20520013 ","SLB ABCD RAUDLATUL JANNAH ","JL RAYA KLASEMAN JATIADI ","JATIADI ","SWASTA ",SLB,"Kec. Gending","Kab. Probolinggo","Prov. Jawa Timur"
"2 "," 69756265 ","SLB NEGERI GENDING ","JL. RAYA PANGLIMA SUDIRMAN, CURAHSAWO ","CURAHSAWO ","NEGERI ",SLB,"Kec. Gending","Kab. Probolinggo","Prov. Jawa Timur"
"1 "," 20584032 ","SLB KRISTEN PELANGI KASIH ","JL. KELUD NO 64 ","PASIRIAN ","SWASTA ",SLB,"Kec. Pasirian","Kab. Lumajang","Prov. Jawa Timur"
"1 "," 20520813 ","SLB SAMALA NERUGRASA 1 KUNIR ","JL. KASMARI NO. 02 KUNIR LOR ","KUNIR LOR ","SWASTA ",SLB,"Kec. Kunir","Kab. Lumajang","Prov. Jawa Timur"
"1 "," 20566141 ","SLB SAMALA NERUGRASA YOSOWILANGUN ","KERTOYUDO NO.2B ","MUNDER ","SWASTA ",SLB,"Kec. Yosowilangun","Kab. Lumajang","Prov. Jawa Timur"
"1 "," 69867988 ","SLB HARAPAN PUTRA BANGSA ","JL. RAYA TEKUNG ","TEKUNG ","SWASTA ",SLB,"Kec. Tekung","Kab. Lumajang","Prov. Jawa Timur"
"2 "," 69979115 ","SLB SAMALA NERUGRASA TUKUM ","JL. SINAR GANG I ","TUKUM ","SWASTA ",SLB,"Kec. Tekung","Kab. Lumajang","Prov. Jawa Timur"
"1 "," 69830445 ","SDLB SAMALA NERUGRASA TUKUM ","JL. SINAR GG. II RT. 41 RW. 09 ","TUKUM ","SWASTA ",SDLB,"Kec. Tekung","Kab. Lumajang","Prov. Jawa Timur"
"1 "," 20554369 ","SMPLB SAMALA NERUGRASA TEKUNG ","JL. SINAR GANG II RT. 41 / RW. 09 ","TUKUM ","SWASTA ",SMPLB,"Kec. Tekung","Kab. Lumajang","Prov. Jawa Timur"
"1 "," 20554370 ","SMALB SAMALA NERUGRASA LUMAJANG ","JALAN SINAR RT. 41 / RW 09, DESA TUKUM ","TUKUM ","SWASTA ",SMLB,"Kec. Tekung","Kab. Lumajang","Prov. Jawa Timur"
"1 "," 20521324 ","SLB NEGERI TOMPOKERSAN LUMAJANG ","JL VETERAN NO 31 ","TOMPOKERSAN ","NEGERI ",SLB,"Kec. Lumajang","Kab. Lumajang","Prov. Jawa Timur"
"2 "," 20520812 ","SLB SAMALA NERUGRASA LUMAJANG ","JL. IR. JUANDA ","ROGOTRUNAN ","SWASTA ",SLB,"Kec. Lumajang","Kab. Lumajang","Prov. Jawa Timur"
"1 "," 20520829 ","SMPLB BHAKTI WANITA LUMAJANG ","JL. BASUKI RAHMAT GG DISPENDUK 1B KAB. LUMAJANG - PROV. JAWA TIMUR ","TOMPOKERSAN ","SWASTA ",SMPLB,"Kec. Lumajang","Kab. Lumajang","Prov. Jawa Timur"
"1 "," 20554368 ","SMALB BHAKTI WANITA LUMAJANG ","JALAN BASUKI RAHMAT GG. DISPENDUK 1 A LUMAJANG ","TOMPOKERSAN ","SWASTA ",SMLB,"Kec. Lumajang","Kab. Lumajang","Prov. Jawa Timur"
"1 "," 20563001 ","SDLB ABCD BINA MANDIRI ","JLN.RAYA PAKISAN ","PATEMON ","SWASTA ",SDLB,"Kec. Tlogosari","Kab. Bondowoso","Prov. Jawa Timur"
"1 "," 20522406 ","SLB NEGERI CINDOGO ","JLN. RAYA CINDOGO NO. 478 ","CINDOGO ","NEGERI ",SLB,"Kec. Tapen","Kab. Bondowoso","Prov. Jawa Timur"
"1 "," 69912486 ","SMALB NEGERI BONDOWOSO ","JL. MASTRIP PANCORAN ","PANCORAN ","NEGERI ",SLB,"Kec. Bondowoso","Kab. Bondowoso","Prov. Jawa Timur"
"2 "," 20571479 ","SMPLB NEGERI BONDOWOSO ","JL. AYANI GG PERINTIS NO 02 BONDOWOSO ","BADEAN ","NEGERI ",SLB,"Kec. Bondowoso","Kab. Bondowoso","Prov. Jawa Timur"
"3 "," 69912494 ","TKLB NEGERI BONDOWOSO ","JL. AHMAD YANI 64 BONDOWOSO ","BADEAN ","NEGERI ",SLB,"Kec. Bondowoso","Kab. Bondowoso","Prov. Jawa Timur"
"1 "," 20522405 ","SDLBN BADEAN ","JL. A. YANI GG. PERINTIS 64 A BONDOWOSO ","BADEAN ","NEGERI ",SDLB,"Kec. Bondowoso","Kab. Bondowoso","Prov. Jawa Timur"
"1 "," 20523093 ","SLB NEGERI DEMUNG SITUBONDO ","JL SEMIRING NO 504 ","DEMUNG ","NEGERI ",SLB,"Kec. Besuki","Kab. Situbondo","Prov. Jawa Timur"
"1 "," 20575735 ","SLB BINA WIYATA PUTRA ","JL. MOH. SERUJI GG. GEDUNG DOWO ","PATOKAN ","SWASTA ",SLB,"Kec. Situbondo","Kab. Situbondo","Prov. Jawa Timur"
"1 "," 20549343 ","SDLB BINA WIYATA PUTERA ","JL. MOH. SERUJI GG. GEDUNG DOWO ","PATOKAN ","SWASTA ",SDLB,"Kec. Situbondo","Kab. Situbondo","Prov. Jawa Timur"
"1 "," 20570925 ","SMPLB BINA WIYATA PUTRA ","JL. MOH. SERUJI GG. GEDUNG DOWO ","PATOKAN ","SWASTA ",SMPLB,"Kec. Situbondo","Kab. Situbondo","Prov. Jawa Timur"
"1 "," 69752262 ","SMALBS BINA WIYATA PUTRA SITUBONDO ","JL. MOH. SERUJI GG. GEDUNG DOWO ","PATOKAN ","SWASTA ",SMLB,"Kec. Situbondo","Kab. Situbondo","Prov. Jawa Timur"
"1 "," 69972682 ","SLB AL QODIRI HAMDANA ","JL. PTPN XII - KAYUMAS ","KAYUMAS ","SWASTA ",SLB,"Kec. Arjasa","Kab. Situbondo","Prov. Jawa Timur"
"1 "," 20554088 ","SLB ABC BALUNG ","JL.HALMAHERA NO.42 BALUNG ","BALUNG LOR ","SWASTA ",SLB,"Kec. Balung","Kab. Jember","Prov. Jawa Timur"
"1 "," 20524949 ","SLB ABC TPA V SIDOMEKAR ","JLN. PELITA 20 ","SIDOMEKAR ","SWASTA ",SLB,"Kec. Semboro","Kab. Jember","Prov. Jawa Timur"
"1 "," 20524928 ","SDLB-BCD YPAC ","JL. IMAM BONJOL NO. 42 ","KALIWATES ","SWASTA ",SDLB,"Kec. Kaliwates","Kab. Jember","Prov. Jawa Timur"
"1 "," 20523947 ","SMPLB-BCD YPAC JEMBER ","JL. IMAM BONJOL 42 KALIWATES JEMBER ","KALIWATES ","SWASTA ",SMPLB,"Kec. Kaliwates","Kab. Jember","Prov. Jawa Timur"
"1 "," 20564055 ","SMALBS BCD YPAC ","IMAM BONJOL 42 ","KALIWATES ","SWASTA ",SMLB,"Kec. Kaliwates","Kab. Jember","Prov. Jawa Timur"
"1 "," 69976794 ","SLB STARKIDS JEMBER ","JL. LETJEN SUPRAPTO XVIII/4 ","KEBONSARI ","SWASTA ",SLB,"Kec. Sumbersari","Kab. Jember","Prov. Jawa Timur"
"1 "," 20554173 ","SLB - B o0o AUTIS TPA ","JL.BRANJANGAN NO.1 ","BINTORO ","SWASTA ",SLB,"Kec. Patrang","Kab. Jember","Prov. Jawa Timur"
"2 "," 20554242 ","SLB NEGERI JEMBER ","JL. DR. SUBANDI GG. KENITU NO. 56 ","PATRANG ","NEGERI ",SLB,"Kec. Patrang","Kab. Jember","Prov. Jawa Timur"
"3 "," 20524122 ","SLB-A TPA JEMBER ","JALAN BRANJANGAN NO.1 JEMBER ","BINTORO ","SWASTA ",SLB,"Kec. Patrang","Kab. Jember","Prov. Jawa Timur"
"4 "," 20554129 ","SLB-C TPA JEMBER ","JL BRANJANGAN NO . 01 RT 001 RW 004 LINGKUNGAN SEMENGGU ","BINTORO ","SWASTA ",SLB,"Kec. Patrang","Kab. Jember","Prov. Jawa Timur"
"1 "," 20554175 ","SMALBS B TPA JEMBER ","JL. BRANJANGAN 1 BINTORO PATRANG ","BINTORO ","SWASTA ",SMLB,"Kec. Patrang","Kab. Jember","Prov. Jawa Timur"
"1 "," 69968815 ","SLB LENTERA HATI ","DSN. SILIRBARU ","SUMBERAGUNG ","SWASTA ",SLB,"Kec. Pesanggaran","Kab. Banyuwangi","Prov. Jawa Timur"
"1 "," 69861080 ","SLB PGRI BANGOREJO ","DESA KEBONDALEM KEC. BANGOREJO ","KEBONDALEM ","SWASTA ",SLB,"Kec. Bangorejo","Kab. Banyuwangi","Prov. Jawa Timur"
"1 "," 20526054 ","SDLB PGRI TEGALDLIMO ","JLN DESA PURWOASRI, RT 001/RW 001,KECAMATAN  TEGALDLIMO, KABUPATEN BANYUWANGI ","PURWOASRI ","SWASTA ",SDLB,"Kec. Tegaldlimo","Kab. Banyuwangi","Prov. Jawa Timur"
"1 "," 20525699 ","SMPLB PGRI TEGALDLIMO ","JLN DESA PURWOASRI,RT 001/RW 001,KECAMATAN  TEGALDLIMO ","PURWOASRI ","SWASTA ",SMPLB,"Kec. Tegaldlimo","Kab. Banyuwangi","Prov. Jawa Timur"
"1 "," 20570749 ","SDLB YPABK MUNCAR ","JALAN SULTAN AGUNG GANG WESI KUNING ","TEMBOKREJO ","SWASTA ",SDLB,"Kec. Muncar","Kab. Banyuwangi","Prov. Jawa Timur"
"1 "," 69969600 ","SMPLB YPABK MUNCAR ","JALAN BRAWIJAYA ","TEMBOKREJO ","SWASTA ",SMPLB,"Kec. Muncar","Kab. Banyuwangi","Prov. Jawa Timur"
"1 "," 20539378 ","SLB NEGERI TAMANAGUNG BANYUWANGI ","JL.SUMBERWARU RT. 01 RW .02 ","TAMANAGUNG ","NEGERI ",SLB,"Kec. Cluring","Kab. Banyuwangi","Prov. Jawa Timur"
"1 "," 20539394 ","SDLB ABCD PGRI 3 CLURING ","JALAN RAYA CLURING ","CLURING ","SWASTA ",SDLB,"Kec. Cluring","Kab. Banyuwangi","Prov. Jawa Timur"
"1 "," 20525692 ","SMPLB ABCD PGRI CLURING ","JALAN RAYA CLURING ","CLURING ","SWASTA ",SMPLB,"Kec. Cluring","Kab. Banyuwangi","Prov. Jawa Timur"
"1 "," 69786866 ","SMALBS BHAKTI PERTIWI ","DESA CLURING KEC.CLURING ","CLURING ","SWASTA ",SMLB,"Kec. Cluring","Kab. Banyuwangi","Prov. Jawa Timur"
"1 "," 20526020 ","SDLB ABCD PGRI 2 JAJAG ","JL. RAYA JAJAG KM.4 YOSOMULYO JAJAG ","YOSOMULYO ","SWASTA ",SDLB,"Kec. Gambiran","Kab. Banyuwangi","Prov. Jawa Timur"
"2 "," 20591543 ","SDLB ADELWIS ","GAMBIRAN ","WRINGINAGUNG ","SWASTA ",SDLB,"Kec. Gambiran","Kab. Banyuwangi","Prov. Jawa Timur"
"1 "," 20525691 ","SMPLB ABCD PGRI 2 JAJAG ","JL. RAYA JAJAG KM.4 YOSOMULYO JAJAG ","YOSOMULYO ","SWASTA ",SMPLB,"Kec. Gambiran","Kab. Banyuwangi","Prov. Jawa Timur"
"1 "," 69972220 ","SMALB ABCD PGRI 2 JAJAG ","JL. RAYA JAJAG KM.04 - KRAJAN YOSOMULYO ","JAJAG ","SWASTA ",SMLB,"Kec. Gambiran","Kab. Banyuwangi","Prov. Jawa Timur"
"2 "," 69861088 ","SMALB ADELWIS BANYUWANGI ","JL. RADEN FATAH NO. 10  ","WRINGINAGUNG  ","SWASTA ",SMLB,"Kec. Gambiran","Kab. Banyuwangi","Prov. Jawa Timur"
"1 "," 69933543 ","TKLB BHAKTI PERTIWI ","JL. JEMBER NO. 141 ","TULUNGREJO ","SWASTA ",TKLB,"Kec. Glenmore","Kab. Banyuwangi","Prov. Jawa Timur"
"1 "," 69894391 ","SDLB BHAKTI PERTIWI ","JL. JEMBER NO. 141 DESA TULUNGREJO ","TULUNGREJO ","SWASTA ",SDLB,"Kec. Glenmore","Kab. Banyuwangi","Prov. Jawa Timur"
"1 "," 69883615 ","SLB BHAKTI PERTIWI KALIBARU ","JL. JEMBER NO. 66 KALIBARU WETAN ","KALIBARU WETAN ","SWASTA ",SLB,"Kec. Kalibaru","Kab. Banyuwangi","Prov. Jawa Timur"
"2 "," 69966806 ","SLB CAHAYA PUTIH ","JL. JEMBER ","KALIBARU WETAN ","SWASTA ",SLB,"Kec. Kalibaru","Kab. Banyuwangi","Prov. Jawa Timur"
"1 "," 69933456 ","TKLB BHAKTI PERTIWI ","JL. JEMBER NO. 66 ","KALIBARU WETAN ","SWASTA ",TKLB,"Kec. Kalibaru","Kab. Banyuwangi","Prov. Jawa Timur"
"1 "," 20526052 ","SDLB PGRI GENTENG ","JL. TAGIMAN RT.03/RW.08 ","SETAIL ","SWASTA ",SDLB,"Kec. Genteng","Kab. Banyuwangi","Prov. Jawa Timur"
"1 "," 20525698 ","SMPLB PGRI GENTENG ","JL. TAGIMAN RT.03 RW.08 DUSUN KRAJAN ","SETAIL ","SWASTA ",SMPLB,"Kec. Genteng","Kab. Banyuwangi","Prov. Jawa Timur"
"1 "," 69971862 ","SMALB PGRI GENTENG ","JL. TAGIMAN ","SETAIL ","SWASTA ",SMLB,"Kec. Genteng","Kab. Banyuwangi","Prov. Jawa Timur"
"1 "," 69896481 ","SDLB BINA INSANI ","DESA SUKOMAJU KECAMATAN SRONO ","SUKOMAJU ","SWASTA ",SDLB,"Kec. Srono","Kab. Banyuwangi","Prov. Jawa Timur"
"1 "," 20526019 ","SLB PGRI ROGOJAMPI ","JL BOLODEWO NO.116 LEMAHBANGDEWO ROGOJAMPI ","LEMAHBANG DEWO ","SWASTA ",SDLB,"Kec. Rogojampi","Kab. Banyuwangi","Prov. Jawa Timur"
"1 "," 20525700 ","SMPLB PGRI ROGOJAMPI ","JL BOLODEWO NO.116 LEMAHBANGDEWO ROGOJAMPI ","LEMAHBANG DEWO ","SWASTA ",SMPLB,"Kec. Rogojampi","Kab. Banyuwangi","Prov. Jawa Timur"
"1 "," 20526022 ","SLB PGRI KABAT ","JL PONDOKNONGKO NO.44 DADAPAN ","DADAPAN ","SWASTA ",SLB,"Kec. Kabat","Kab. Banyuwangi","Prov. Jawa Timur"
"1 "," 20526024 ","SDLB PGRI SINGOJURUH ","GENDOH ALASMALANG ","ALASMALANG ","SWASTA ",SDLB,"Kec. Singojuruh","Kab. Banyuwangi","Prov. Jawa Timur"
"1 "," 20525694 ","SMPLB PGRI SINGOJURUH ","GENDOH ALASMALANG ","ALASMALANG ","SWASTA ",SMPLB,"Kec. Singojuruh","Kab. Banyuwangi","Prov. Jawa Timur"
"1 "," 69892900 ","SDLB MATAHATI ","JL. BRAWIJAYA GANG CEMARA NO.45 KEBALENEN KEC. BANYUWANGI ","KEBALENAN ","SWASTA ",SDLB,"Kec. Banyuwangi","Kab. Banyuwangi","Prov. Jawa Timur"
"2 "," 20526040 ","SDLB PGRI BANYUWANGI ","JL. TUNGGUL AMETUNG NO.52 KEBALENAN ","KEBALENAN ","SWASTA ",SDLB,"Kec. Banyuwangi","Kab. Banyuwangi","Prov. Jawa Timur"
"3 "," 69786864 ","SDLBS ABK AUTISME ANMOERTY ","JL.PROGO NO.59 BANYUWANGI ","SINGONEGARAN ","SWASTA ",SDLB,"Kec. Banyuwangi","Kab. Banyuwangi","Prov. Jawa Timur"
"1 "," 20525697 ","SMPLB PGRI BANYUWANGI ","JL. TUNGGUL AMETUNG NO.52 KEBALENAN ","KEBALENAN ","SWASTA ",SMPLB,"Kec. Banyuwangi","Kab. Banyuwangi","Prov. Jawa Timur"
"1 "," 69861089 ","SMALB PGRI BANYUWANGI ","JL. TUNGGUL AMETUNG NO. 89 KEBALENAN BANYUWANGI ","KEBALENAN ","SWASTA ",SMLB,"Kec. Banyuwangi","Kab. Banyuwangi","Prov. Jawa Timur"
"1 "," 20526018 ","SDLB A NEGERI BANYUWANGI ","JL. WIJAYA KUSUMA NO. 111 ","MOJOPANGGUNG ","NEGERI ",SDLB,"Kec. Giri","Kab. Banyuwangi","Prov. Jawa Timur"
"2 "," 20576553 ","SDLB B NEGERI BANYUWANGI ","JL. MELATI NO. 05  ","MOJOPANGGUNG ","NEGERI ",SDLB,"Kec. Giri","Kab. Banyuwangi","Prov. Jawa Timur"
"3 "," 20526026 ","SDLB C NEGERI BANYUWANGI ","JL. MELATI NO. 3 KEL MOJOPANGGUNG ","MOJOPANGGUNG ","NEGERI ",SDLB,"Kec. Giri","Kab. Banyuwangi","Prov. Jawa Timur"
"1 "," 20525696 ","SMPLB  NEGERI  BANYUWANGI ","JL. MELATI NO. 07 ","MOJOPANGGUNG ","NEGERI ",SMPLB,"Kec. Giri","Kab. Banyuwangi","Prov. Jawa Timur"
"1 "," 20571463 ","SMALBN BANYUWANGI ","JL. WIJAYA KUSUMA NO. 109 ","MOJOPANGGUNG ","NEGERI ",SMLB,"Kec. Giri","Kab. Banyuwangi","Prov. Jawa Timur"
"1 "," 20526023 ","SDLB ABCD PGRI KALIPURO ","JL. GATOT SUBROTO RT/RW 02 / 02 LINGK. KAMPUNG BARU BULUSAN ","BULUSAN ","SWASTA ",SDLB,"Kec. Kalipuro","Kab. Banyuwangi","Prov. Jawa Timur"
"1 "," 20525693 ","SMPLB ABCD PGRI KALIPURO ","JL. WERKUDORO LINGK. KAMPUNG BARU RT.03 RW.02 BULUSAN  ","BULUSAN ","SWASTA ",SMPLB,"Kec. Kalipuro","Kab. Banyuwangi","Prov. Jawa Timur"
"1 "," 69965816 ","SMALB ABCD PGRI KALIPURO ","JL. GATOT SUBROTO LINGK. KAMPUNG BARU ","BULUSAN ","SWASTA ",SMLB,"Kec. Kalipuro","Kab. Banyuwangi","Prov. Jawa Timur"
"1 "," 69734320 ","SDLB BINA INSANI ","BANYUWANGI ","BANGSRING ","SWASTA ",SDLB,"Kec. Wongsorejo","Kab. Banyuwangi","Prov. Jawa Timur"
"1 "," 69734321 ","SLB BINA INSANI ","BANYUWANGI ","BANGSRING ","SWASTA ",SMPLB,"Kec. Wongsorejo","Kab. Banyuwangi","Prov. Jawa Timur"
"1 "," 20570696 ","SDLB MUHAMMADIYAH ","JL. KYAI AHMAD BIN HASAN RT 01 RW 01  ","BANJAR ","SWASTA ",SDLB,"Kec. Licin","Kab. Banyuwangi","Prov. Jawa Timur"
"1 "," 69875572 ","SMPLB MUHAMMADIYAH  ","JL. KYAI AHMAD BIN HASAN RT.1 RW.1 DUSUN PUTUK DESA BANJAR ","BANJAR ","SWASTA ",SMPLB,"Kec. Licin","Kab. Banyuwangi","Prov. Jawa Timur"
"1 "," 20526078 ","SDLB PGRI SILIRAGUNG ","JL SLAMET RIYADI NO 15 SILIRAGUNG ","SILIRAGUNG ","SWASTA ",SDLB,"Kec. Siliragung","Kab. Banyuwangi","Prov. Jawa Timur"
"1 "," 20575199 ","SLB API ALAM ","JL. API TAK KUNJUNG PADAM  ","LARANGAN TOKOL ","SWASTA ",SLB,"Kec. Tlanakan","Kab. Pamekasan","Prov. Jawa Timur"
"2 "," 69824444 ","SLB PGRI TLANAKAN ","TLANAKAN ","TLANAKAN ","SWASTA ",SLB,"Kec. Tlanakan","Kab. Pamekasan","Prov. Jawa Timur"
"1 "," 20584067 ","SLB PGRI PADEMAWU ","DESA BUDDAGAN ","BUDDAGAN ","SWASTA ",SLB,"Kec. Pademawu","Kab. Pamekasan","Prov. Jawa Timur"
"1 "," 20527249 ","SLB ASIH MULYA ","JL.KH.SHINJAI 111 PAMEKASAN ","JUNGCANGCANG ","SWASTA ",SLB,"Kec. Pamekasan","Kab. Pamekasan","Prov. Jawa Timur"
"2 "," 20526743 ","SLB NEGERI BUGIH PAMEKASAN ","JL. PINTU GERBANG V / 38 ","BUGIH ","NEGERI ",SLB,"Kec. Pamekasan","Kab. Pamekasan","Prov. Jawa Timur"
"3 "," 20584079 ","SLB PGRI PAMEKASAN ","JL. PINTU GERBANG V/50B PAMEKASAN ","BUGIH ","SWASTA ",SLB,"Kec. Pamekasan","Kab. Pamekasan","Prov. Jawa Timur"
"1 "," 20528506 ","SLBN SAMPANG ","JL.IMAM BONJOL 15 A SAMPANG ","DALPENANG ","NEGERI ",SLB,"Kec. Sampang","Kab. Sampang","Prov. Jawa Timur"
"1 "," 20528435 ","SLBN BANYUATES  ","JL. GARUDA BANYUATES ","BANYUATES ","NEGERI ",SLB,"Kec. Banyuates","Kab. Sampang","Prov. Jawa Timur"
"1 "," 20551940 ","SLB NEGERI SARONGGI ","JL. RAYA TANJUNG NO. 1 TANAHMERAH  ","SARONGGI ","NEGERI ",SLB,"Kec. Saronggi","Kab. Sumenep","Prov. Jawa Timur"
"1 "," 69829538 ","SLB CINTA ANANDA ","JL. BELIMBING GG.IV/10 KARANGDUAK ","KARANGDUAK ","SWASTA ",SLB,"Kec. Kota Sumenep","Kab. Sumenep","Prov. Jawa Timur"
"2 "," 20529933 ","SLB DHARMA WANITA ","JL. DR. CIPTO VII BLOK G NO. 9  ","KOLOR ","SWASTA ",SLB,"Kec. Kota Sumenep","Kab. Sumenep","Prov. Jawa Timur"
"3 "," 20574482 ","SLB YASMIN SUMENEP ","JL. SLAMET RIADI NO. 132B SUMENEP ","PABIAN ","SWASTA ",SLB,"Kec. Kota Sumenep","Kab. Sumenep","Prov. Jawa Timur"
"1 "," 20531143 ","SLB PGRI ","JL. RAYA KAMAL NO. 2 ","KAMAL ","SWASTA ",SLB,"Kec. Kamal","Kab. Bangkalan","Prov. Jawa Timur"
"1 "," 20531387 ","SLB NEGERI KELEYAN BANGKALAN ","JL. RAYA  KELEYAN 18 ","KELEYAN ","NEGERI ",SLB,"Kec. Socah","Kab. Bangkalan","Prov. Jawa Timur"
"1 "," 69830686 ","SLB SAMUDRA LAVENDER ","JL. HALIM PERDANA KUSUMA ","MLAJAH ","SWASTA ",SLB,"Kec. Bangkalan","Kab. Bangkalan","Prov. Jawa Timur"
"1 "," 20532446 ","SLB FAJAR HARAPAN ","JL. KEBRAON PRAJA BARAT III/1 SURABAYA ","KEBRAON ","SWASTA ",SLB,"Kec. Karang Pilang","Kota Surabaya","Prov. Jawa Timur"
"2 "," 20532438 ","SLB WIDYA TAMA ","BOGANGIN BARU NANGKA 16 ","KEDURUS ","SWASTA ",SLB,"Kec. Karang Pilang","Kota Surabaya","Prov. Jawa Timur"
"1 "," 20532432 ","SLB PUTRA MANDIRI ","JAMBANGAN TAMA ASRI NO. 26 ","JAMBANGAN ","SWASTA ",SLB,"Kec. Jambangan","Kota Surabaya","Prov. Jawa Timur"
"1 "," 20532420 ","SLB SISWA BUDHI ","JL. JEND. A. YANI NO. 222 A ","GAYUNGAN ","SWASTA ",SLB,"Kec. Gayungan","Kota Surabaya","Prov. Jawa Timur"
"1 "," 58570517 ","SMALB SISWA BUDHI ","JL.GAYUNGAN MANGGIS 25 ","GAYUNGAN ","SWASTA ",SMLB,"Kec. Gayungan","Kota Surabaya","Prov. Jawa Timur"
"1 "," 20532450 ","SLB KARYA ASIH ","JL. MARGOREJO SAWAH 59- E ","MARGOREJO ","SWASTA ",SLB,"Kec. Wonocolo","Kota Surabaya","Prov. Jawa Timur"
"2 "," 20533117 ","SLB KHUSUS BINA MANDIRI ","JL. BENDUL MERISI INDAH NO.09 ","BENDUL MERISI ","SWASTA ",SLB,"Kec. Wonocolo","Kota Surabaya","Prov. Jawa Timur"
"3 "," 69829366 ","SLB PELANGI SCHOOL SURABAYA ","RAYA JEMURSARI 76 KAV. C-39 SURABAYA ","JEMUR WONOSARI ","SWASTA ",SLB,"Kec. Wonocolo","Kota Surabaya","Prov. Jawa Timur"
"1 "," 20532419 ","SLB AMONG ASIH ","JL. RUNGKUT MEJOYO SELATAN V / 8 ","KALI RUNGKUT ","SWASTA ",SLB,"Kec. Rungkut","Kota Surabaya","Prov. Jawa Timur"
"2 "," 20532418 ","SLB AUTIS MUTIARA HATI ","JL. MEDOKAN ASRI TIMUR RL 5K NO.01 ","KALI RUNGKUT ","SWASTA ",SLB,"Kec. Rungkut","Kota Surabaya","Prov. Jawa Timur"
"1 "," 20569013 ","SLB C AKW KUMARA I SURABAYA ","JL.MEDOKAN SEMAMPIR INDAH 95 ","MEDOKAN SEMAMPIR ","SWASTA ",SLB,"Kec. Sukolilo","Kota Surabaya","Prov. Jawa Timur"
"2 "," 20532582 ","SLB YPAC SURABAYA ","SEMOLOWARU UTARA V/2A ","SEMOLOWARU ","SWASTA ",SLB,"Kec. Sukolilo","Kota Surabaya","Prov. Jawa Timur"
"1 "," 20561468 ","TKLB-C AKW KUMARA I ","JL.MEDOKAN SEMAMPIR INDAH 95 ","MEDOKAN SEMAMPIR ","SWASTA ",TKLB,"Kec. Sukolilo","Kota Surabaya","Prov. Jawa Timur"
"1 "," 20532743 ","SMPLB-A YPAB SURABAYA ","JL. GEBANG PUTIH NO. 5 ","GEBANG PUTIH ","SWASTA ",SMPLB,"Kec. Sukolilo","Kota Surabaya","Prov. Jawa Timur"
"2 "," 20569014 ","SMPLB-C1 AKW KUMARA I ","JL. MEDOKAN SEMAMPIR INDAH NO. 95 ","MEDOKAN SEMAMPIR ","SWASTA ",SMPLB,"Kec. Sukolilo","Kota Surabaya","Prov. Jawa Timur"
"1 "," 69888885 ","SMALB - A YPAB ","JL. GEBANG PUTIH NO.5 SURABAYA ","GEBANG PUTIH ","SWASTA ",SMLB,"Kec. Sukolilo","Kota Surabaya","Prov. Jawa Timur"
"2 "," 20569016 ","SMALB-C AKW KUMARA I ","JL. MEDOKAN SEMAMPIR INDAH 95 ","MEDOKAN SEMAMPIR ","SWASTA ",SMLB,"Kec. Sukolilo","Kota Surabaya","Prov. Jawa Timur"
"1 "," 20532443 ","SLB ADITAMA SURABAYA ","JL. WISMA PERMAI 102 SURABAYA ","MULYOREJO ","SWASTA ",SLB,"Kec. Mulyorejo","Kota Surabaya","Prov. Jawa Timur"
"2 "," 20532447 ","SLB GRAHITA SARI DHARMA WANITA ","JL. KEJAWAN PUTIH TAMBAK NO.48 C ","KEJAWEN PUTIH TAMBAK ","SWASTA ",SLB,"Kec. Mulyorejo","Kota Surabaya","Prov. Jawa Timur"
"1 "," 69757478 ","SLB AGCA CENTER ","JL.NGAGEL JAYA TENGAH 3 / 21 ","PUCANG SEWU ","SWASTA ",SLB,"Kec. Gubeng","Kota Surabaya","Prov. Jawa Timur"
"2 "," 69786901 ","SLB BHAKTI WIYATA ","JL. BRATANG BINANGUN III / 21 SURABAYA ","BARATAJAYA ","SWASTA ",SLB,"Kec. Gubeng","Kota Surabaya","Prov. Jawa Timur"
"3 "," 20561462 ","SLB HARAPAN BUNDA ","JL. PUCANG JAJAR TENGAH 81 SURABAYA ","KERTAJAYA ","SWASTA ",SLB,"Kec. Gubeng","Kota Surabaya","Prov. Jawa Timur"
"1 "," 69905043 ","TKLB-C AKW KUMARA II ","JL.KALIBOKOR TIMUR 165 ","KERTAJAYA ","SWASTA ",TKLB,"Kec. Gubeng","Kota Surabaya","Prov. Jawa Timur"
"1 "," 20532833 ","SDLB-C AKW KUMARA II ","JL.KALIBOKOR TIMUR 165 ","KERTAJAYA ","SWASTA ",SDLB,"Kec. Gubeng","Kota Surabaya","Prov. Jawa Timur"
"1 "," 20532755 ","SMPLB C AKW KUMARA 2  ","JL. KALIBOKOR TIMUR NO.165  ","KERTAJAYA ","SWASTA ",SMPLB,"Kec. Gubeng","Kota Surabaya","Prov. Jawa Timur"
"1 "," 20532240 ","SMALB-C AKW KUMARA II SURABAYA ","JL.KALIBOKOR TIMUR NO.165 SURABAYA ","KERTAJAYA ","SWASTA ",SMLB,"Kec. Gubeng","Kota Surabaya","Prov. Jawa Timur"
"1 "," 20532412 ","SLB-B KARYA MULIA IV ","JL. A.YANI 6 - 8 SURABAYA ","WONOKROMO ","SWASTA ",SLB,"Kec. Wonokromo","Kota Surabaya","Prov. Jawa Timur"
"1 "," 20532842 ","SDLB-B KARYA MULIA I ","JL.A.YANI 6-8 ","WONOKROMO ","SWASTA ",SDLB,"Kec. Wonokromo","Kota Surabaya","Prov. Jawa Timur"
"2 "," 20532834 ","SDLB-B KARYA MULIA II ","JL.A.YANI 6-8 ","WONOKROMO ","SWASTA ",SDLB,"Kec. Wonokromo","Kota Surabaya","Prov. Jawa Timur"
"3 "," 69756320 ","SDLB-G KARYA MULIA ","JL. A.YANI 6 - 8 SURABAYA ","WONOKROMO ","SWASTA ",SDLB,"Kec. Wonokromo","Kota Surabaya","Prov. Jawa Timur"
"1 "," 20532610 ","SMPLB B KARYA MULIA ","JL. A.YANI 6 - 8 SURABAYA ","WONOKROMO ","SWASTA ",SMPLB,"Kec. Wonokromo","Kota Surabaya","Prov. Jawa Timur"
"1 "," 20532239 ","SMALB-B KARYA MULIA ","JL.A.YANI 6-8 ","WONOKROMO ","SWASTA ",SMLB,"Kec. Wonokromo","Kota Surabaya","Prov. Jawa Timur"
"1 "," 69880479 ","SLB HAPPY ANGELA CENTER  ","JL.RAYA DARMO PERMAI I / 29  ","PRADAHKALI KENDAL ","SWASTA ",SLB,"Kec. Dukuh Pakis","Kota Surabaya","Prov. Jawa Timur"
"1 "," 20574846 ","SLB TUNAS KASIH ","JL.MENGANTI JERUK GG.IV NO.12A ","JERUK ","SWASTA ",SLB,"Kec. Lakarsantri","Kota Surabaya","Prov. Jawa Timur"
"1 "," 20539231 ","SLB BAKTI ASIH SURABAYA ","JL. SIMOMULYO BARU 5G NO. 5 - 6 ","SIMOMULYO BARU ","SWASTA ",SLB,"Kec. Sukomanunggal","Kota Surabaya","Prov. Jawa Timur"
"2 "," 20532411 ","SLB-B BAKTI ASIH ","JL SIMO MULYO BARU 5G / 5-6 ","SIMOMULYO BARU ","SWASTA ",SLB,"Kec. Sukomanunggal","Kota Surabaya","Prov. Jawa Timur"
"3 "," 20532433 ","SLB-BC SASANTI WIYATA ","JL. SIMOREJO SARI B.VI /28 ","SIMOMULYO BARU ","SWASTA ",SLB,"Kec. Sukomanunggal","Kota Surabaya","Prov. Jawa Timur"
"1 "," 20532428 ","SLB A YPAB ","JL. TEGALSARI 56 ","KEDUNGDORO ","SWASTA ",SLB,"Kec. Tegal Sari","Kota Surabaya","Prov. Jawa Timur"
"2 "," 20532439 ","SLB PAEDAGOGIA ","JL. KALIASIN I - 8 ","KEDUNGDORO ","SWASTA ",SLB,"Kec. Tegal Sari","Kota Surabaya","Prov. Jawa Timur"
"1 "," 20541303 ","SLB BANGUN BANGSA ","JL. ORO-ORO II/35 ","PACAR KELING ","SWASTA ",SLB,"Kec. Tambaksari","Kota Surabaya","Prov. Jawa Timur"
"1 "," 20532414 ","SLB AYODYA TULADA ","JL. BULAK BANTENG SUROPATI VB/1 ","BULAK BANTENG ","SWASTA ",SLB,"Kec. Kenjeran","Kota Surabaya","Prov. Jawa Timur"
"1 "," 20532441 ","SLB KARYA BHAKTI ","SIDOYOSO WETAN I / 44 ","SIMOKERTO ","SWASTA ",SLB,"Kec. Simokerto","Kota Surabaya","Prov. Jawa Timur"
"1 "," 20532431 ","SLB PURNA YUDA BHAKTI ","JL. GUNDIH 1/29 ","BUBUTAN ","SWASTA ",SLB,"Kec. Bubutan","Kota Surabaya","Prov. Jawa Timur"
"1 "," 20532415 ","SLB B-C SANTI MULIA ","JL. KAV.JUGRUG BARU NO.3-4 SURABAYA ","KANDANGAN ","SWASTA ",SLB,"Kec. Benowo","Kota Surabaya","Prov. Jawa Timur"
"2 "," 20532437 ","SLB TUNAS MULYA ","SEMEMI JAYA SELATAN 2.A / NO. 25 ","SEMEMI ","SWASTA ",SLB,"Kec. Benowo","Kota Surabaya","Prov. Jawa Timur"
"1 "," 20532413 ","SLB OPTIMAL B-C SURABAYA ","WARDOYO NO. 12 (BELAKANG) KENJERAN KOMPLEK TNI AL ","SUKOLILO ","SWASTA ",SLB,"Kec. Bulak","Kota Surabaya","Prov. Jawa Timur"
"1 "," 20532449 ","SLB KARUNIA 99 ","SUMBEREJO  I ","BENOWO ","SWASTA ",SLB,"Kec. Pakal","Kota Surabaya","Prov. Jawa Timur"
"1 "," 20540209 ","SLB A,B,D NEGERI KEDUNGKANDANG KOTA MALANG ","JL H ALI NASRUDIN NO 2 ","KEDUNGKANDANG ","NEGERI ",SLB,"Kec. Kedungkandang","Kota Malang","Prov. Jawa Timur"
"2 "," 20533636 ","SLB C AUTIS NEGERI KEDUNGKANDANG KOTA MALANG ","JALAN H. ALI NASRUDIN NO.2 ","KEDUNGKANDANG ","NEGERI ",SLB,"Kec. Kedungkandang","Kota Malang","Prov. Jawa Timur"
"1 "," 20533659 ","SMALBS YAYASAN PUTRA PANCASILA ","JL. H. ALI NASRUDIN 2 ","KEDUNGKANDANG ","SWASTA ",SMLB,"Kec. Kedungkandang","Kota Malang","Prov. Jawa Timur"
"1 "," 20533761 ","SLBS BHAKTI LUHUR ","JL. RAYA DIENG NO. 40 ","PISANG CANDI ","SWASTA ",SLB,"Kec. Sukun","Kota Malang","Prov. Jawa Timur"
"1 "," 20533713 ","SDLBS BHAKTI LUHUR ","JL. RAYA DIENG  NO. 40 ","PISANG CANDI ","SWASTA ",SDLB,"Kec. Sukun","Kota Malang","Prov. Jawa Timur"
"1 "," 20540220 ","SMALBS BHAKTI LUHUR ","JL. RAYA DIENG 40 ","PISANG CANDI ","SWASTA ",SMLB,"Kec. Sukun","Kota Malang","Prov. Jawa Timur"
"1 "," 69909942 ","TKLB-B YPTB MALANG ","JL. BRIGJEN SLAMET RIYADI 126 ","ORO ORO DOWO ","SWASTA ",TKLB,"Kec. Klojen","Kota Malang","Prov. Jawa Timur"
"1 "," 20540188 ","SDLB-B YPTB MALANG ","JL. BRIGJEN SLAMET RIADI 126 MALANG ","ORO ORO DOWO ","SWASTA ",SDLB,"Kec. Klojen","Kota Malang","Prov. Jawa Timur"
"1 "," 20533744 ","SMP LB-B YPTB MALANG ","JL. BRIGJEN SLAMET RIADI  NO.126 ","ORO-ORO DOWO ","SWASTA ",SMPLB,"Kec. Klojen","Kota Malang","Prov. Jawa Timur"
"1 "," 20533624 ","SMALBS YPTB ","JL. BRIGJEND SLAMET RIADI NO 126 KOTA MALANG ","ORO ORO DOWO ","SWASTA ",SMLB,"Kec. Klojen","Kota Malang","Prov. Jawa Timur"
"1 "," 69979343 ","SLB YPAC KOTA MALANG ","JL. R.TUMENGGUNG SURYO NO. 39 ","BUNULREJO ","SWASTA ",SLB,"Kec. Blimbing","Kota Malang","Prov. Jawa Timur"
"1 "," 69928563 ","TKLB-BCG SUMBERDHARMA ","JL. CANDI JAGO N0.28 ","BLIMBING ","SWASTA ",TKLB,"Kec. Blimbing","Kota Malang","Prov. Jawa Timur"
"1 "," 20534066 ","SDLB SUMBER DHARMA ","JL. CANDI JAGO 28  MALANG ","BLIMBING ","SWASTA ",SDLB,"Kec. Blimbing","Kota Malang","Prov. Jawa Timur"
"2 "," 20533730 ","SLBS BCG IDAYU ","PERUM GRAHA PERMATA SULFAT KAVLING 3 ","BUNULREJO ","SWASTA ",SDLB,"Kec. Blimbing","Kota Malang","Prov. Jawa Timur"
"1 "," 20539478 ","SMP LB BCG IDAYU MALANG ","PERUM GRAHA PERMATA SULFAT KAV. 3 JL. SEKAYAN ","BUNULREJO ","SWASTA ",SMPLB,"Kec. Blimbing","Kota Malang","Prov. Jawa Timur"
"2 "," 20533747 ","SMP LB SUMBER DHARMA ","JL. CANDI JAGO NO. 28 BLIMBING ","BLIMBING ","SWASTA ",SMPLB,"Kec. Blimbing","Kota Malang","Prov. Jawa Timur"
"1 "," 69861155 ","SMALB BCG SUMBER DHARMA ","JL. CANDI JAGO NO.28 ","BLIMBING ","SWASTA ",SMLB,"Kec. Blimbing","Kota Malang","Prov. Jawa Timur"
"1 "," 69969638 ","SLB AUTIS LABORATORIUM UM MALANG ","JL. SURABAYA NO.6 ","SUMBERSARI ","SWASTA ",SLB,"Kec. Lowokwaru","Kota Malang","Prov. Jawa Timur"
"2 "," 20534068 ","SLB PUTRA JAYA MALANG ","NUSA INDAH  11 A ","LOWOKWARU ","SWASTA ",SLB,"Kec. Lowokwaru","Kota Malang","Prov. Jawa Timur"
"1 "," 69913375 ","TKLB PUTRA JAYA ","JL. NUSA INDAH II/A ","LOWOKWARU ","SWASTA ",TKLB,"Kec. Lowokwaru","Kota Malang","Prov. Jawa Timur"
"1 "," 20539435 ","SDLBS RIVER KIDS ","PERUM UNIGA 41. JOYO GRAND ATAS. MERJOSARI. MALANG ","MERJOSARI ","SWASTA ",SDLB,"Kec. Lowokwaru","Kota Malang","Prov. Jawa Timur"
"1 "," 69865665 ","SMPLB AUTISME RIVER KIDS ","PERUM UNIGA 41, MALANG ","MERJOSARI ","SWASTA ",SMPLB,"Kec. Lowokwaru","Kota Malang","Prov. Jawa Timur"
"2 "," 20533762 ","SMPLB PUTRA JAYA ","JL. NUSA INDAH NO. 11/A MALANG ","LOWOKWARU ","SWASTA ",SMPLB,"Kec. Lowokwaru","Kota Malang","Prov. Jawa Timur"
"1 "," 20533658 ","SMALB PUTRA JAYA ","JL.NUSA INDAH II A ","LOWOKWARU ","SWASTA ",SMLB,"Kec. Lowokwaru","Kota Malang","Prov. Jawa Timur"
"1 "," 20534107 ","SLB BHAKTI LUHUR  ","JL. AHMAD YANI NO.17 ","PANGONGANGAN ","SWASTA ",SLB,"Kec. Manguharjo","Kota Madiun","Prov. Jawa Timur"
"2 "," 69964487 ","SLB NUR HUSNINA ","JALAN SIDO RUKUN ","MANGUHARJO ","SWASTA ",SLB,"Kec. Manguharjo","Kota Madiun","Prov. Jawa Timur"
"1 "," 20534200 ","SLB NEGERI MANISREJO KOTA MADIUN ","JLN TANJUNG MANIS NO 50C ","MANISREJO ","NEGERI ",SLB,"Kec. Taman","Kota Madiun","Prov. Jawa Timur"
"2 "," 20566302 ","SLB SITI HAJAR  ","JL. KAPUAS NO. 27 B ","TAMAN ","SWASTA ",SLB,"Kec. Taman","Kota Madiun","Prov. Jawa Timur"
"3 "," 69760658 ","SLB SIWI MULIA ","JL.SEKOLAHAN NO. 13  ","BANJAREJO ","SWASTA ",SLB,"Kec. Taman","Kota Madiun","Prov. Jawa Timur"
"1 "," 20574713 ","SMPLB BUDI ASIH ","JL. TANJUNG MANIS NO. 50 ","MANISREJO ","SWASTA ",SMPLB,"Kec. Taman","Kota Madiun","Prov. Jawa Timur"
"1 "," 69968601 ","SMALB BUDI ASIH KOTA MADIUN ","JL. TANJUNG MANIS NO. 44 ","MANISREJO ","SWASTA ",SMLB,"Kec. Taman","Kota Madiun","Prov. Jawa Timur"
"1 "," 20534108 ","SLB B-C DHARMA WANITA ","JL.KRESNO 10 ","ORO ORO OMBO ","SWASTA ",SLB,"Kec. Kartoharjo","Kota Madiun","Prov. Jawa Timur"
"1 "," 20559299 ","SLB BHAKTI PEMUDA ","JL. TAMAN SARI III GG. MASJID NO.3 KOTA KEDIRI ","TAMANAN ","SWASTA ",SLB,"Kec. Mojoroto","Kota Kediri","Prov. Jawa Timur"
"2 "," 69970185 ","SLB YPABK ANANDA PUTRA MANDIRI ","JL. ANGKASA ","LIRBOYO ","SWASTA ",SLB,"Kec. Mojoroto","Kota Kediri","Prov. Jawa Timur"
"1 "," 20540331 ","SLB C PUTRA ASIH ","JL. MEDANG KAMOLAN NO. 1 ","BALOWERTI ","SWASTA ",SLB,"Kec. Kota Kediri","Kota Kediri","Prov. Jawa Timur"
"2 "," 20540328 ","SLB-B PUTERA ASIH KEDIRI ","JL. MEDANG KAMOLAN NO. 1 ","BALOWERTI ","SWASTA ",SLB,"Kec. Kota Kediri","Kota Kediri","Prov. Jawa Timur"
"3 "," 20534312 ","SLB-C1 PUTERA ASIH ","JL. MEDANG KAMOLAN NO. 1 ","BALOWERTI ","SWASTA ",SLB,"Kec. Kota Kediri","Kota Kediri","Prov. Jawa Timur"
"1 "," 20534310 ","SDLB-B PUTERA ASIH KEDIRI ","JLN. MEDANG KAMULAN NO. 1 KEDIRI ","BALOWERTI ","SWASTA ",SDLB,"Kec. Kota Kediri","Kota Kediri","Prov. Jawa Timur"
"1 "," 69978384 ","SLB NUR KHABIB ","JL. LINGKUNGAN ","BLABAK ","SWASTA ",SLB,"Kec. Pesantren","Kota Kediri","Prov. Jawa Timur"
"1 "," 69902855 ","SLB THUMB KIDS SCHOOL ","JL. GRAND SITE KARYA BLOK G NO.8 SURODINAWAN - MOJOKERTO ","SURODINAWAN ","SWASTA ",SLB,"Kec. Prajurit Kulon","Kota Mojokerto","Prov. Jawa Timur"
"2 "," 20534762 ","SLB-ACD PERTIWI  ","KRANGGAN GANG I / 19 ","KRANGGAN ","SWASTA ",SLB,"Kec. Prajurit Kulon","Kota Mojokerto","Prov. Jawa Timur"
"1 "," 69786501 ","SLB AISYIYAH 08 ","JL. BAYANGKARA NO. 65 ","JAGALAN ","SWASTA ",SLB,"Kec. Magersari","Kota Mojokerto","Prov. Jawa Timur"
"2 "," 20534763 ","SLB-B PERTIWI ","JL. GAJAH MADA 149 ","BALONGSARI ","SWASTA ",SLB,"Kec. Magersari","Kota Mojokerto","Prov. Jawa Timur"
"3 "," 69786500 ","SLBS AUTIS MUTIARA HATI ","JALAN RAYA IJEN NO 46 ","WATES ","SWASTA ",SLB,"Kec. Magersari","Kota Mojokerto","Prov. Jawa Timur"
"1 "," 20548809 ","SLB NEGERI 2 KOTA BLITAR ","JL. TANJUNG NO 94 ","SUKOREJO ","NEGERI ",SLB,"Kec. Sukorejo","Kota Blitar","Prov. Jawa Timur"
"1 "," 20535108 ","SLB NEGERI 1 KOTA BLITAR ","JL. CIBARENO N0. 39 ","BENDO ","NEGERI ",SLB,"Kec. Kepanjenkidul","Kota Blitar","Prov. Jawa Timur"
"2 "," 20548814 ","SLB NEGERI 3 KOTA BLITAR ","JL IR SOEKARNO 425 ","SENTUL ","NEGERI ",SLB,"Kec. Kepanjenkidul","Kota Blitar","Prov. Jawa Timur"
"3 "," 20569040 ","SLB NEGERI 4 KOTA BLITAR ","JL. IR.SOEKARNO NO.425 ","SENTUL ","NEGERI ",SLB,"Kec. Kepanjenkidul","Kota Blitar","Prov. Jawa Timur"
"1 "," 20549135 ","SLB-B YPLB ","JL. IMAM BONJOL NO. 3, KEC. SANANWETAN ","SANANWETAN ","SWASTA ",SLB,"Kec. Sananwetan","Kota Blitar","Prov. Jawa Timur"
"2 "," 20549357 ","SLB-C YPLB ","JL. IMAM BONJOL NO. 1, KEC SANANWETAN ","SANANWETAN ","SWASTA ",SLB,"Kec. Sananwetan","Kota Blitar","Prov. Jawa Timur"
"1 "," 20547245 ","SLB ARYA SATYA HATI ","JL. KH. AHMAD DAHLAN NO. 99 PASURUAN ","POHJENTREK ","SWASTA ",SLB,"Kec. Purworejo","Kota Pasuruan","Prov. Jawa Timur"
"2 "," 69852238 ","UPT TKLB NEGERI KOTA PASURUAN ","JL. ERLANGGA GANG II RT.03 / RW.05 ","PURWOREJO ","NEGERI ",SLB,"Kec. Purworejo","Kota Pasuruan","Prov. Jawa Timur"
"1 "," 20535389 ","UPT SDLB NEGERI PURWOREJO II ","JL ERLANGGA NO 27  ","PURWOREJO ","NEGERI ",SDLB,"Kec. Purworejo","Kota Pasuruan","Prov. Jawa Timur"
"1 "," 20535428 ","UPT. SMPLB NEGERI PASURUAN ","JL. MARGOTARUNO ","PURWOREJO ","NEGERI ",SMPLB,"Kec. Purworejo","Kota Pasuruan","Prov. Jawa Timur"
"1 "," 20535455 ","SMALBN KOTA PASURUAN ","JL. ERLANGGA SELATAN RT.07 RW.08 ","PURWOREJO ","NEGERI ",SMLB,"Kec. Purworejo","Kota Pasuruan","Prov. Jawa Timur"
"1 "," 60726006 ","TKLBS PERMATA SIWI ","JL. HASANUDDIN NO. 38 PASURUAN ","KARANGANYAR ","SWASTA ",TKLB,"Kec. Panggungrejo","Kota Pasuruan","Prov. Jawa Timur"
"1 "," 20536264 ","SMPLB SINAR HARAPAN ","JL. SEMERU NOMOR 175 ","KADEMANGAN ","SWASTA ",SMPLB,"Kec. Kademangan","Kota Probolinggo","Prov. Jawa Timur"
"1 "," 20536335 ","SDLB PGRI WONOASIH ","JL. SEMANGKA NO. 02 ","KEDUNGGALENG ","SWASTA ",SDLB,"Kec. Wonoasih","Kota Probolinggo","Prov. Jawa Timur"
"1 "," 20559295 ","TK LB SINAR HARAPAN ","JL. MAWAR NO. 39 ","SUKABUMI ","SWASTA ",SLB,"Kec. Mayangan","Kota Probolinggo","Prov. Jawa Timur"
"1 "," 20536322 ","SDLB SINAR HARAPAN ","JL. MAWAR NO 39 ","SUKABUMI ","SWASTA ",SDLB,"Kec. Mayangan","Kota Probolinggo","Prov. Jawa Timur"
"1 "," 20536287 ","SMALBS SINAR HARAPAN ","JL. MAWAR NO. 42A PROBOLINGGO ","SUKABUMI ","SWASTA ",SMLB,"Kec. Mayangan","Kota Probolinggo","Prov. Jawa Timur"
"1 "," 20539425 ","SLB EKA MANDIRI BATU ","JL. TERUSAN KASIMAN ","NGAGLIK ","SWASTA ",SLB,"Kec. Batu","Kota Batu","Prov. Jawa Timur"
"1 "," 69919890 ","SLB NEGERI  ","JALAN MASJID BANARAN ","BUMIAJI ","NEGERI ",SLB,"Kec. Bumiaji","Kota Batu","Prov. Jawa Timur"
