No.,NPSN,"Nama Satuan Pendidikan",Alamat,Kelurahan,Status,"Bentuk Pendidikan",Kecamatan,Kabupaten/Kota,Provinsi
"1 "," 30300311 ","SLB A NEGERI 3 MARTAPURA ","JL A YANI KM 37,5 NO 8B RT. 09 RW. 04 ","SUNGAI PARING ","NEGERI ",SLB,"Kec. Martapura","Kab. Banjar","Prov. Kalimantan Selatan"
"2 "," 30314336 ","SLB NEGERI 1 MARTAPURA ","CANDRA KIRANA ","INDRA SARI ","NEGERI ",SLB,"Kec. Martapura","Kab. Banjar","Prov. Kalimantan Selatan"
"3 "," 30300386 ","SLB NEGERI 2 MARTAPURA ","JL.MENTRI EMPAT NO.25 RT.12/RW.04 ","SUNGAI PARING ","NEGERI ",SLB,"Kec. Martapura","Kab. Banjar","Prov. Kalimantan Selatan"
"1 "," 30300728 ","SLB NEGERI 1 PELAIHARI ","JL. PURNAWIRAWAN NO. 58 ","ANGSAU ","NEGERI ",SLB,"Kec. Pelaihari","Kab. Tanah Laut","Prov. Kalimantan Selatan"
"2 "," 69944260 ","SLB NEGERI 2 PELAIHARI ","JLN. A.YANI KM.7 ","AMBUNGAN ","NEGERI ",SLB,"Kec. Pelaihari","Kab. Tanah Laut","Prov. Kalimantan Selatan"
"1 "," 30301385 "," SLBN MARABAHAN ","JL .JENDERAL SUDIRMAN ","ULU BENTENG ","NEGERI ",SLB,"Kec. Marabahan","Kab. Barito Kuala","Prov. Kalimantan Selatan"
"1 "," 30314040 ","SLB NEGERI 1 TAPIN ","JL. LAMBUNG MANGKURAT PUALAMSARI ","PUALAM SARI ","NEGERI ",SLB,"Kec. Binuang","Kab. Tapin","Prov. Kalimantan Selatan"
"1 "," 69888869 ","SLB NEGERI 2 TAPIN ","JL.PERINTIS RAYA ","LUMBU RAYA ","NEGERI ",SLB,"Kec. Tapin Utara","Kab. Tapin","Prov. Kalimantan Selatan"
"1 "," 30301856 ","SLBN KANDANGAN ","JALAN SINGAKARSA  ","KANDANGAN BARAT ","NEGERI ",SLB,"Kec. Kandangan","Kab. Hulu Sungai Selatan","Prov. Kalimantan Selatan"
"1 "," 30302255 ","SLB NEGERI BARABAI ","JL. PAGAT SARIGADING ","BANUA BINJAI ","NEGERI ",SLB,"Kec. Barabai","Kab. Hulu Sungai Tengah","Prov. Kalimantan Selatan"
"1 "," 69863275 ","SMPLB PEMBIMBING BUDI BARABAI ","DESA BANUA BINJAI ","BANUA BINJAI ","SWASTA ",SMPLB,"Kec. Barabai","Kab. Hulu Sungai Tengah","Prov. Kalimantan Selatan"
"1 "," 30302806 ","SLB NEGERI 1 AMUNTAI ","JL. EMPU JATMIKA RT. 5 NO. 57 ","SUNGAI MALANG ","NEGERI ",SLB,"Kec. Amuntai Tengah","Kab. Hulu Sungai Utara","Prov. Kalimantan Selatan"
"2 "," 30305497 ","SLBN 2 AMUNTAI ","JL. KEBAYURAN RT. 18 NO. 043 SUNGAI DIKUM  ","SUNGAI MALANG ","NEGERI ",SLB,"Kec. Amuntai Tengah","Kab. Hulu Sungai Utara","Prov. Kalimantan Selatan"
"1 "," 30303048 ","SLB NEGERI TABALONG ","JL. JEND. A YANI RT 2 RW 1 KEC. MURUNG PUDAK KAB.TABALONG, KALIMANTAN SELATAN ","MABUUN ","NEGERI ",SLB,"Kec. Murung Pudak","Kab. Tabalong","Prov. Kalimantan Selatan"
"1 "," 30311710 ","SLB NEGERI  KOTABARU ","JL. PANORAMA ","DIRGAHAYU ","NEGERI ",SLB,"Kec. Pulau Laut Utara","Kab. Kotabaru","Prov. Kalimantan Selatan"
"1 "," 30311601 ","SLBN BALANGAN ","JL. A. YANI RICA RAYA ","PARINGIN KOTA ","NEGERI ",SLB,"Kec. Paringin","Kab. Balangan","Prov. Kalimantan Selatan"
"1 "," 30313809 ","SLB NEGERI TANAH BUMBU ","JL. MANGGIS KM. 3,5 BATULICIN ","BATULICIN ","NEGERI ",SLB,"Kec. Batu Licin","Kab. Tanah Bumbu","Prov. Kalimantan Selatan"
"1 "," 30303094 ","SLB BC PARAMITA GRAHA ","JL. KELAYAN B GANG SUKARIA RT. 19 NO. 48 ","PEMURUS DALAM ","SWASTA ",SLB,"Kec. Banjarmasin Selatan","Kota Banjarmasin","Prov. Kalimantan Selatan"
"1 "," 30304193 ","SLB NEGERI 2 BANJARMASIN ","JL. DHARMA PRAJA NO. 56 ","PEMURUS LUAR ","NEGERI ",SLB,"Kec. Banjarmasin Timur","Kota Banjarmasin","Prov. Kalimantan Selatan"
"1 "," 30312855 ","TKLB B/C DHARMA WANITA BANJARMASIN ","JL.DHARMA PRAJA RT.12 NO.56 KM.5 ","PEMURUS LUAR ","SWASTA ",TKLB,"Kec. Banjarmasin Timur","Kota Banjarmasin","Prov. Kalimantan Selatan"
"1 "," 30304495 ","SDLB B/C DHARMA WANITA BANJARMASIN ","JL. DHARMA PRAJA NO 56 RT 17 ","PEMURUS LUAR ","SWASTA ",SDLB,"Kec. Banjarmasin Timur","Kota Banjarmasin","Prov. Kalimantan Selatan"
"1 "," 69861144 ","SMPLB HARAPAN BUNDA ","JL. ARTHALOKA GATOT SUBROTO BARAT I NO.26 ","KURIPAN ","SWASTA ",SMPLB,"Kec. Banjarmasin Timur","Kota Banjarmasin","Prov. Kalimantan Selatan"
"1 "," 30304496 ","SLB NEGERI PELAMBUAN ","JLN. BARITO HULU NO.33 RT.51 RW.3 KEC. BANJARMASIN BARAT ","PELAMBUAN ","NEGERI ",SLB,"Kec. Banjarmasin Barat","Kota Banjarmasin","Prov. Kalimantan Selatan"
"1 "," 30313750 ","SDLB YPLB BANJARMASIN ","JL YOS SUDARSO GANG 66 RT 32 KOMPLEK AIRMANTAN, BANJARMASIN ","TELAGA BIRU ","SWASTA ",SDLB,"Kec. Banjarmasin Barat","Kota Banjarmasin","Prov. Kalimantan Selatan"
"1 "," 30304194 ","SMPLB YPLB PELAMBUAN BANJARMASIN ","JL YOS SUDARSO GANG 66 RT 32 KOMPLEK AIRMANTAN, BANJARMASIN ","TELAGA BIRU ","SWASTA ",SMPLB,"Kec. Banjarmasin Barat","Kota Banjarmasin","Prov. Kalimantan Selatan"
"1 "," 30304237 ","SMALBS YPLB ","JL. YOS SUDARSO GG.66 RT.32  ","TELAGA BIRU ","SWASTA ",SMLB,"Kec. Banjarmasin Barat","Kota Banjarmasin","Prov. Kalimantan Selatan"
"1 "," 69757498 ","SLB PLUS MADANA DUNYA ","JL. ABUYA BRIGJEN. H. HASAN BASRI NO 92 RT 39 ","ALALAK UTARA ","SWASTA ",SLB,"Kec. Banjarmasin Utara","Kota Banjarmasin","Prov. Kalimantan Selatan"
"1 "," 69896976 ","SLB NEGERI KOTA BANJARBARU ","JL ABADI KOMP. WENGGA GUNTUNG MANGGIS ","GUNTUNGMANGGIS ","NEGERI ",SLB,"Kec. Landasan Ulin","Kota Banjarbaru","Prov. Kalimantan Selatan"
"1 "," 30304618 ","SLB-C NEGERI PEMBINA PROVINSI KALIMANTAN SELATAN ","JLN. A.YANI KM 20 LANDASAN ULIN BARAT ","LANDASAN ULIN BARAT ","NEGERI ",SLB,"Kec. Liang Anggang","Kota Banjarbaru","Prov. Kalimantan Selatan"
