No.,NPSN,"Nama Satuan Pendidikan",Alamat,Kelurahan,Status,"Bentuk Pendidikan",Kecamatan,Kabupaten/Kota,Provinsi
"1 "," 30200672 ","SLB NEGERI 1 SELAT ","JL. TAMBUN BUNGAI GG. VI NO. 49 KUALA KAPUAS ","SELAT DALAM ","NEGERI ",SLB,"Kec. Selat","Kab. Kapuas","Prov. Kalimantan Tengah"
"2 "," 30200284 ","SLB NEGERI 2 SELAT ","JL. CILIK RIWUT GG.III B NO.49 ","SELAT DALAM ","NEGERI ",SLB,"Kec. Selat","Kab. Kapuas","Prov. Kalimantan Tengah"
"1 "," 30203978 ","SLB NEGERI I BUNTOK ","JL. PAHLAWAN ATAS KM. 12 SEI WINDU ","SABABILAH ","NEGERI ",SLB,"Kec. Dusun Selatan","Kab. Barito Selatan","Prov. Kalimantan Tengah"
"2 "," 30200735 ","SLB YPLB BUNTOK ","JL. PAHLAWAN NO. 105 RT. 44 RW. 05 ","BUNTOK KOTA ","SWASTA ",SLB,"Kec. Dusun Selatan","Kab. Barito Selatan","Prov. Kalimantan Tengah"
"1 "," 30200989 ","SLBN 1 MUARA TEWEH ","JL. PANTI AJAR V MUARA TEWEH ","LANJAS ","NEGERI ",SLB,"Kec. Teweh Tengah","Kab. Barito Utara","Prov. Kalimantan Tengah"
"1 "," 69870319 ","SEKOLAH KHUSUS MELATI CERIA ","JL. WENGGA METRO JALUR 1 NO. 33 SAMPIT KALIMANTAN TENGAH ","BAAMANG BARAT ","SWASTA ",SLB,"Kec. Baamang","Kab. Kotawaringin Timur","Prov. Kalimantan Tengah"
"2 "," 30201571 ","SLB NEGERI 1 SAMPIT ","JL. PADAT KARYA NO. 4 SAMPIT ","BAAMANG HILIR ","NEGERI ",SLB,"Kec. Baamang","Kab. Kotawaringin Timur","Prov. Kalimantan Tengah"
"3 "," 30204689 ","SLBN 2 SAMPIT ","JL. HASAN MANSYUR NO. 51 ","BAAMANG TENGAH ","NEGERI ",SLB,"Kec. Baamang","Kab. Kotawaringin Timur","Prov. Kalimantan Tengah"
"4 "," 69925342 ","SLBN 3 SAMPIT ","JL. H.M.ARSYAD KOMP. PERUM PEMBINA NO. 02 RT. 40 RW. 06 SAMPIT ","BAAMANG HILIR ","NEGERI ",SLB,"Kec. Baamang","Kab. Kotawaringin Timur","Prov. Kalimantan Tengah"
"1 "," 69981355 ","SLB SWASTA MELATI CERIA ","JL. YURNI ","PARENGGEAN ","SWASTA ",SLB,"Kec. Parenggean","Kab. Kotawaringin Timur","Prov. Kalimantan Tengah"
"1 "," 30201853 ","SLBN 1 PANGKALAN BUN ","JL. EDY SUWARGONO ","MADUREJO ","NEGERI ",SLB,"Kec. Arut Selatan","Kab. Kotawaringin Barat","Prov. Kalimantan Tengah"
"2 "," 30204273 ","SLBN 2 PANGKALAN BUN ","KOTAWARINGIN BARAT ","MADUREJO ","NEGERI ",SLB,"Kec. Arut Selatan","Kab. Kotawaringin Barat","Prov. Kalimantan Tengah"
"1 "," 30205493 ","SLB N 1 KATINGAN HILIR ","HAMPALIT ","HAMPALIT ","NEGERI ",SLB,"Kec. Katingan Hilir","Kab. Katingan","Prov. Kalimantan Tengah"
"2 "," 69947218 ","SLB NEGERI 2 KATINGAN HILIR ","JL. AHMAD YANI KOMPLEK PERKANTORAN KATINGAN ","KASONGAN LAMA ","NEGERI ",SLB,"Kec. Katingan Hilir","Kab. Katingan","Prov. Kalimantan Tengah"
"1 "," 69786900 ","SLB NEGERI - 1 SERUYAN ","JL. . A. YANI KUALA PEMBUANG ","KUALA PEMBUANG DUA ","NEGERI ",SLB,"Kec. Seruyan Hilir","Kab. Seruyan","Prov. Kalimantan Tengah"
"1 "," 69755163 ","SLB NEGERI BULIK  ","JL. JEND. TRANS E I  NANGA BULIK ","NANGA BULIK ","NEGERI ",SLB,"Kec. Bulik","Kab. Lamandau","Prov. Kalimantan Tengah"
"1 "," 69931976 ","SLB NEGERI KUALA KURUN ","JALAN LETJEN S. PARMAN KODE POS 74511 ","TAMPANG TUMBANG ANJIR ","NEGERI ",SLB,"Kec. Kurun","Kab. Gunung Mas","Prov. Kalimantan Tengah"
"1 "," 30205094 ","SLB N 1 PULANG PISAU ","JL. TRANS KALIMANTAN ","MANTAREN I ","NEGERI ",SLB,"Kec. Kahayan Hilir","Kab. Pulang Pisau","Prov. Kalimantan Tengah"
"1 "," 69961388 ","SLB LAUNG TUHUP ","JL.TEMANGGUNG SURAPATI ","MUARA LAUNG I ","SWASTA ",SLB,"Kec. Laung Tuhup","Kab. Murung Raya","Prov. Kalimantan Tengah"
"1 "," 69754310 ","SLBN PURUK CAHU ","JL. GATOT SUBROTO, KEL. BERIWIT ","BERIWIT ","NEGERI ",SLB,"Kec. Murung","Kab. Murung Raya","Prov. Kalimantan Tengah"
"1 "," 30204188 ","SLB N TAMIANG LAYANG ","JL AHMAD YANI 05 ","MATABU ","NEGERI ",SLB,"Kec. Dusun Timur","Kab. Barito Timur","Prov. Kalimantan Tengah"
"1 "," 30204701 ","SLB MELATI CERIA ","JL. G. OBOS  VI, GG. V NO. 46 ","LANGKAI ","SWASTA ",SLB,"Kec. Pahandut","Kota Palangka Raya","Prov. Kalimantan Tengah"
"1 "," 30203405 ","SLB N 2 PALANGKA RAYA ","JL. PELAJAR, MATAL ","SABARU ","NEGERI ",SLB,"Kec. Sabangau","Kota Palangka Raya","Prov. Kalimantan Tengah"
"1 "," 30203406 ","SLBN 1 PALANGKA RAYA ","JL. RTA. MILONO KM.2,5 ","MENTENG ","NEGERI ",SLB,"Kec. Jekan Raya","Kota Palangka Raya","Prov. Kalimantan Tengah"
