No.,NPSN,"Nama Satuan Pendidikan",Alamat,Kelurahan,Status,"Bentuk Pendidikan",Kecamatan,Kabupaten/Kota,Provinsi
"1 "," 10498710 ","SLB NEGERI KAB. KAMPAR ","JL.KH.HASYIM ASARI ","BUKIT SEMBILAN ","NEGERI ",SLB,"Kec. Bangkinang","Kab. Kampar","Prov. Riau"
"1 "," 10494722 ","SLB NEGERI BANGKINANG "," JL. TUNAS MANDIRI  ","LANGGINI ","NEGERI ",SLB,"Kec. Bangkinang Kota","Kab. Kampar","Prov. Riau"
"2 "," 10494673 ","SLB NEGERI BANGKINANG KOTA ","JL LETNAN BOYAK ","BANGKINANG ","NEGERI ",SLB,"Kec. Bangkinang Kota","Kab. Kampar","Prov. Riau"
"1 "," 69964320 ","SLBN GUNUNG SAHILAN ","JL. LINTAS PEKANBARU TALUK KUANTAN KM. 57 ","KEBUN DURIAN ","NEGERI ",SLB,"Kec. Gunung Sahilan","Kab. Kampar","Prov. Riau"
"1 "," 10495567 ","SLB AISYIYAH DURI ","JL. DEWI SARTIKA  ","PETANI ","SWASTA ",SLB,"Kec. Mandau","Kab. Bengkalis","Prov. Riau"
"2 "," 10495448 ","SLB CENDANA ","KOMPLEK KRAKATAU ","PEMATANG PUDU ","SWASTA ",SLB,"Kec. Mandau","Kab. Bengkalis","Prov. Riau"
"3 "," 69889169 ","SLB MARDHATILLAH DURI ","JL. KAYU MANIS ","PEMATANG PUDU ","SWASTA ",SLB,"Kec. Mandau","Kab. Bengkalis","Prov. Riau"
"4 "," 69787585 ","SLB YHT DURI ","JL. PERTANIAN KEL. DURI BARAT ","DURI BARAT ","SWASTA ",SLB,"Kec. Mandau","Kab. Bengkalis","Prov. Riau"
"5 "," 69958896 ","SLBN DURI ","JL. SIAK DURI ","PETANI ","NEGERI ",SLB,"Kec. Mandau","Kab. Bengkalis","Prov. Riau"
"1 "," 10495145 ","SLBN BENGKALIS ","JL. PEMBANGUNAN III ","KELAPAPATI DARAT ","NEGERI ",SLB,"Kec. Bengkalis","Kab. Bengkalis","Prov. Riau"
"1 "," 10498731 ","SLB BUMI MANGGALO ","JL. JEND. SUDIRMAN ","BALAI RAJA ","SWASTA ",SLB,"Kec. Pinggir","Kab. Bengkalis","Prov. Riau"
"1 "," 10401408 ","SLBN INHU ","JALAN JENDERAL SUDIRMAN ","SEKAR MAWAR ","NEGERI ",SLB,"Kec. Pasir Penyu","Kab. Indragiri Hulu","Prov. Riau"
"1 "," 10497075 ","SLB N 033 TEMBILAHAN ","JL. SKB ","SUNGAI BERINGIN ","NEGERI ",SLB,"Kec. Tembilahan","Kab. Indragiri Hilir","Prov. Riau"
"1 "," 69788535 ","SLB PULAU BURUNG ","JL. PARIT BARU ","PULAU BURUNG ","SWASTA ",SLB,"Kec. Pulau Burung","Kab. Indragiri Hilir","Prov. Riau"
"1 "," 69965287 ","SLBN SIDO MUKTI ","JL. SIMPANG KULIM RT. 01 RW 02 SIDOMUKTI ","SIDO MUKTI ","NEGERI ",SLB,"Kec. Pangkalan Kuras","Kab. Pelalawan","Prov. Riau"
"1 "," 10496590 ","SLB N PELALAWAN ","JL LANGGAM II KM 05 ","PANGKALAN KERINCI BARAT ","NEGERI ",SLB,"Kec. Pangkalan Kerinci","Kab. Pelalawan","Prov. Riau"
"1 "," 10495632 ","SLB KARYA BAKTI ","JL. NGASO ","UJUNG BATU ","SWASTA ",SLB,"Kec. Ujung Batu","Kab. Rokan Hulu","Prov. Riau"
"1 "," 10495633 ","SLB NEGERI ROKAN HULU ","PASIR PENGARAIAN ","RAMBAH TENGAH UTARA ","NEGERI ",SLB,"Kec. Rambah","Kab. Rokan Hulu","Prov. Riau"
"1 "," 69788261 ","SLB KHALIFAH ACHMAD RAMBAH HILIR ","JALAN SERAMPANG  ","RAMBAH HILIR TENGAH ","SWASTA ",SLB,"Kec. Rambah Hilir","Kab. Rokan Hulu","Prov. Riau"
"1 "," 10498665 ","SLB NEGERI 1 BAGANSIAPIAPI ","JL. SUMBER SARI LINGKAR BATU 4 - BAGANSIAPIAPI ","BAGAN PUNAK PESISIR ","NEGERI ",SLB,"Kec. Bangko","Kab. Rokan Hilir","Prov. Riau"
"1 "," 10498666 ","SDLBS AL JAMHURIL FATA ","JL. H. IMAM MUNANDAR ","AMPAIAN ROTAN ","SWASTA ",SDLB,"Kec. Bagan Sinembah","Kab. Rokan Hilir","Prov. Riau"
"1 "," 10497382 ","SLB NEGERI SIAK ","JL. SULTAN SYARIF ALI ","KAMPUNG DALAM ","NEGERI ",SLB,"Kec. Siak","Kab. Siak","Prov. Riau"
"1 "," 69949024 ","SLB  SETIA BAKTI ","JL MAHONI KM 7   ","PERAWANG BARAT ","SWASTA ",SLB,"Kec. Tualang","Kab. Siak","Prov. Riau"
"2 "," 10497473 ","SLBS FAJAR AMANAH ","JL. WAKAF KM.6,5 PERAWANG ","PERAWANG ","SWASTA ",SLB,"Kec. Tualang","Kab. Siak","Prov. Riau"
"1 "," 10498647 ","SLBN KUANTAN SINGINGI ","JLN. RAYA JAKETELUK KUANTAN  ","JAKE ","NEGERI ",SLB,"Kec. Kuantan Tengah","Kab. Kuantan Singingi","Prov. Riau"
"1 "," 69989799 ","SLB TANJUNG SAMAK ","JL. AHMAD YANI ","TANJUNG SAMAK ","SWASTA ",SLB,"Kec. Rangsang","Kab. Kepulauan Meranti","Prov. Riau"
"1 "," 69900917 ","SLB SEKAR MERANTI ","JL. UTAMA  ","ANAK SETATAH ","SWASTA ",SLB,"Kec. Rangsang Barat","Kab. Kepulauan Meranti","Prov. Riau"
"1 "," 10495472 ","SLB NEGERI SELATPANJANG "," JL. BANGLAS ","BANGLAS ","NEGERI ",SLB,"Kec. Tebing Tinggi","Kab. Kepulauan Meranti","Prov. Riau"
"1 "," 69886467 ","SLB IKHLAS HATI IBU ","JL. DELON ","SUNGAI TOHOR ","SWASTA ",SLB,"Kec. Tebing Tinggi Timur","Kab. Kepulauan Meranti","Prov. Riau"
"1 "," 10495235 ","SLB AL-FAQIH ","JL.CIPTA KARYA ","TUAH KARYA ","SWASTA ",SLB,"Kec. Tampan","Kota Pekanbaru","Prov. Riau"
"2 "," 10495233 ","SLB PANAM MULIA ","JL. SUKA KARYA GG SAIYO RT/RW 03/04  ","TUAH KARYA ","SWASTA ",SLB,"Kec. Tampan","Kota Pekanbaru","Prov. Riau"
"3 "," 10495038 ","SLB PELITA HATI ","JL. MERPATI SAKTI GG. AIR TABIK NO.3 ","SIMPANGBARU ","SWASTA ",SLB,"Kec. Tampan","Kota Pekanbaru","Prov. Riau"
"1 "," 10495232 ","SLB SRI MUJINAB PEKANBARU ","JL. DR. SUTOMO ","CINTA RAJA ","SWASTA ",SLB,"Kec. Sail","Kota Pekanbaru","Prov. Riau"
"1 "," 69830430 ","SLB ANAK MANDIRI ","JL. KUTILANG NO.5 ","KAMPUNG MELAYU ","SWASTA ",SLB,"Kec. Sukajadi","Kota Pekanbaru","Prov. Riau"
"1 "," 69873593 ","SLB KINASIH ","RUMBAI ","SRI MERANTI ","SWASTA ",SLB,"Kec. Rumbai","Kota Pekanbaru","Prov. Riau"
"1 "," 69965284 ","SLB BAIKUNTHA ","JL. GUNUNG AGUNG PERUMAHAN MERPATI INDAH BLOCK NO. 9 - 10 ","TENGKERANG TIMUR ","SWASTA ",SLB,"Kec. Tenayan Raya","Kota Pekanbaru","Prov. Riau"
"2 "," 69990898 ","SLB MUTIARA HATI PERMATA ","JL. HANGTUAH UJUNG PERUM INDAH SARI III NO. 42 RT. 001 RW. 009 ","REJOSARI ","SWASTA ",SLB,"Kec. Tenayan Raya","Kota Pekanbaru","Prov. Riau"
"3 "," 10495037 ","SLB NEGERI PEMBINA ","JL. SEGAR NO.46 ","REJOSARI ","NEGERI ",SLB,"Kec. Tenayan Raya","Kota Pekanbaru","Prov. Riau"
"1 "," 69940053 ","SLB INSAN MUTIARA ","JL. CENDANA/ADI SUCIPTO ","SIDOMULYO TIMUR ","SWASTA ",SLB,"Kec. Marpoyan Damai","Kota Pekanbaru","Prov. Riau"
"2 "," 10495039 ","SLB KASIH IBU ","JL. KARTAMA GANG. BAITUL MUTTAQIN ","MAHARATU ","SWASTA ",SLB,"Kec. Marpoyan Damai","Kota Pekanbaru","Prov. Riau"
"3 "," 69964829 ","SLB PELITA NUSA ","JL. KAHARUDDIN NASUTION NO. 178 ","MAHARATU ","SWASTA ",SLB,"Kec. Marpoyan Damai","Kota Pekanbaru","Prov. Riau"
"1 "," 10404481 ","SLB CENDANA ","KOMPLEKS ENAU PT. CPI RUMBAI PEKANBARU  ","LEMBAH DAMAI ","SWASTA ",SLB,"Kec. Rumbai Pesisir","Kota Pekanbaru","Prov. Riau"
"2 "," 10404482 ","SLB MELATI ","JL. PRAMUKA ","LEMBAH SARI ","SWASTA ",SLB,"Kec. Rumbai Pesisir","Kota Pekanbaru","Prov. Riau"
"1 "," 10404463 ","SLB PENDOWO LIMO ","JL. KARYA NO.4 A ","TAMPAN ","SWASTA ",SLB,"Kec. Payung Sekaki","Kota Pekanbaru","Prov. Riau"
"1 "," 69761953 ","SLB ASSYFA UMAIMAH ","JL. CENDANA, GG. TARUNA, KEL. JAYA MUKTI ","JAYA MUKTI ","SWASTA ",SLB,"Kec. Dumai Timur","Kota Dumai","Prov. Riau"
"2 "," 10495007 ","SLB NEGERI KOTA DUMAI ","JL. TANJUNG JATI ","BULUH KASAP ","NEGERI ",SLB,"Kec. Dumai Timur","Kota Dumai","Prov. Riau"
"1 "," 10495366 ","SLB HARAPAN BUNDA DUMAI ","KOMPLEK BERINGIN PATRA BLOK D 18 ","BUKIT DATUK ","SWASTA ",SLB,"Kec. Dumai Selatan","Kota Dumai","Prov. Riau"
