No.,NPSN,"Nama Satuan Pendidikan",Alamat,Kelurahan,Status,"Bentuk Pendidikan",Kecamatan,Kabupaten/Kota,Provinsi
"1 "," 50220662 ","SLB NEGERI 2 LOMBOK BARAT ","JL. H.L ANGGRAT, B.A ","GERUNG UTARA ","NEGERI ",SLB,"Kec. Gerung","Kab. Lombok Barat","Prov. Nusa Tenggara Barat"
"1 "," 69793014 ","SLB PELANGI LOMBOKCARE ","BIDURI, DUSUN AIK ARE ","SANDIK ","SWASTA ",SLB,"Kec. Batu Layar","Kab. Lombok Barat","Prov. Nusa Tenggara Barat"
"1 "," 50205344 ","SLB NEGERI 1 LOMBOK BARAT ","JL. SONOKELING  DASAN GERIA LINGSAR LOMBOK BARAT ","DASAN GERIA ","NEGERI ",SLB,"Kec. Lingsar","Kab. Lombok Barat","Prov. Nusa Tenggara Barat"
"1 "," 69862396 ","SLB NEGERI 2 LOMBOK TENGAH ","JL.RAYA PENUJAK SELONG BELANAK TEMENDING PRAYA BARAT ","PENUJAK ","NEGERI ",SLB,"Kec. Praya Barat","Kab. Lombok Tengah","Prov. Nusa Tenggara Barat"
"1 "," 69786844 ","SLB NEGERI 3 LOMBOK TENGAH ","JL.RAYA PRAYA MUJUR KM 10 ","MUJUR ","NEGERI ",SLB,"Kec. Praya Timur","Kab. Lombok Tengah","Prov. Nusa Tenggara Barat"
"1 "," 50205014 ","SLB NEGERI 1 LOMBOK TENGAH ","JALAN BASUKI RAHMAT ","PRAYA ","NEGERI ",SLB,"Kec. Praya","Kab. Lombok Tengah","Prov. Nusa Tenggara Barat"
"1 "," 69876125 ","SLB AL HASANAIN ","BERAIM ","BERAIM ","SWASTA ",SLB,"Kec. Praya Tengah","Kab. Lombok Tengah","Prov. Nusa Tenggara Barat"
"1 "," 50220483 ","SLB NEGERI 2 LOMBOK TIMUR ","JALAN PARIWISATA ","KESIK ","NEGERI ",SLB,"Kec. Masbagik","Kab. Lombok Timur","Prov. Nusa Tenggara Barat"
"1 "," 69983887 ","SLB CINTA HARAPAN ","JALAN PARAWISATA JURUSAN - TOYA AIKMEL LOMBOK TIMUR ","DASAN LEKONG ","SWASTA ",SLB,"Kec. Sukamulia","Kab. Lombok Timur","Prov. Nusa Tenggara Barat"
"1 "," 69956626 ","SLB MUHAMMADIYAH KELAYU ","JLN. TGH. UMAR ","KELAYU UTARA ","SWASTA ",SLB,"Kec. Selong","Kab. Lombok Timur","Prov. Nusa Tenggara Barat"
"2 "," 69768283 ","SLB NEGERI 1 LOMBOK TIMUR ","JL. SULTAN AGUNG SAWING ","MAJIDI ","NEGERI ",SLB,"Kec. Selong","Kab. Lombok Timur","Prov. Nusa Tenggara Barat"
"3 "," 69768284 ","SLBS ASY-SYIFA SELONG ","JLN. RAYA SEKARTEJA, JURUSAN REMPUNG - KEL. SEKARTEJA ","SEKARTEJA ","SWASTA ",SLB,"Kec. Selong","Kab. Lombok Timur","Prov. Nusa Tenggara Barat"
"1 "," 69894472 ","SLB DHARMA HAFIZ ","JLN. SENANGGALIH ","SENANGGALIH ","SWASTA ",SLB,"Kec. Sambelia","Kab. Lombok Timur","Prov. Nusa Tenggara Barat"
"1 "," 50205226 ","SLB NEGERI 2 SUMBAWA ","JLN LINTAS ALAS - SUMBAWA ","LABUHAN ALAS ","NEGERI ",SLB,"Kec. Alas","Kab. Sumbawa","Prov. Nusa Tenggara Barat"
"1 "," 50219671 ","SLB NEGERI 1 SUMBAWA ","JL.DURIAN NO.29 ","UMA SIMA ","NEGERI ",SLB,"Kec. Sumbawa","Kab. Sumbawa","Prov. Nusa Tenggara Barat"
"1 "," 50220393 ","SLB ABCD HUU ","JLN. LINTAS JALA  ","RASABOU ","SWASTA ",SLB,"Kec. Hu`u","Kab. Dompu","Prov. Nusa Tenggara Barat"
"1 "," 69820130 ","SLB ADDAWAH MBAWI ","JLN. LINTAS MBAWI ","MBAWI ","SWASTA ",SLB,"Kec. Dompu","Kab. Dompu","Prov. Nusa Tenggara Barat"
"1 "," 50203728 ","SLB NEGERI DOMPU ","GINTE ","KANDAI DUA ","NEGERI ",SLB,"Kec. Woja","Kab. Dompu","Prov. Nusa Tenggara Barat"
"1 "," 50220395 ","SLB AZAHRA ","JALAN PADAT KARYA ","KEMPO ","SWASTA ",SLB,"Kec. Kempo","Kab. Dompu","Prov. Nusa Tenggara Barat"
"1 "," 69976741 ","SLB AR-RIDHO PEKAT ","JL. LINTAS CALABAI ","BERINGIN JAYA ","SWASTA ",SLB,"Kec. Pekat","Kab. Dompu","Prov. Nusa Tenggara Barat"
"1 "," 50220392 ","SLB AR-RIZKY PAJO ","JALAN TERUSAN JAMBU DUSUN TOA ","LUNE ","SWASTA ",SLB,"Kec. Pajo","Kab. Dompu","Prov. Nusa Tenggara Barat"
"1 "," 50220394 ","SLB AL-KHILAF ","DESA SORI UTU ","SORIUTU ","SWASTA ",SLB,"Kec. Manggelewa","Kab. Dompu","Prov. Nusa Tenggara Barat"
"1 "," 69895378 ","SLB BAITURRAHMAN ","JL. LINTAS BIMA - SUMBAWA ","SONDOSIA ","SWASTA ",SLB,"Kec. Bolo","Kab. Bima","Prov. Nusa Tenggara Barat"
"1 "," 50204076 ","SLB AL MUSLIMUN WOHA ","JALAN ANGGREK 1 NO. 03 RASABOU ","TENTE ","SWASTA ",SLB,"Kec. Woha","Kab. Bima","Prov. Nusa Tenggara Barat"
"1 "," 50204063 ","SLB NEGERI 1 BIMA ","JLN. LINTAS TENTE-SAMBORI BELO BIMA ","RUNGGU ","NEGERI ",SLB,"Kec. Belo","Kab. Bima","Prov. Nusa Tenggara Barat"
"1 "," 50220429 ","SLB AL-HIJRAH OI TUI WERA ","DESA OI TUI ","DESA OI TUI ","SWASTA ",SLB,"Kec. Wera","Kab. Bima","Prov. Nusa Tenggara Barat"
"1 "," 50221918 ","SLB WIHDATUL UMMAH DONGGO ","JL. PESANGGERAHAN NO. 17 ","OO ","SWASTA ",SLB,"Kec. Donggo","Kab. Bima","Prov. Nusa Tenggara Barat"
"1 "," 69907867 ","SLB AL HIKMAH ","JL. LINTAS DIWU MORO MANGGE LAMBU - SAPE ","MANGGE ","SWASTA ",SLB,"Kec. Lambu","Kab. Bima","Prov. Nusa Tenggara Barat"
"1 "," 69964607 ","SLB BUKIT BINTANG ","JL. LINTAS BIMA - WERA ","NIPA ","SWASTA ",SLB,"Kec. Ambalawi","Kab. Bima","Prov. Nusa Tenggara Barat"
"1 "," 69960591 ","SLB AL-KAUSAR ","JL. LINTAS DENA - TONDA ","TONDA ","SWASTA ",SLB,"Kec. Mada pangga","Kab. Bima","Prov. Nusa Tenggara Barat"
"2 "," 69983861 ","SLB ISLAM KASMAN ","RT 21 RW 01 DESA DENA ","DENA ","SWASTA ",SLB,"Kec. Mada pangga","Kab. Bima","Prov. Nusa Tenggara Barat"
"1 "," 69883217 ","SLB AL IHSAN ","JL. LINTAS TANGGA - WAWORADA ","RUPE ","SWASTA ",SLB,"Kec. Langgudu","Kab. Bima","Prov. Nusa Tenggara Barat"
"2 "," 50205699 ","SLB NURUL ILMI ","JALAN RAYA RUPE ","RUPE ","SWASTA ",SLB,"Kec. Langgudu","Kab. Bima","Prov. Nusa Tenggara Barat"
"1 "," 50204062 ","SLB MUTMAINNAH SOROMANDI ","JLN LINTAS BAJO-SOROMANDI ","BAJO ","SWASTA ",SLB,"Kec. Soromandi","Kab. Bima","Prov. Nusa Tenggara Barat"
"1 "," 50205579 ","SLBN 1 SUMBAWA BARAT ","LINGKUNGAN BANJAR ","BUGIS ","NEGERI ",SLB,"Kec. Taliwang","Kab. Sumbawa Barat","Prov. Nusa Tenggara Barat"
"1 "," 69975437 ","SLB NEGERI 1 LOMBOK UTARA ","JL. MEDANA - TANJUNG ","MEDANA ","NEGERI ",SLB,"Kec. Tanjung","Kab. Lombok Utara","Prov. Nusa Tenggara Barat"
"1 "," 50205346 ","SLBS NURUL BAYAN ","JALAN RAYA TANJUNG-BAYAN DUSUN TELAGA BAGEK ","ANYAR ","SWASTA ",SLB,"Kec. Bayan","Kab. Lombok Utara","Prov. Nusa Tenggara Barat"
"1 "," 50219891 ","SLB NEGERI 1 MATARAM ","JL. ADI SUCIPTO NO. 42 AMPENAN MATARAM ","PEJARAKAN KARYA ","NEGERI ",SLB,"Kec. Ampenan","Kota Mataram","Prov. Nusa Tenggara Barat"
"1 "," 50204397 ","SLB NEGERI 2 MATARAM ","JL. TRANSMIGRASI MAJELUK MATARAM ","PEJANGGIK ","NEGERI ",SLB,"Kec. Mataram","Kota Mataram","Prov. Nusa Tenggara Barat"
"1 "," 50204396 ","SLB A YPTN MATARAM ","JL. PETERNAKAN NO. 101 SELAGALAS - SANDUBAYA ","SELAGALAS ","SWASTA ",SLB,"Kec. Sandubaya","Kota Mataram","Prov. Nusa Tenggara Barat"
"1 "," 50219681 ","SLB DHARMA WANITA PANE KOTA BIMA ","JLN.SUKARNO - HATTA GG.PEMB.I PANE  KEL.PANE ","PANE ","SWASTA ",SLB,"Kec. RasanaE Barat","Kota Bima","Prov. Nusa Tenggara Barat"
"1 "," 69862375 ","TKLB SLB DHARMA WANITA ","JLN.SUKARNO HATTA ","PANE ","SWASTA ",TKLB,"Kec. RasanaE Barat","Kota Bima","Prov. Nusa Tenggara Barat"
"1 "," 69882392 ","SLB TAMAN FIRDAUS DODU KOTA BIMA ","JLN. LINTAS SAPE ","KODO ","SWASTA ",SLB,"Kec. RasanaE Timur","Kota Bima","Prov. Nusa Tenggara Barat"
"1 "," 50219682 ","SLB NEGERI 1 KOTA BIMA ","JL. DATUK DIBANTA NO.60 ","JATIWANGI ","NEGERI ",SLB,"Kec. Asakota","Kota Bima","Prov. Nusa Tenggara Barat"
"1 "," 50219679 ","SLB AL GIFARI RABADOMPU TIMUR KOTA BIMA ","JLN. IR. SOETAMI ","RABADOMPU TIMUR ","SWASTA ",SLB,"Kec. Raba","Kota Bima","Prov. Nusa Tenggara Barat"
"2 "," 50219688 ","SLB KARTIKASARI ","JL. ADIPURA ","RONTU ","SWASTA ",SLB,"Kec. Raba","Kota Bima","Prov. Nusa Tenggara Barat"
