No.,NPSN,"Nama Satuan Pendidikan",Alamat,Kelurahan,Status,"Bentuk Pendidikan",Kecamatan,Kabupaten/Kota,Provinsi
"1 "," 69947997 ","SLB PELITA BUNGA ","JL. RATU DIBALAU GG. KARYO TAMI NO.36 RT/RW 20/07 KELURAHAN JATIMULYO ","JATIMULYO ","SWASTA ",SLB,"Kec. Jati Agung","Kab. Lampung Selatan","Prov. Lampung"
"1 "," 10815063 ","SLB NEGERI SIDOMULYO ","SIDOMULYO ","BUDI	DAYA  ","NEGERI ",SLB,"Kec. Sidomulyo","Kab. Lampung Selatan","Prov. Lampung"
"1 "," 69949369 ","SLB IT HARAPAN BANGSA ","JL. MAJAPAHIT NO.01 DESA RAWA SELAPAN ","RAWA SELAPAN ","SWASTA ",SLB,"Kec. Candipuro","Kab. Lampung Selatan","Prov. Lampung"
"1 "," 69892774 ","SLB KURNIA PONCOWATI ","JALAN BUDAYA NO 265 ","PONCOWATI ","SWASTA ",SLB,"Kec. Terbanggi Besar","Kab. Lampung Tengah","Prov. Lampung"
"1 "," 69786996 ","SLB SRIKANDI BANDAR SURABAYA ","BANDAR SURABAYA ","SUBANG JAYA ","SWASTA ",SLB,"Kec. Bandar Surabaya","Kab. Lampung Tengah","Prov. Lampung"
"1 "," 10802101 ","SLB NEGERI KOTA GAJAH ","JL RAYA PUNGGUR KM 3 ","NAMBAH REJO ","NEGERI ",SLB,"Kec. Kota Gajah","Kab. Lampung Tengah","Prov. Lampung"
"1 "," 10802992 ","SLB N SUKAMAJU ","JL. DAHLIA NO. 72 RT 03 RW 02  ","SUKAMAJU ","NEGERI ",SLB,"Kec. Abung Semuli","Kab. Lampung Utara","Prov. Lampung"
"1 "," 10811029 ","SLB NEGERI TULANG BAWANG ","JL. RAYA LINTAS TIMUR SUMATERA ","TIUH TOHOU ","NEGERI ",SLB,"Kec. Menggala","Kab. Tulang Bawang","Prov. Lampung"
"1 "," 69944816 ","SLB NEGERI TANGGAMUS ","JL. JENDRAL SUDIRMAN KOMPLEK PEMDA TANGGAMUS ","KAMPUNG BARU ","NEGERI ",SLB,"Kec. Kota Agung Timur","Kab. Tanggamus","Prov. Lampung"
"1 "," 69772635 ","SLB NEGERI LAMPUNG TIMUR ","JL. LINTAS TIMUR ","TAMBAH DADI ","NEGERI ",SLB,"Kec. Purbolinggo","Kab. Lampung Timur","Prov. Lampung"
"1 "," 10814676 ","SLB N BARADATU ","TIUH BALAK ","TIUH BALAK ","NEGERI ",SLB,"Kec. Baradatu","Kab. Way Kanan","Prov. Lampung"
"1 "," 10805070 ","SLB NEGERI PRINGSEWU ","JL MAKAM KH. GHALIB PRINGSEWU ","PRINGSEWU BARAT ","NEGERI ",SLB,"Kec. Pringsewu","Kab. Pringsewu","Prov. Lampung"
"1 "," 69968419 ","SLB NEGERI MESUJI ","JL. POROS ","BUJUNG BURING ","NEGERI ",SLB,"Kec. Tanjung Raya","Kab. Mesuji","Prov. Lampung"
"1 "," 69968420 ","SLB NEGERI TULANG BAWANG BARAT ","JL.PIPA GAS TIYUH MULYA JAYA ","MULYA JAYA ","NEGERI ",SLB,"Kec. Tulang Bawang Tengah","Kab. Tulang Bawang Barat","Prov. Lampung"
"1 "," 69892327 ","SLB INSAN PRIMA BESTARI ","JL. P BAWEAN GG. TITILAS NO. 52 ","SUKARAME ","SWASTA ",SLB,"Kec. Sukarame","Kota Bandar Lampung","Prov. Lampung"
"2 "," 10807125 ","SLB PKK PROP LAMPUNG ","JL. H. ENDRO SURATMIN SUKARAME BANDAR LAMPUNG ","SUKARAME ","SWASTA ",SLB,"Kec. Sukarame","Kota Bandar Lampung","Prov. Lampung"
"1 "," 10807124 ","SLB DHARMA BHAKTI DHARMA PERTIWI ","JL. TEKU CIK DITIRO NO.1 ","BERINGIN RAYA ","SWASTA ",SLB,"Kec. Kemiling","Kota Bandar Lampung","Prov. Lampung"
"2 "," 69899293 ","SLBIT BAITUL JANNAH ","JL. PRAMUKA NO. 43  ","KEMILING RAYA ","SWASTA ",SLB,"Kec. Kemiling","Kota Bandar Lampung","Prov. Lampung"
"1 "," 10807122 ","SLB A BINA INSANI ","JL. PURNAWIRAWAN GG. CEMARA NO.17 A ","GEDONG MENENG ","SWASTA ",SLB,"Kec. Rajabasa","Kota Bandar Lampung","Prov. Lampung"
"1 "," 69987237 ","SLB PELITA KASIH ","JL. S.A. TIRTAYASA KOMPLEK PERUMAHAN WIJAYA III ","SUKABUMI INDAH ","SWASTA ",SLB,"Kec. Sukabumi","Kota Bandar Lampung","Prov. Lampung"
"1 "," 69987635 ","SLB YAMET SCHOOL CENDANA LAMPUNG ","JL. CENDANA NO.99C ","LABUHAN RATU ","SWASTA ",SLB,"Kec. Labuhan Ratu","Kota Bandar Lampung","Prov. Lampung"
"1 "," 10816216 ","SLB GROWING HOPE ","JL. PULAU BUTON PERUM PALMSVILLE RESIDENCE BLOK A1-A3 ","JAGABAYA 2 ","SWASTA ",SLB,"Kec. Way Halim","Kota Bandar Lampung","Prov. Lampung"
"1 "," 69888972 ","SLB HARAPAN IBU ","JL. CEMPEDAK NO. 40A 21 C YOSOMULYO RT. 23 RW. 08  ","YOSOMULYO ","SWASTA ",SLB,"Kec. Metro Pusat","Kota Metro","Prov. Lampung"
"2 "," 10807586 ","SLB WIYATA DHARMA ","JL. BANTENG 22 A HADIMULYO TIMUR ","METRO ","SWASTA ",SLB,"Kec. Metro Pusat","Kota Metro","Prov. Lampung"
"1 "," 69827640 ","SLB CATUR BINA BANGSA ","JL.RAMBUTAN MULYOJATI METRO BARAT KOTA METRO ","MULYOJATI ","SWASTA ",SLB,"Kec. Metro Barat","Kota Metro","Prov. Lampung"
"2 "," 10816023 ","SLB INSAN MADANI METRO ","JL. SOEKARNO HATTA RT.40 RW.10 ","GANJARAGUNG ","SWASTA ",SLB,"Kec. Metro Barat","Kota Metro","Prov. Lampung"
"1 "," 58570004 ","SLB N METRO  ","JL. GATOT KACA ","SUMBERSARI  ","NEGERI ",SLB,"Kec. Metro Selatan","Kota Metro","Prov. Lampung"
