No.,NPSN,"Nama Satuan Pendidikan",Alamat,Kelurahan,Status,"Bentuk Pendidikan",Kecamatan,Kabupaten/Kota,Provinsi
"1 "," 30106164 ","SLB NEGERI SAMBAS ","JL. SEJANGKUNG ","SEBAYAN ","NEGERI ",SLB,"Kec. Sambas","Kab. Sambas","Prov. Kalimantan Barat"
"1 "," 30101196 ","SLB NEGERI MEMPAWAH ","JL. RADEN KUSNO ","TERUSAN ","NEGERI ",SLB,"Kec. Mempawah Hilir","Kab. Mempawah","Prov. Kalimantan Barat"
"1 "," 30102058 ","SDLB N 25 PUSAT DAMAI ","JL. PUSKESMAS NO. 40 ","PUSAT DAMAI ","NEGERI ",SDLB,"Kec. Parindu","Kab. Sanggau","Prov. Kalimantan Barat"
"1 "," 30102059 ","SDLB N 65 SANGGAU ","JL. DR. SETIA BUDI NO. 58 SANGGAU ","BERINGIN ","NEGERI ",SDLB,"Kec. Kapuas","Kab. Sanggau","Prov. Kalimantan Barat"
"1 "," 30102600 ","SLB NEGERI 25 SINTANG ","JL. PK MUJAHIDIN ","TANJUNG PURI ","NEGERI ",SLB,"Kec. Sintang","Kab. Sintang","Prov. Kalimantan Barat"
"1 "," 30103115 ","SLB N 25 KEDAMIN HILIR ","JL. H. GEK ALIMANSYAH ","KEDAMIN HILIR ","NEGERI ",SLB,"Kec. Putussibau Selatan","Kab. Kapuas Hulu","Prov. Kalimantan Barat"
"1 "," 69986784 ","SLB BINA GENERASI TERPADU ","JLN. RAHADI USMAN ","SUNGAI BESAR ","SWASTA ",SLB,"Kec. Matan Hilir Selatan","Kab. Ketapang","Prov. Kalimantan Barat"
"1 "," 30112582 ","SLB N KETAPANG ","JL. PANEMBAHAN AIR MALA NO. 24 ","MULIA BARU  ","NEGERI ",SLB,"Kec. Delta Pawan","Kab. Ketapang","Prov. Kalimantan Barat"
"1 "," 69946210 ","SLB NEGERI ADIL KA TALINO ","RANGKANG RT.07 RW.04 KELURAHAN SEBALO KECAMATAN BENGKAYANG ","SEBALO ","NEGERI ",SLB,"Kec. Bengkayang","Kab. Bengkayang","Prov. Kalimantan Barat"
"1 "," 30107882 ","SLB NEGERI NGABANG ","JL. RAYA KM. 5 NGABANG ","AMBOYO INTI ","NEGERI ",SLB,"Kec. Ngabang","Kab. Landak","Prov. Kalimantan Barat"
"1 "," 30108189 ","SLBN SEKADAU ","JALAN MERDEKA TIMUR KM.08 ","BOKAK SEBUMBUN ","NEGERI ",SLB,"Kec. Sekadau Hilir","Kab. Sekadau","Prov. Kalimantan Barat"
"1 "," 30106420 ","SLB BHAKTI LUHUR ","SERUNDUNG PERMAI  ","TANJUNG NIAGA ","SWASTA ",SLB,"Kec. Nanga Pinoh","Kab. Melawi","Prov. Kalimantan Barat"
"1 "," 69840947 ","SLB SUKADANA ","JL. TENGKU ABDUL HAMID ","PANGKALAN BUTON ","NEGERI ",SLB,"Kec. Sukadana","Kab. Kayong Utara","Prov. Kalimantan Barat"
"1 "," 30109641 ","SLBN RASAU JAYA ","JL. PENDIDIKAN NO. 2 ","RASAU JAYA I ","NEGERI ",SLB,"Kec. Rasau Jaya","Kab. Kuburaya","Prov. Kalimantan Barat"
"1 "," 69953634 ","SLB AUTIS KAL-BAR ","JL. TANJUNG RAYA 2 GG. PENDIDIKAN NO. I.B ","BANJAR SERASAN ","SWASTA ",SLB,"Kec. Pontianak Timur","Kota Pontianak","Prov. Kalimantan Barat"
"1 "," 30109417 ","SLB C KINASIH ","JL. HUSEIN HAMZAH GG. BHINEKA NO. 27A ","PAL LIMA ","SWASTA ",SLB,"Kec. Pontianak Barat","Kota Pontianak","Prov. Kalimantan Barat"
"1 "," 30107024 ","SLB BINA ANAK BANGSA ","JL. PAK BENCENG NO. 12/B KOTA BARU PONTIANAK ","SUNGAI BANGKONG ","SWASTA ",SLB,"Kec. Pontianak Kota","Kota Pontianak","Prov. Kalimantan Barat"
"1 "," 30105076 ","SLB C DHARMA ASIH ","JL. AHMAD YANI ","BANGKA BELITUNG LAUT ","SWASTA ",SLB,"Kec. Pontianak Tenggara","Kota Pontianak","Prov. Kalimantan Barat"
"2 "," 30105062 ","SLB-B DHARMA ASIH ","JL. JENDRAL AHMAD YANI ","BANGKA BELITUNG DARAT ","SWASTA ",SLB,"Kec. Pontianak Tenggara","Kota Pontianak","Prov. Kalimantan Barat"
"1 "," 30108319 ","SLB B DHARMA MIRANTI ","JL. FIRDAUS H. RAIS NO. 67 ","PASIRAN ","SWASTA ",SLB,"Kec. Singkawang Barat","Kota Singkawang","Prov. Kalimantan Barat"
"2 "," 30105457 ","SLB C DHARMA MIRANTI ","JL. BUKIT BARISAN NO.1 ","PASIRAN ","SWASTA ",SLB,"Kec. Singkawang Barat","Kota Singkawang","Prov. Kalimantan Barat"
"1 "," 30108320 ","SLB N SINGKAWANG ","JL. SEMAI   ","BUKIT BATU ","NEGERI ",SLB,"Kec. Singkawang Tengah","Kota Singkawang","Prov. Kalimantan Barat"
