No.,NPSN,"Nama Satuan Pendidikan",Alamat,Kelurahan,Status,"Bentuk Pendidikan",Kecamatan,Kabupaten/Kota,Provinsi
"1 "," 20109970 ","SLBN 3 JAKARTA ","JL. KARET PASAR BARU BARAT 7 ","KARET TENGSIN ","NEGERI ",SLB,"Kec. Tanah Abang","Kota Jakarta Pusat","Prov. D.K.I. Jakarta"
"1 "," 69787797 ","SLB C1 SUMBER ASIH II ","JL. A.R.HAKIM NO.5B ","KEBON SIRIH ","SWASTA ",SLB,"Kec. Menteng","Kota Jakarta Pusat","Prov. D.K.I. Jakarta"
"1 "," 69872299 ","TKLB-B TAMAN LATIHAN SANTI RAMA ","JL. KRAMAT VII NO.13 RT.007 RW.001 ","KENARI ","SWASTA ",TKLB,"Kec. Senen","Kota Jakarta Pusat","Prov. D.K.I. Jakarta"
"1 "," 20112472 ","SLB C CEMPAKA PUTIH ","JL. PANGKALAN ASEM GG. I NO. 1 ","CEMPAKA PUTIH BARAT ","SWASTA ",SLB,"Kec. Cempaka Putih","Kota Jakarta Pusat","Prov. D.K.I. Jakarta"
"2 "," 69985969 ","SLB SARASWATI LEARNING CENTER ","JL. CEMPAKA PUTIH TENGAH XVII F NO.19 RT.001/008 ","CEMPAKA PUTIH TIMUR ","SWASTA ",SLB,"Kec. Cempaka Putih","Kota Jakarta Pusat","Prov. D.K.I. Jakarta"
"1 "," 20110023 ","SLB B-C MAKNA BAKTI ","JL. DAKOTA V NO. 22 ","KEBON KOSONG ","SWASTA ",SLB,"Kec. Kemayoran","Kota Jakarta Pusat","Prov. D.K.I. Jakarta"
"2 "," 20109554 ","SLB BC HARAPAN IBU ","JL. KEMAYORAN GEMPOL NO. 20 ","KEBON KOSONG ","SWASTA ",SLB,"Kec. Kemayoran","Kota Jakarta Pusat","Prov. D.K.I. Jakarta"
"3 "," 20110024 ","SLB C DIAN GRAHITA ","JL. ANGKASA I BLOK B. 16 KAV. 1 ","GUNUNG SAHARI SELATAN ","SWASTA ",SLB,"Kec. Kemayoran","Kota Jakarta Pusat","Prov. D.K.I. Jakarta"
"1 "," 20109549 ","SLB SEJAHTERA ","JL. AMPERA BESAR GG. E NO.41 ","PADEMANGAN BARAT ","SWASTA ",SLB,"Kec. Pademangan","Kota Jakarta Utara","Prov. D.K.I. Jakarta"
"1 "," 69757216 ","SLB B MAWAR PUTIH ","JL. SWASEMBADA BARAT XI NO. 64 B ","KEBON BAWANG ","SWASTA ",SLB,"Kec. Tanjung Priok","Kota Jakarta Utara","Prov. D.K.I. Jakarta"
"2 "," 20110820 ","SLB C MAWAR PUTIH ","JL. SWASEMBADA BARAT XI NO. 64 B ","KEBON BAWANG ","SWASTA ",SLB,"Kec. Tanjung Priok","Kota Jakarta Utara","Prov. D.K.I. Jakarta"
"3 "," 69988210 ","SLB NEGERI 9 JAKARTA ","JALAN SUNTER PERMAI RAYA NO.21  ","SUNTER AGUNG ","NEGERI ",SLB,"Kec. Tanjung Priok","Kota Jakarta Utara","Prov. D.K.I. Jakarta"
"1 "," 20110817 ","SLB BC NUGRAHA ","JL. MANGGA LONTAR UJUNG X NO. 1 ","TUGU UTARA ","SWASTA ",SLB,"Kec. Koja","Kota Jakarta Utara","Prov. D.K.I. Jakarta"
"2 "," 20110821 ","SLB NEGERI 4 JAKARTA ","JL. BENDUNGAN MELAYU NO. 80 ","TUGU SELATAN ","NEGERI ",SLB,"Kec. Koja","Kota Jakarta Utara","Prov. D.K.I. Jakarta"
"1 "," 20110818 ","SLB B o0o C CAHAYA JAYA ","JL. RAYA KELAPA HIBRIDA UTARA RB. 15/1 ","PEGANGSAAN DUA ","SWASTA ",SLB,"Kec. Kelapa Gading","Kota Jakarta Utara","Prov. D.K.I. Jakarta"
"1 "," 20110819 ","SLB DEWI SRI KARTIKA ","JL. KALI BARU BARAT IV RT.012/07 KALI BARU ","CILINCING ","SWASTA ",SLB,"Kec. Cilincing","Kota Jakarta Utara","Prov. D.K.I. Jakarta"
"2 "," 69980881 ","SLBN 8 ","JL. RUSUN MARUNDA ","MARUNDA ","NEGERI ",SLB,"Kec. Cilincing","Kota Jakarta Utara","Prov. D.K.I. Jakarta"
"1 "," 20108949 ","SLB B PANGUDI LUHUR ","JLN.PESANGGRAHAN NO.125 JAKARTA BARAT ","KEMBANGAN SELATAN ","SWASTA ",SLB,"Kec. Kembangan","Kota Jakarta Barat","Prov. D.K.I. Jakarta"
"2 "," 20109529 ","SLB NEGERI 6 JAKARTA ","JL. LAP JABEK KOMP. MEGA KEBON JERUK, KEMBANGAN, JAKARTA BARAT ","MERUYA SELATAN ","NEGERI ",SLB,"Kec. Kembangan","Kota Jakarta Barat","Prov. D.K.I. Jakarta"
"1 "," 69758113 ","SLB BC INSAN HARAPAN ","JL. HARUN RAYA UJUNG NO. 3 RT 08/07 KEL. SUKABUMI UTARA, KEC. KEBON JERUK ","SUKABUMI UTARA ","SWASTA ",SLB,"Kec. Kebon Jeruk","Kota Jakarta Barat","Prov. D.K.I. Jakarta"
"2 "," 69756904 ","SLB C AUTISMA TALITAKUM ","JL. PEJUANGAN NO.28 ","KEBON JERUK ","SWASTA ",SLB,"Kec. Kebon Jeruk","Kota Jakarta Barat","Prov. D.K.I. Jakarta"
"3 "," 20102047 ","SLB C DIAN KUSUMA ","GREEN GARDEN BLOK A3/14 ","KEDOYA UTARA ","SWASTA ",SLB,"Kec. Kebon Jeruk","Kota Jakarta Barat","Prov. D.K.I. Jakarta"
"4 "," 69980321 ","SLB MIRACLE SCHOOL SPECIAL NEEDS EDUCATION ","JL. PERJUANGAN NO. 6 E-H KEBON JERUK ","KEBON JERUK ","SWASTA ",SLB,"Kec. Kebon Jeruk","Kota Jakarta Barat","Prov. D.K.I. Jakarta"
"1 "," 20102032 ","SDLB C TRI ASIH II ","JL. BUDI SWADAYA RT: 002/04 ","KEBON JERUK ","SWASTA ",SDLB,"Kec. Kebon Jeruk","Kota Jakarta Barat","Prov. D.K.I. Jakarta"
"1 "," 20109328 ","SMPLB C TRI ASIH ","JL. BUDI SWADAYA (BELAKANG SDK SANG TIMUR) ","KEBON JERUK ","SWASTA ",SMPLB,"Kec. Kebon Jeruk","Kota Jakarta Barat","Prov. D.K.I. Jakarta"
"1 "," 69870684 ","SMKLB C TRI ASIH ","JL. KARMEL RAYA NO. 2 (BELAKANG SDK SANG TIMUR) ","KEBON JERUK ","SWASTA ",SMLB,"Kec. Kebon Jeruk","Kota Jakarta Barat","Prov. D.K.I. Jakarta"
"1 "," 69892372 ","SLB MATAHATI ","JL. OLAHRAGA 6 NO.4 KOMPLEK DEPDIKNAS KEMANGGISAN ","KEMANGGISAN ","SWASTA ",SLB,"Kec. Palmerah","Kota Jakarta Barat","Prov. D.K.I. Jakarta"
"2 "," 20112403 ","SLB NEGERI 5 JAKARTA ","JL. KS. TUBUN III DALAM RT. 002/002 NO. 37 ","SLIPI ","NEGERI ",SLB,"Kec. Palmerah","Kota Jakarta Barat","Prov. D.K.I. Jakarta"
"3 "," 69758126 ","SLB TALENTA ","JL. PERJUANGAN NO. 1B, KEBON JERUK, KEBON JERUK ","KEMANGGISAN ","SWASTA ",SLB,"Kec. Palmerah","Kota Jakarta Barat","Prov. D.K.I. Jakarta"
"1 "," 69756905 ","SLB C CAHYA ANAKKU ","JL. MANDALA UTARA VI NO. 2 TOMANG, JAKARTA BARAT. ","TOMANG ","SWASTA ",SLB,"Kec. Grogol Petamburan","Kota Jakarta Barat","Prov. D.K.I. Jakarta"
"2 "," 20110240 ","SLB DHARMA ASIH ","JL. PROF DR. LATUMENTEN NO. 1 ","JELAMBAR ","SWASTA ",SLB,"Kec. Grogol Petamburan","Kota Jakarta Barat","Prov. D.K.I. Jakarta"
"1 "," 20109552 ","SLB B-C KASIH BUNDA ","JL. DURI SELATAN V GG. L I NO. 15 ","DURI SELATAN ","SWASTA ",SLB,"Kec. Tambora","Kota Jakarta Barat","Prov. D.K.I. Jakarta"
"1 "," 20110151 ","SDLB C1 TRI ASIH I ","JL. Y. NO. 33 KAMPUNG DURI ","DURI SELATAN ","SWASTA ",SDLB,"Kec. Tambora","Kota Jakarta Barat","Prov. D.K.I. Jakarta"
"1 "," 20109532 ","SLB B-C ALFIANY ","JL. PEPAYA III NO. 4 ","CENGKARENG BARAT ","SWASTA ",SLB,"Kec. Cengkareng","Kota Jakarta Barat","Prov. D.K.I. Jakarta"
"2 "," 69971261 ","SLB CAHAYA BINTANG ","KOMPLEK TAMAN PALEM LESTARI BLOK A6 NO. 23 ","CENGKARENG BARAT ","SWASTA ",SLB,"Kec. Cengkareng","Kota Jakarta Barat","Prov. D.K.I. Jakarta"
"1 "," 20108948 ","SLB B KUNTUM MEKAR 01 ","JL. MUSHALLA NO. 21 ","TEGAL ALUR ","SWASTA ",SLB,"Kec. Kali Deres","Kota Jakarta Barat","Prov. D.K.I. Jakarta"
"2 "," 69900890 ","SLB BINA INSAN KAMIL ","JL. PETA BARAT BLOK B NO 1 RT 05 RW 010 ","KALIDERES ","SWASTA ",SLB,"Kec. Kali Deres","Kota Jakarta Barat","Prov. D.K.I. Jakarta"
"3 "," 20108947 ","SLB C KUNTUM MEKAR 02 ","JL. BIMA RT. 11 / 07 NO. 21 ","TEGAL ALUR ","SWASTA ",SLB,"Kec. Kali Deres","Kota Jakarta Barat","Prov. D.K.I. Jakarta"
"4 "," 69988475 ","SLB NEGERI 10  ","JL. KUMBANG RAYA NO.54 ","PEGADUNGAN ","NEGERI ",SLB,"Kec. Kali Deres","Kota Jakarta Barat","Prov. D.K.I. Jakarta"
"1 "," 20103087 ","SLB BC NUR ABADI ","JL. JAGAKARSA NO.17 ","JAGAKARSA ","SWASTA ",SLB,"Kec. Jagakarsa","Kota Jakarta Selatan","Prov. D.K.I. Jakarta"
"2 "," 20103070 ","SLB BCD NUSANTARA ","JL. SMP 211 RT. 007/07 NO. 12 ","SRENGSENG SAWAH ","SWASTA ",SLB,"Kec. Jagakarsa","Kota Jakarta Selatan","Prov. D.K.I. Jakarta"
"3 "," 20103089 ","SLB N 02 JAKARTA ","JL. LENTENG AGUNG RAYA NO. 1 ","LENTENG AGUNG ","NEGERI ",SLB,"Kec. Jagakarsa","Kota Jakarta Selatan","Prov. D.K.I. Jakarta"
"4 "," 69988408 ","SLB NEGERI 12 JAKARTA ","JL. MEDIS NOMOR 49 ","SRENGSENG SAWAH ","NEGERI ",SLB,"Kec. Jagakarsa","Kota Jakarta Selatan","Prov. D.K.I. Jakarta"
"1 "," 20103066 ","SLB C PRIBADI MANDIRI ","KAV. POLRI BLOK B-6, RAGUNAN, JAKARTA SELATAN. ","RAGUNAN ","SWASTA ",SLB,"Kec. Pasar Minggu","Kota Jakarta Selatan","Prov. D.K.I. Jakarta"
"2 "," 20103054 ","SLB/C WIMAR ASIH ","JL. PEJATEN BARAT NO. 24 ","RAGUNAN ","SWASTA ",SLB,"Kec. Pasar Minggu","Kota Jakarta Selatan","Prov. D.K.I. Jakarta"
"3 "," 69759296 ","SLBC DAYA PELITA KASIH ","JL. JATI PADANG UTARA NO. 8A-8B ","PASAR MINGGU ","SWASTA ",SLB,"Kec. Pasar Minggu","Kota Jakarta Selatan","Prov. D.K.I. Jakarta"
"4 "," 69762617 ","SLBS SARANA TERPADU ","JL TB SIMATUPANG KAV 38 RT 01/008 ","JATI PADANG ","SWASTA ",SLB,"Kec. Pasar Minggu","Kota Jakarta Selatan","Prov. D.K.I. Jakarta"
"1 "," 20103099 ","SLB A PEMBINA TINGKAT NASIONAL ","JL. PERTANIAN RAYA  LEBAK BULUS ","LEBAK BULUS ","NEGERI ",SLB,"Kec. Cilandak","Kota Jakarta Selatan","Prov. D.K.I. Jakarta"
"2 "," 20109425 ","SLB NEGERI 01 JAKARTA ","JL.PERTANIAN RAYA  ","LEBAK BULUS ","NEGERI ",SLB,"Kec. Cilandak","Kota Jakarta Selatan","Prov. D.K.I. Jakarta"
"3 "," 20103083 ","SLB SANA DHARMA ","JL. TAMAN WIJAYAKUSUMA III ","CILANDAK BARAT ","SWASTA ",SLB,"Kec. Cilandak","Kota Jakarta Selatan","Prov. D.K.I. Jakarta"
"4 "," 20102422 ","SLB TUNARUNGU SANTI RAMA ","JL. R.S. FATMAWATI ","CIPETE SELATAN ","SWASTA ",SLB,"Kec. Cilandak","Kota Jakarta Selatan","Prov. D.K.I. Jakarta"
"5 "," 20109466 ","SLB ULAKA PENCA ","JL. GUNUNG BALONG RT 007/04 ","LEBAK BULUS ","SWASTA ",SLB,"Kec. Cilandak","Kota Jakarta Selatan","Prov. D.K.I. Jakarta"
"1 "," 20103058 ","SLB B-C SUMBER BUDI ","JL. INPRES NO. 15, RT. 14, RW. 02 ","PETUKANGAN SELATAN ","SWASTA ",SLB,"Kec. Pesanggrahan","Kota Jakarta Selatan","Prov. D.K.I. Jakarta"
"2 "," 20103056 ","SLB BC NURASIH ","JL. RAWAPAPAN NO.23 RT 06 RW 06 ","BINTARO ","SWASTA ",SLB,"Kec. Pesanggrahan","Kota Jakarta Selatan","Prov. D.K.I. Jakarta"
"3 "," 20106227 ","SLB C BHAKTI LUHUR ","JLN.MERAK 2 BLOK N 3/39,BINTARO JAYA PESANGGRAHAN,JAKARTA SELATAN ","BINTARO JAYA ","SWASTA ",SLB,"Kec. Pesanggrahan","Kota Jakarta Selatan","Prov. D.K.I. Jakarta"
"4 "," 69766211 ","SLB KYRIAKON ","JL. KAMPUNG BARU VI NO. 8 ","ULUJAMI ","SWASTA ",SLB,"Kec. Pesanggrahan","Kota Jakarta Selatan","Prov. D.K.I. Jakarta"
"5 "," 20103057 ","SLBC AUTIS MANDIRI ","JL. JALAK XI NO. 9 ","BINTARO ","SWASTA ",SLB,"Kec. Pesanggrahan","Kota Jakarta Selatan","Prov. D.K.I. Jakarta"
"1 "," 20106233 ","SLB AMAL MULIA ","JL. MASJID AL MUBAROK 4 NO. 16 ","KEBAYORAN LAMA UTARA ","SWASTA ",SLB,"Kec. Kebayoran Lama","Kota Jakarta Selatan","Prov. D.K.I. Jakarta"
"2 "," 20106236 ","SLB BC FLORA INDONESIA ","JL. KEMANDORAN VI/1 ","GROGOL UTARA ","SWASTA ",SLB,"Kec. Kebayoran Lama","Kota Jakarta Selatan","Prov. D.K.I. Jakarta"
"1 "," 20109416 ","SLB D-D1 YPAC JAKARTA ","JL. HANG LEKIU III NO 19 ","GUNUNG ","SWASTA ",SLB,"Kec. Kebayoran Baru","Kota Jakarta Selatan","Prov. D.K.I. Jakarta"
"2 "," 20103040 ","SLB KHRISNA MURTI ","JL. MESJID DARUSSALAM NO. 6 ","GANDARIA UTARA ","SWASTA ",SLB,"Kec. Kebayoran Baru","Kota Jakarta Selatan","Prov. D.K.I. Jakarta"
"3 "," 20103041 ","SLBC1 AUTIS MUTIARA ","JL. NANGKA VI NO. 65 ","CIPETE UTARA ","SWASTA ",SLB,"Kec. Kebayoran Baru","Kota Jakarta Selatan","Prov. D.K.I. Jakarta"
"1 "," 20103053 ","SLB.C BUDI WALUYO ","JL. BANGKA RAYA GANG H. NAWAR NO. 5  ","PELA MAMPANG ","SWASTA ",SLB,"Kec. Mampang Prapatan","Kota Jakarta Selatan","Prov. D.K.I. Jakarta"
"1 "," 20103059 ","SLB SWAKARYA ","JL. MAMPANG PRAPATAN XVIII NO.45 ","DUREN TIGA ","SWASTA ",SLB,"Kec. Pancoran","Kota Jakarta Selatan","Prov. D.K.I. Jakarta"
"1 "," 20103063 ","SDLB ZINIA ","JL. TEBET BARAT I/1 ","TEBET BARAT ","SWASTA ",SLB,"Kec. Tebet","Kota Jakarta Selatan","Prov. D.K.I. Jakarta"
"2 "," 69988460 ","SLB NEGERI 11 JAKARTA ","JL. PROF. DR. SUPOMO, SH. RT. 005/001 ","MENTENG DALAM ","NEGERI ",SLB,"Kec. Tebet","Kota Jakarta Selatan","Prov. D.K.I. Jakarta"
"3 "," 20103061 ","SLBC WINASIS ","JL. TEBET UTARA III A NO. 2 ","TEBET TIMUR ","SWASTA ",SLB,"Kec. Tebet","Kota Jakarta Selatan","Prov. D.K.I. Jakarta"
"1 "," 20103060 ","SLB BC ARRAHMAN ","JL. DR. SAHARJO NO.100 ","MENTENG ATAS ","SWASTA ",SLB,"Kec. Setia Budi","Kota Jakarta Selatan","Prov. D.K.I. Jakarta"
"1 "," 69755838 ","SLB B BUDI DAYA ","JL. RAYA BOGOR KM 24,5 CIJANTUNG ","CIJANTUNG ","SWASTA ",SLB,"Kec. Pasar Rebo","Kota Jakarta Timur","Prov. D.K.I. Jakarta"
"2 "," 69755839 ","SLB C BUDI DAYA ","JL. RAYA BOGOR KM. 24,5 CIJANTUNG ","CIJANTUNG ","SWASTA ",SLB,"Kec. Pasar Rebo","Kota Jakarta Timur","Prov. D.K.I. Jakarta"
"1 "," 20109284 ","SLB B-C AS-SYAFIIYAH ","JL. AS SYAFIIYAH NO.37 RT 4/3 ","CILANGKAP ","SWASTA ",SLB,"Kec. Cipayung","Kota Jakarta Timur","Prov. D.K.I. Jakarta"
"2 "," 20110336 ","SLB BC ABDI PRATAMA ","JL. HANKAM 4 MUNJUL ","MUNJUL ","SWASTA ",SLB,"Kec. Cipayung","Kota Jakarta Timur","Prov. D.K.I. Jakarta"
"3 "," 20109479 ","SLB-E HANDAYANI ","JL. PPA BAMBU APUS RT.006/01 ","BAMBU APUS ","SWASTA ",SLB,"Kec. Cipayung","Kota Jakarta Timur","Prov. D.K.I. Jakarta"
"1 "," 20109195 ","SLB C ANGKASA ","JL. RAJAWALI RAYA HALIM PERDANAKUSUMA ","HALIM PERDANAKUSUMA ","SWASTA ",SLB,"Kec. Makasar","Kota Jakarta Timur","Prov. D.K.I. Jakarta"
"2 "," 20218361 ","SLB C SURYA WIYATA ","JL. HARAPAN INDAH XX NO. 5 RT. 008 / RW 012 ","CIPINANG MELAYU ","SWASTA ",SLB,"Kec. Makasar","Kota Jakarta Timur","Prov. D.K.I. Jakarta"
"3 "," 69994900 ","SLB MAITRI SCHOOL ","JL. MAPHILINDO KOMPLEK DWIKORA ","HALIM PERDANA KUSUMAH ","SWASTA ",SLB,"Kec. Makasar","Kota Jakarta Timur","Prov. D.K.I. Jakarta"
"1 "," 20104318 ","SDLB - B FROBEL MONTESSORI ","GG. MASJID AL - MABRUG, RT.011/03 CONDET BALEKAMBANG ","KRAMAT JATI ","SWASTA ",SLB,"Kec. Kramat Jati","Kota Jakarta Timur","Prov. D.K.I. Jakarta"
"2 "," 20109004 ","SDLB - C FROBEL MONTESSORI ","GG. MASJID AL - MABRUG, RT.011/03 ","BALE KAMBANG ","SWASTA ",SLB,"Kec. Kramat Jati","Kota Jakarta Timur","Prov. D.K.I. Jakarta"
"3 "," 69764532 ","SLB PELITA HATI ","JL. BUMI PRATAMA BLOK C NO. 16 ","DUKUH ","SWASTA ",SLB,"Kec. Kramat Jati","Kota Jakarta Timur","Prov. D.K.I. Jakarta"
"4 "," 20103433 ","SLB-G RAWINALA ","JL. INERBANG NO. 38 ","BATU AMPAR ","SWASTA ",SLB,"Kec. Kramat Jati","Kota Jakarta Timur","Prov. D.K.I. Jakarta"
"1 "," 20103405 ","SLB B C KARYA GUNA ","JL.CIPINANG JAYA V/BB NO.10 ","CIPINANG BESAR SELATAN ","SWASTA ",SLB,"Kec. Jatinegara","Kota Jakarta Timur","Prov. D.K.I. Jakarta"
"2 "," 20109280 ","SLB NEGERI 7 JAKARTA ","JL. GRIYA WARTAWAN RT.008/05 ","CIPINANG BESAR SELATAN ","NEGERI ",SLB,"Kec. Jatinegara","Kota Jakarta Timur","Prov. D.K.I. Jakarta"
"1 "," 69980380 ","SLB A o0o A+ (GANDA) ELSAFAN ","JL. BETUNG RAYA NO.49 ","PONDOK BAMBU ","SWASTA ",SLB,"Kec. Duren Sawit","Kota Jakarta Timur","Prov. D.K.I. Jakarta"
"2 "," 20112504 ","SLB B-C BINA KARYA INSANI ","JL. BALAI RAKYAT I / N0.8  ","PONDOK BAMBU ","SWASTA ",SLB,"Kec. Duren Sawit","Kota Jakarta Timur","Prov. D.K.I. Jakarta"
"3 "," 69872300 ","SLB B-C KARYA MANDIRI ","JL NUSA INDAH IV/2 PERUMNAS KLENDER ","MALAKA JAYA ","SWASTA ",SLB,"Kec. Duren Sawit","Kota Jakarta Timur","Prov. D.K.I. Jakarta"
"4 "," 20109285 ","SLB C ASIH BUDI II ","JL. PENDIDIKAN ","DUREN SAWIT ","SWASTA ",SLB,"Kec. Duren Sawit","Kota Jakarta Timur","Prov. D.K.I. Jakarta"
"5 "," 20103432 ","SLB KEMBAR KARYA PEMBANGUNAN I ","JL. BUNGA RAMPAI III/22 PERUMNAS KLENDER ","MALAKA JAYA ","SWASTA ",SLB,"Kec. Duren Sawit","Kota Jakarta Timur","Prov. D.K.I. Jakarta"
"6 "," 20112274 ","SLB KEMBAR KARYA PEMBANGUNAN II ","JL. BINA KARYA NO. 2A  KOMPLEK BINA MARGA I ","PONDOK KOPI ","SWASTA ",SLB,"Kec. Duren Sawit","Kota Jakarta Timur","Prov. D.K.I. Jakarta"
"1 "," 20178285 ","SLB KARYA MULYA ","JL. PALAD RAWA KUNING NO.10 A ","PULOGEBANG ","SWASTA ",SLB,"Kec. Cakung","Kota Jakarta Timur","Prov. D.K.I. Jakarta"
"2 "," 20103409 ","SLB KUSUMO ASIH ","JL PENGGILINGAN ","PENGGILINGAN ","SWASTA ",SLB,"Kec. Cakung","Kota Jakarta Timur","Prov. D.K.I. Jakarta"
"1 "," 20110268 ","SLB B o0o C DIAN KAHURIPAN ","PISANGAN LAMA III GG.A1 NO.4, PISANGAN TIMUR ","PISANGAN TIMUR ","SWASTA ",SLB,"Kec. Pulo Gadung","Kota Jakarta Timur","Prov. D.K.I. Jakarta"
"2 "," 20110274 ","SLB C SINAR KASIH ","JL. GADING RAYA I NO. 17 ","PISANGAN TIMUR ","SWASTA ",SLB,"Kec. Pulo Gadung","Kota Jakarta Timur","Prov. D.K.I. Jakarta"
"3 "," 20110334 ","SLB MINI BAKTI ","JL. KAYU JATI III NO. 7, RT. 01/05 ","RAWAMANGUN ","SWASTA ",SLB,"Kec. Pulo Gadung","Kota Jakarta Timur","Prov. D.K.I. Jakarta"
