No.,NPSN,"Nama Satuan Pendidikan",Alamat,Kelurahan,Status,"Bentuk Pendidikan",Kecamatan,Kabupaten/Kota,Provinsi
"1 "," 69765054 ","SLBS 1 SEKAR TERATAI ","PEDAK, RT 68, TRIMURTI, SRANDAKAN, BANTUL ","TRIMURTI ","SWASTA ",SLB,"Kec. Srandakan","Kab. Bantul","Prov. D.I. Yogyakarta"
"1 "," 20409874 ","SLB MARSUDI PUTRA III ","KETALO ","GADINGSARI ","SWASTA ",SLB,"Kec. Sanden","Kab. Bantul","Prov. D.I. Yogyakarta"
"1 "," 20400157 ","SLB MARDI MULYO ","JL. SAMAS KM 21 KAREN ","TIRTOMULYO ","SWASTA ",SLB,"Kec. Kretek","Kab. Bantul","Prov. D.I. Yogyakarta"
"1 "," 20400168 ","SLB WIDYA MULIA ","BARAN ","SRIHARDONO ","SWASTA ",SLB,"Kec. Pundong","Kab. Bantul","Prov. D.I. Yogyakarta"
"1 "," 20400155 ","SLB MARSUDI PUTRA 2 ","JL. KAUMAN ","WIJIREJO ","SWASTA ",SLB,"Kec. Pandak","Kab. Bantul","Prov. D.I. Yogyakarta"
"1 "," 20400156 ","SLB MARSUDI PUTRA 1 ","JL. DR. WAHIDIN SUDIRO HUSODO, MANDING ","TRIRENGGO ","SWASTA ",SLB,"Kec. Bantul","Kab. Bantul","Prov. D.I. Yogyakarta"
"1 "," 20400171 ","SLB PGRI TRIMULYO ","JL. IMOGIRI TIMUR KM 13 TRIMULYO  ","TRIMULYO ","SWASTA ",SLB,"Kec. Jetis","Kab. Bantul","Prov. D.I. Yogyakarta"
"1 "," 69765052 ","SLB SEKAR MELATI MUH. IMOGIRI ","NGRANCAH SRIHARJO IMOGIRI ","SRIHARJO ","SWASTA ",SLB,"Kec. Imogiri","Kab. Bantul","Prov. D.I. Yogyakarta"
"1 "," 58570160 ","SLB INSAN MANDIRI ","JL. PATUK DLINGO TEMUWUH DLINGO ","TEMUWUH ","SWASTA ",SLB,"Kec. Dlingo","Kab. Bantul","Prov. D.I. Yogyakarta"
"1 "," 20400170 ","SLB TUNAS BHAKTI ","GUNUNG KELIR RT 10, PLERET, PLERET, BANTUL, DIY ","PLERET ","SWASTA ",SLB,"Kec. Pleret","Kab. Bantul","Prov. D.I. Yogyakarta"
"1 "," 20409743 ","SLB DHARMA BHAKTI ","JL. WONOSARI KM. 14 ","SRIMARTANI ","SWASTA ",SLB,"Kec. Piyungan","Kab. Bantul","Prov. D.I. Yogyakarta"
"1 "," 20409722 ","SLB BINA ANGGITA ","KANOMAN TEGAL PASAR BANGUNTAPAN ","BANGUNTAPAN ","SWASTA ",SLB,"Kec. Banguntapan","Kab. Bantul","Prov. D.I. Yogyakarta"
"2 "," 69956379 ","SLB ISLAM QOTHRUNNADA ","GLAGAH LOR RT.02 TAMANAN BANGUNTAPAN, BANTUL, YOGYAKARTA ","TAMANAN ","SWASTA ",SLB,"Kec. Banguntapan","Kab. Bantul","Prov. D.I. Yogyakarta"
"3 "," 20409879 ","SLB PAMARDI PUTRA ","KARANGSARI WETAN ","BANGUNTAPAN ","SWASTA ",SLB,"Kec. Banguntapan","Kab. Bantul","Prov. D.I. Yogyakarta"
"1 "," 69765053 ","SLB MA ARIF BANTUL ","KOWEN TIMBULHARJO SEWON BANTUL ","TIMBULHARJO ","SWASTA ",SLB,"Kec. Sewon","Kab. Bantul","Prov. D.I. Yogyakarta"
"2 "," 20400163 ","SLB N 2 BANTUL ","JL. IMOGIRI BARAT KM 4.5 ","BANGUNHARJO ","NEGERI ",SLB,"Kec. Sewon","Kab. Bantul","Prov. D.I. Yogyakarta"
"1 "," 20400159 ","SLB BANGUN PUTRA KASIHAN ","NGENTAK ","BANGUNJIWO ","SWASTA ",SLB,"Kec. Kasihan","Kab. Bantul","Prov. D.I. Yogyakarta"
"2 "," 20400162 ","SLB NEGERI 1 BANTUL ","JL. WATES 147 KALIBAYEM ","NGESTIHARJO ","NEGERI ",SLB,"Kec. Kasihan","Kab. Bantul","Prov. D.I. Yogyakarta"
"1 "," 20400158 ","SLB BINA SIWI ","PAJANGAN BANTUL ","MANUKAN/ SENDANGSARI ","SWASTA ",SLB,"Kec. Pajangan","Kab. Bantul","Prov. D.I. Yogyakarta"
"1 "," 20400169 ","SLB TUNAS KASIH ","JL. WATES 14 ARGOSARI SEDAYU ","ARGOSARI ","SWASTA ",SLB,"Kec. Sedayu","Kab. Bantul","Prov. D.I. Yogyakarta"
"1 "," 20400855 ","SLB PGRI SUMBERSARI ","GESIKAN ","SUMBERSARI ","SWASTA ",SLB,"Kec. Moyudan","Kab. Sleman","Prov. D.I. Yogyakarta"
"1 "," 20400856 ","SLB PGRI MINGGIR ","JL. TEMPEL - KLANGON NYANGKRINGAN ","SENDANG REJO ","SWASTA ",SLB,"Kec. Minggir","Kab. Sleman","Prov. D.I. Yogyakarta"
"1 "," 20400896 ","SLB TUNAS SEJAHTERA ","GENDENGAN ","MARGODADI ","SWASTA ",SLB,"Kec. Seyegan","Kab. Sleman","Prov. D.I. Yogyakarta"
"1 "," 20400898 ","SLB WIYATA DHARMA IV ","JL. GODEAN KM 9,5, SENUKO RT 04 RW 02 ","SIDOAGUNG ","SWASTA ",SLB,"Kec. Godean","Kab. Sleman","Prov. D.I. Yogyakarta"
"1 "," 20409378 ","SLB TEGAR HARAPAN ","JL BARU SANGGRAHAN ","SENDANGADI ","SWASTA ",SLB,"Kec. Mlati","Kab. Sleman","Prov. D.I. Yogyakarta"
"1 "," 20400860 ","SLB B KARNNAMANOHARA ","JALAN PANDEAN 2 GANG WULUNG GANDOK ","CONDONG CATUR ","SWASTA ",SLB,"Kec. Depok","Kab. Sleman","Prov. D.I. Yogyakarta"
"2 "," 20400863 ","SLB C DHARMA RENA RING PUTRA I ","JALAN SENGON 178 RT 04 RW 02 ","CATUR TUNGGAL ","SWASTA ",SLB,"Kec. Depok","Kab. Sleman","Prov. D.I. Yogyakarta"
"3 "," 20400859 ","SLB FAJAR NUGRAHA ","JL.SETURAN II NO 59 ","CATUR TUNGGAL ","SWASTA ",SLB,"Kec. Depok","Kab. Sleman","Prov. D.I. Yogyakarta"
"4 "," 20400900 ","SLB FREDOFIOS ","JL. PERUMNAS 69, INDRAGIRI B11 ","CONDONG CATUR ","SWASTA ",SLB,"Kec. Depok","Kab. Sleman","Prov. D.I. Yogyakarta"
"5 "," 20400899 ","SLB YAPENAS ","JALAN SEPAKBOLA, NGLAREN ","CONDONGCATUR ","SWASTA ",SLB,"Kec. Depok","Kab. Sleman","Prov. D.I. Yogyakarta"
"1 "," 20400894 ","SLB BHAKTI KENCANA ","KRIKILAN ","TEGAL TIRTO ","SWASTA ",SLB,"Kec. Berbah","Kab. Sleman","Prov. D.I. Yogyakarta"
"2 "," 20409857 ","SLB BHAKTI KENCANA II ","JETAK SENDANGTIRTO BERBAH SLEMAN ","SENDANGTIRTO ","SWASTA ",SLB,"Kec. Berbah","Kab. Sleman","Prov. D.I. Yogyakarta"
"1 "," 20400878 ","SLB BHAKTI PERTIWI ","CANDIREJO ","BOKO HARJO ","SWASTA ",SLB,"Kec. Prambanan","Kab. Sleman","Prov. D.I. Yogyakarta"
"1 "," 20400901 ","SLB CITRA MULIA MANDIRI ","SAMBEREMBE ","SELO MARTANI ","SWASTA ",SLB,"Kec. Kalasan","Kab. Sleman","Prov. D.I. Yogyakarta"
"2 "," 20400861 ","SLB GANDA DAYA ANANDA ","KADIROJO RT.07/02 NO. 153 ","PURWOMARTANI ","SWASTA ",SLB,"Kec. Kalasan","Kab. Sleman","Prov. D.I. Yogyakarta"
"1 "," 20400858 ","SLB MARGANINGSIH ","JALAN RAYA TAJEM KM 3,5 KREGAN  ","WEDOMARTANI ","SWASTA ",SLB,"Kec. Ngemplak","Kab. Sleman","Prov. D.I. Yogyakarta"
"1 "," 20400902 ","SLB ABCD TUNAS KASIH DONOHARJO ","BALONG DONOHARJO NGAGLIK SLEMAN ","DONOHARJO ","SWASTA ",SLB,"Kec. Ngaglik","Kab. Sleman","Prov. D.I. Yogyakarta"
"2 "," 20400903 ","SLB AUTISMA DIAN AMANAH ","JL KAPTEN HARYADI RT 01 RW 23 NGENTAK, SINDUHARJO, NGAGLIK, SLEMAN, YOGYAKARTA ","SINDUHARJO ","SWASTA ",SLB,"Kec. Ngaglik","Kab. Sleman","Prov. D.I. Yogyakarta"
"3 "," 20400895 ","SLB BC WIYATA DHARMA 3 ","JLN PLOSOKUNING VII ","MINOMARTANI ","SWASTA ",SLB,"Kec. Ngaglik","Kab. Sleman","Prov. D.I. Yogyakarta"
"4 "," 20400862 ","SLB DAMAYANTI ","KARANGLO ","SUKOHARJO ","SWASTA ",SLB,"Kec. Ngaglik","Kab. Sleman","Prov. D.I. Yogyakarta"
"5 "," 69786846 ","SLB TARUNA AL QURAN ","JL. LEMPONGSARI GG. BAWAL RT.12, RW. 37. JONGKANG  ","SARIHARJO ","SWASTA ",SLB,"Kec. Ngaglik","Kab. Sleman","Prov. D.I. Yogyakarta"
"1 "," 20400877 ","SLB BAKTI SIWI ","JL. DR. RADJIMIN PANGUKAN ","TRIDADI ","SWASTA ",SLB,"Kec. Sleman","Kab. Sleman","Prov. D.I. Yogyakarta"
"1 "," 20400897 ","SLB B WIYATA DHARMA 1 SLEMAN ","JL MAGELANG KM 17 ","MARGOREJO ","SWASTA ",SLB,"Kec. Tempel","Kab. Sleman","Prov. D.I. Yogyakarta"
"2 "," 20400893 ","SLB C WIYATA DHARMA 2 SLEMAN ","DUSUN PLUMBON LOR ","MORO REJO ","SWASTA ",SLB,"Kec. Tempel","Kab. Sleman","Prov. D.I. Yogyakarta"
"1 "," 20409379 ","SLB TUNAS KASIH 2 TURI ","LUNGGUHREJO ","WONO KERTO ","SWASTA ",SLB,"Kec. Turi","Kab. Sleman","Prov. D.I. Yogyakarta"
"1 "," 20400892 ","SLB C1 PANTI ASIH PAKEM ","JL. KALIURANG KM.21  ","HARGO BINANGUN ","SWASTA ",SLB,"Kec. Pakem","Kab. Sleman","Prov. D.I. Yogyakarta"
"2 "," 20400857 ","SLB NEGERI 1 SLEMAN ","JL. KALIURANG KM 17,5 ","PAKEMBINANGUN ","NEGERI ",SLB,"Kec. Pakem","Kab. Sleman","Prov. D.I. Yogyakarta"
"1 "," 69765055 ","SLB MUHAMMADIYAH GAMPING ","WATES KM 5,5 BODEH  ","AMBARKETAWANG ","SWASTA ",SLB,"Kec. Gamping","Kab. Sleman","Prov. D.I. Yogyakarta"
"2 "," 20400854 ","SLB RELA BHAKTI I GAMPING ","COKROWIJAYAN ","BANYURADEN ","SWASTA ",SLB,"Kec. Gamping","Kab. Sleman","Prov. D.I. Yogyakarta"
"1 "," 69765051 ","SLBS SEKAR HANDAYANI ","JL. RAYA PANGGANG - WONOSARI KM 6.5 GIRI SEKAR PANGGANG GUNUNGKIDUL ","GIRISEKAR ","SWASTA ",SLB,"Kec. Panggang","Kab. Gunung Kidul","Prov. D.I. Yogyakarta"
"1 "," 69765050 ","SLB KRIDA MULIA II ","KARANGASEM, PALIYAN ","KARANGASEM ","SWASTA ",SLB,"Kec. Paliyan","Kab. Gunung Kidul","Prov. D.I. Yogyakarta"
"1 "," 69769623 ","SLBS PUSPA MELATI ","PUDAK, TEPUS, TEPUS. GUNUNGKIDUL ","TEPUS ","SWASTA ",SLB,"Kec. Tepus","Kab. Gunung Kidul","Prov. D.I. Yogyakarta"
"1 "," 20407439 ","SLB KRIDA MULIA 1 ","RONGKOP ","SEMUGIH ","SWASTA ",SLB,"Kec. Rongkop","Kab. Gunung Kidul","Prov. D.I. Yogyakarta"
"1 "," 69965492 ","SLB KRIDA MULIA III ","SEMANU UTARA ","SEMANU ","SWASTA ",SLB,"Kec. Semanu","Kab. Gunung Kidul","Prov. D.I. Yogyakarta"
"1 "," 69938438 ","SLB MUHAMMADIYAH PONJONG ","SUMBER KIDUL RT 04 RW 04 ","PONJONG ","SWASTA ",SLB,"Kec. Ponjong","Kab. Gunung Kidul","Prov. D.I. Yogyakarta"
"1 "," 20402048 ","SLB BAKTI PUTRA ","JL. MELIKAN ","NGAWIS ","SWASTA ",SLB,"Kec. Karangmojo","Kab. Gunung Kidul","Prov. D.I. Yogyakarta"
"1 "," 20402047 ","SLB NEGERI 1 GUNUNGKIDUL ","JL. PEMUDA ","BALEHARJO ","NEGERI ",SLB,"Kec. Wonosari","Kab. Gunung Kidul","Prov. D.I. Yogyakarta"
"1 "," 20402216 ","SLBN 2 GUNUNG KIDUL ","BOGOR ","PLAYEN ","NEGERI ",SLB,"Kec. Playen","Kab. Gunung Kidul","Prov. D.I. Yogyakarta"
"1 "," 20404237 ","SLB SUHARJO PUTRA ","SALARAN ","NGORO-ORO ","SWASTA ",SLB,"Kec. Patuk","Kab. Gunung Kidul","Prov. D.I. Yogyakarta"
"1 "," 20404238 ","SLB SUTA WIJAYA ","TANCEP ","TANCEP ","SWASTA ",SLB,"Kec. Ngawen","Kab. Gunung Kidul","Prov. D.I. Yogyakarta"
"1 "," 55720044 ","SLB DARMA PUTRA ","JL. KRACAAN ","SEMIN ","SWASTA ",SLB,"Kec. Semin","Kab. Gunung Kidul","Prov. D.I. Yogyakarta"
"1 "," 20407438 ","SLB PURWO RAHARJO ","GIRITIRTO ","GIRITIRTO ","SWASTA ",SLB,"Kec. Purwosari","Kab. Gunung Kidul","Prov. D.I. Yogyakarta"
"1 "," 20402609 ","SLB BHAKTI WIYATA ","JL. PAHLAWAN, GRAULAN, GIRIPENI, WATES ","GIRIPENI ","SWASTA ",SLB,"Kec. Wates","Kab. Kulon Progo","Prov. D.I. Yogyakarta"
"2 "," 20402776 ","SLB RELA BHAKTI 2 WATES ","NGRANDU ","TRIHARJO ","SWASTA ",SLB,"Kec. Wates","Kab. Kulon Progo","Prov. D.I. Yogyakarta"
"1 "," 20403630 ","SLB N 1 KULON PROGO ","TANJUNG ","GOTAKAN ","NEGERI ",SLB,"Kec. Panjatan","Kab. Kulon Progo","Prov. D.I. Yogyakarta"
"1 "," 20402610 ","SLB KASIH IBU ","BANTENGAN ","BROSOT ","SWASTA ",SLB,"Kec. Galur","Kab. Kulon Progo","Prov. D.I. Yogyakarta"
"1 "," 20402704 ","SLB PGRI SENTOLO ","KALIBONDOL ","SENTOLO ","SWASTA ",SLB,"Kec. Sentolo","Kab. Kulon Progo","Prov. D.I. Yogyakarta"
"1 "," 69769622 ","SLB ZAFA HARGOREJO ","PENGGUNG, RT 75/22 HARGOREJO, KOKAP, KULON PROGO DIY 55653 ","HARGOREJO ","SWASTA ",SLB,"Kec. Kokap","Kab. Kulon Progo","Prov. D.I. Yogyakarta"
"1 "," 20402630 ","SLB PGRI NANGGULAN KULON PROGO ","JATISARONO ","JATISARONO ","SWASTA ",SLB,"Kec. Nanggulan","Kab. Kulon Progo","Prov. D.I. Yogyakarta"
"1 "," 20402611 ","SLB MUHAMMADIYAH DEKSO ","JLN DEKSO SAMIGALUH KM 2 NO 56 ","BANJARARUM ","SWASTA ",SLB,"Kec. Kalibawang","Kab. Kulon Progo","Prov. D.I. Yogyakarta"
"1 "," 20403215 ","SLB/A YAKETUNIS ","JL. PARANGTRITIS 46 ","MANTRIJERON ","SWASTA ",SLB,"Kec. Mantrijeron","Kota Yogyakarta","Prov. D.I. Yogyakarta"
"1 "," 20403208 ","SLB/E PRAYUWANA ","JL. NGADISURYAN NO.2 ","PATEHAN ","SWASTA ",SLB,"Kec. Kraton","Kota Yogyakarta","Prov. D.I. Yogyakarta"
"1 "," 20403210 ","SLB N 1 YOGYAKARTA ","JALAN BINTARAN TENGAH NO.3 ","WIROGUNAN ","NEGERI ",SLB,"Kec. Mergangsan","Kota Yogyakarta","Prov. D.I. Yogyakarta"
"1 "," 20409882 ","SLB BINA ANAK SHOLEH ","JL. TRITUNGGAL 1A ","SOROSUTAN ","SWASTA ",SLB,"Kec. Umbulharjo","Kota Yogyakarta","Prov. D.I. Yogyakarta"
"2 "," 20403207 ","SLB DHARMA RENA RING PUTRA II ","JL. KUSUMANEGARA NO. 105B ","MUJA MUJU ","SWASTA ",SLB,"Kec. Umbulharjo","Kota Yogyakarta","Prov. D.I. Yogyakarta"
"3 "," 20403212 ","SLB N PEMBINA YOGYAKARTA (C.F.G) ","JALAN IMOGIRI 224 ","GIWANGAN ","NEGERI ",SLB,"Kec. Umbulharjo","Kota Yogyakarta","Prov. D.I. Yogyakarta"
"1 "," 20409883 ","SLB SAMARA BUNDA ","KEBUN RAYA GG. MELATI KARANGSARI ","REJOWINANGUN ","SWASTA ",SLB,"Kec. Kotagede","Kota Yogyakarta","Prov. D.I. Yogyakarta"
"1 "," 20403211 ","SLB NEGERI 2 YOGYAKARTA ","JALAN PANEMBAHAN SENOPATI 46 YOGYAKARTA ","PRAWIRODIRJAN ","NEGERI ",SLB,"Kec. Gondomanan","Kota Yogyakarta","Prov. D.I. Yogyakarta"
"1 "," 20403209 ","SLB HELEN KELLER INDONESIA ","JL. RE MARTADINATA NO. 88 A YOGYAKARTA ","PAKUNCEN ","SWASTA ",SLB,"Kec. Wirobrajan","Kota Yogyakarta","Prov. D.I. Yogyakarta"
