NPSN,"Fax ","Email ","Website "
30400498," ","sdn001kayanhulu@gmail.com "," "
30402600," "," "," "
30402611," "," "," "
30400512," "," "," "
69821203," "," "," "
30400479," "," "," "
30402829," ","smandalongnawang@gmail.com "," "
30400497," "," "," "
30400496," "," "," "
30400491," ","sdn003kayanhilir@yahoo.com "," "
30400465," "," "," "
30400478," "," "," "
69878019,"- ","SMAN14MalinauDataDian@gmail.com "," "
69822480," ","sma_13malinau@yahoo.com "," "
30400504," "," "," "
30400489," "," "," "
30400507," "," "," "
69872355," "," "," "
30400457," "," "," "
30400440," "," "," "
30400443," "," "," "
30400445," "," "," "
30400464," "," "," "
69967956," "," "," "
30405858," ","sman7malinau@gmail.com "," "
30406168," ","hidayatullah.malinau@gmail.com "," "
69888629," ","sdskatolik@yahoo.com "," "
30400500," ","sd001mkt@yahoo.co.id "," "
30400486," ","sdn_dua@yahoo.com "," "
30400493," ","sdn.003pelitakanaan@yahoo.com "," "
30400521," ","sdn004_malinaukota@yahoo.co.id "," "
30400527," ","sdn005malinaukota@gmail.com "," "
30400519," ","selfiesel69_nm@yahoo.com "," "
30402613," ","sdn007malkot@yahoo.com "," "
30400513," ","008sdnmalkot@gmail.com "," "
30400452," ","SDN009MK@Gmail.Com "," "
30400458,"(0553) 2025419 ","sdnolsepuluhmalkot@yahoo.com "," "
30400448,"0 ","sdn011malinaukota@yahoo.com "," "
69888630," ","smpkhenricuslevenmalinau@yahoo.co.id "," "
69949437," ","malinau@hidayatullah.id "," "
30400482,"0553 - 21175 ","smpnegerione_malkot@yahoo.co.id "," "
30400467," ","smpduamalkot@ymail.com "," "
30402823," ","smptigamalkot@yahoo.co.id "," "
69983133," "," "," "
30400462," ","smansa_adm@yahoo.co.id ","http://www.sman1malinau.sch.id "
30400461," ","smadarmabakti@yahoo.co.id ","http://www.smadarmabakti@yahoo.co.id "
30402827," ","malinau88@gmail.com "," "
30402830,"0553 2023079 ","smapembangunan@rocketmail.com "," "
30402834,"0553/2023221 ","smk2malinau@yahoo.co.id ","http://www.smkn2malinau.sch.id "
69893111," ","smtkpresswood_1005@yahoo.com "," "
30400509," ","sdn001mentarang@yahoo.com ","http://www.sdnegeri001mentarang.com "
30402614," "," "," "
30400524," ","sd_003mtg@yahoo.com "," "
30402606," ","sdn004mentarang@yahoo.com "," "
30400516,"- ","sd_005mtg@yahoo.com "," "
69883304," ","ssdn.006mentarang@yahoo.co.id "," "
30400473,"- ","smpn1_mtrg@yahoo.co.id "," "
69822473," ","SMPsatappaking@yahoo.co.id "," "
69824430,"0 ","smpn3mentarang@gmail.com "," "
30405634," ","sman4malinau@gmail.com ","http://www.sman4malinau.blogspot.com "
30400505," ","sdn001sungaiboh@gmail.com "," "
30400490," "," "," "
30402603," "," "," "
30405595," "," "," "
69949759," ","005boh@gmail.com "," "
69992281," "," "," "
30400481," "," "," "
30400469," "," "," "
30405857," ","sman6malinau2@gmail.com ","http://sman6.co.id "
30400494," ","sdn001malinauselatan@yahoo.com "," "
30400522," ","sdn002ms@yahoo.com "," "
30400453," "," "," "
69786914," "," "," "
30400459," "," "," "
69992670," "," "," "
30400468," ","afridaincuk@yahoo.co.id "," "
30405856," ","sma_5malinau@yahoo.com "," "
30400499," ","sesuasatu@gmail.com "," "
30400495," ","sdn002malinaubarat@yahoo.com "," "
30402602,"- ","sdn003malinaubarat@gmail.com "," "
30402604," ","sdn004mb@yahoo.com "," "
30402605," ","sd005kl@yahoo.co.id "," "
30402608,"- ","sdn006malinaubarat@yahoo.co.id "," "
30402612," ","sdn007mb@yahoo.com "," "
30402616," "," "," "
30400451," "," "," "
69878018," ","sdn010malbar@yahoo.com "," "
30402819,"202407 ","smp01malbar@gmail.com ","http://www.smp1-malbar.sch.id "
30402822,"- ","smpn2malbar@yahoo.co.id "," "
30405610," ","smpn3_malbar@yahoo.com "," "
69949430," ","smp4malbar@gmail.com "," "
69822474," ","sman8malinau@gmail.com ","http://sman8malinau.sch.id "
30402833," ","smk1_malinau@yahoo.com ","http://www.smknmalinau.com "
30400476," "," ","http://www.smk_sehati.com "
69786915," ","sditiumalinau@gmail.com "," "
30400502," ","SDN.001MU@yahoo.com "," "
30400488," ","Sdn002mu@gmail.com "," "
30400447,"0553-2022502 ","sdn.003malinauutara@yahoo.com "," "
30400523,"0 ","sdn.004mu@Yahoo.com "," "
30400529," ","sdn005mu@yahoo.com "," "
30402609," "," "," "
30400511," ","sdn007salap@yahoo.com "," "
30400515," ","musops@gmail.com "," "
30400454," ","sdnoogmu@yahoo.com "," "
30400460," ","sdn_010malinauutara@yahoo.com "," "
30400439," ","SDN011UTARA@yahoo.com "," "
30402619," "," "," "
30400442," ","sdn013malinauutara@yahoo.com "," "
60723285," "," "," "
30400474,"05532022318 ","smpnmaltra@yahoo.co.id "," "
30402821," ","smpn2maltra@yahoo.com ","http://smpn2putat.mysch.id/ "
30405854,"- ","smpnegeri3_maltra@hotmail.co.id "," "
69949215," "," "," "
69973244," ","smpitinsanutamamalinau2017@gmail.com "," "
30410072," "," "," "
30404556," ","smanutara@yahoo.co.id ","http://www.smaga-malinau.sch.id/ "
30407391," ","smk_sppmalinau@yahoo.co.id "," "
30400492," "," "," "
30400520," "," "," "
30400508," "," "," "
30400526," "," "," "
30402820," ","smpn1kayanselatan@gmail.com "," "
69992043," "," "," "
69967962," "," "," "
69822475," ","sma.9malinau@gmail.com ","http://sma.9malinau "
69872357," "," "," "
30402615," "," "," "
30400441," ","sdn005bahauhulu@yahoo.com "," "
69863276," "," "," "
30402610," ","sdn001bahauhulu@yahoo.com "," "
30400449," ","sdn004_bahauhulu@yahoo.co.id "," "
30400484," ","smpn1bahauhulu@yahoo.com "," "
69821202," ","smanegeri10malinau@yahoo.com "," "
30400503," ","Sdn001mentaranghulu@gmail.com "," "
30402601," "," "," "
30400506," "," "," "
30402617," ","SDN004MH@yahoo.com "," "
30405596," "," "," "
69786916," "," "," "
69883308," "," "," "
69947939," "," "," "
30405698," - ","smp_1mth@yahoo.com "," "
69830133," ","sma_11malinau@yahoo.com "," "
30400501," ","SDN-malsel@yahoo.com "," "
30400487,"123456 ","sd_002ms@gmail.com "," "
30400528," "," "," "
30400510," "," "," "
30400514," ","sdn005masehi@yahoo.com "," "
30402618," ","SDN.006MASEHI@YAHOO.COM "," "
69878024," ","sdn007mshil@yahoo.com "," "
30400483," ","SMPN1MALINAUSELATAN@yahoo.com "," "
30402825," ","smpn4malinauselatan@yahoo.co.id "," "
69949217," ","smpn4masehi@yahoo.com "," "
30405855," ","smp3MSH@yahoo.id "," "
69949854," ","sman15malinau@yahoo.com "," "
30400518," "," "," "
30400438,"- ","sdn002masehu@gmail.com "," "
69888651," ","sdn004msh@yahoo.com "," "
69878023," "," "," "
69949214," "," "," "
69949541," ","sdn007mshu@yahoo.com "," "
30405117," ","smpn1mshul@yahoo.com "," "
69878022," ","smpn2masehu@gmail.com "," "
69947936,"0 ","sma16mln@gmail.com "," "
30400450," ","sdn001sungaitubu@gmail.com "," "
30400455," ","sdn002sungaitubu@gmail.com "," "
69878021," ","muh.hasanuddin.mh@gmail.com "," "
69878020," ","sdn04sungaitubu@yahoo.co.id "," "
69947937," "," "," "
69830389," ","smpn1sungaitubu@yahoo.com "," "
69821201," ","sman12malinau@yahoo.com "," "
69900132," ","muhidris1112@gmail.com "," "
69907231," "," "," "
30402406," ","sdn001tg.palas@gmail.com "," "
30402419,"0 ","sdn002tanjungpalas@gmail.com "," "
30402431,"0 ","sdn003tanjungpalasantutan@gmail.com "," "
30402443,"0 ","sd004@yahoo.co.id "," "
30402457,"0 ","sdn005tanjungpalas@gmail.com "," "
30402469," ","apolloc75@gmail.com "," "
30402479,"0 "," "," "
30402489,"0 ","lajung@yahoo.com "," "
30402498,"0 ","sdn009tanjungpalas@yahoo.co.id ","http://sdn009tanjungpalas.blogspot.com "
30402506,"0 ","akunkomariah@gmail.com "," "
30402511,"0 "," "," "
30402514,"0 ","sdn012tjp@yahoo.com "," "
30402517," ","sdn013@yahoo.com "," "
30402519,"0 ","sumari@gmail.com "," "
30402521,"0 "," "," "
30402523," ","abdulhafid1515@yahoo.com "," "
30402525," ","sdn017@yahooo.com "," "
30405656," ","sdn018tanjungpalas@gmail.com "," "
69967258," ","sdn019tanjungpalas@gmail.com "," "
69813999," ","smpn1sataptanjungpalas@gmail.com "," "
69877313," "," "," "
30400391," ","sltpn1tgpalas@yahoo.co.id "," "
30402562," ","putro_pandowo@yahoo.com "," "
30402569,"0552 2025221 ","smp3tgp_bulungan@yahoo.co.id "," "
30407323," ","sempattapa@gmail.com "," "
69983115," "," "," "
30402593,"05522023186 ","sman1tgpalas@gmail.com ","http://www.smansatapa.sch.id "
30407802," ","smktanjungpalas@yahoo.co.id "," "
69995650," "," "," "
30402402," ","001sekatak@gmail.com "," "
30402415," "," "," "
30402428," ","sdnegeri003.sekatak@gmail.com "," "
30402440," ","denymareta@yahoo.com "," "
30402453," ","sdn005.sekatak@gmail.com "," "
30402466," ","sekatak.pungit@gmail.com "," "
30402476,"0 ","sdn007sekatak@gmail.com "," "
30402486," ","sdn008sekatak@yahoo.com "," "
30402496,"0 ","sdn_009sktk@yahoo.com "," "
30405594," ","sdn010sekatak@yahoo.co.id "," "
30406474,"0 ","rofinus89@yahoo.co.id "," "
30407329,"0 ","Alisis1to@gmail.com "," "
69877311," ","sawitmantalapan@gmail.com "," "
30402549,"0 ","smpn01_sktk@yahoo.co.id "," "
30402561,"0 ","smpn_sekatak@yahoo.co.id "," "
30405531," ","rum_mario@yahoo.com "," "
30405703,"- ","smansatak@gmail.com ","http://www.sman1sekatak.sch.id "
30402399,"0 ","sdn001bunyu@yahoo.co.id "," "
30402412,"0 ","sdn2bunyu@gmail.com "," "
30402425,"0551-2055209 ","sdn3bunyu@gmail.com "," "
30402437,"0 ","sdn004bunyu@gmail.com "," "
30402450,"(0551) 20553 ","sd.negeri.5.bunyu@gmail.com ","http://WWW.SDN005BUNYU@gmail.com "
30402463," ","sd.negeri.6.bunyu@gmail.com "," "
60723270," "," "," "
60723271," "," "," "
30400429,"0551-2055382 ","smpn1_bny09@yahoo.com ","http://www.smpn1bunyu.com "
30402560," ","smp.negeri.2.bunyu@gmail.com ","http://smpn2bunyu.wordpress.com "
30402568,"0 ","smpn3bunyu@gmail.com "," "
30410053," "," "," "
30402591,"2055339 ","sman1bunyu86@gmail.com ","http://www.sman1bunyu.sch.id "
69911762," ","smkn1bunyu@gmail.com "," "
30402584," "," "," "
30402408,"0 ","sdn.001tg.palasbarat@gmail.com "," "
30402421," ","sdn00298@yahoo.com "," "
30402433,"0 ","martinus@yahoo.com "," "
30402446,"- ","mardjuniskandar163@gmail.com "," "
30402459," ","Asmawisamsul@gmail.com "," "
30402471," "," "," "
30402481,"0 ","sdn007tpbarat@yahoo.com "," "
30402491,"0 ","sdn008tpb@yahoo.com "," "
30402500,"0 ","amries_cell@yahoo.co.id ","http://waslahbulungan.blogspot.com/2013/02/struktur-organisasi-dinas-pendidikan.html "
69849371," ","SMP@yahoo.co.id "," "
30402554," ","iqe_fitria@yahoo.co.id "," "
30402563," ","smpn2tpb21@yahoo.com "," "
30405642," ","smpn3tepebe@yahoo.co.id "," "
30402590," ","sman1tpb@yahoo.com "," "
30402411,"0 ","jalau.udau@gmail.com "," "
30402424," "," "," "
30402436," ","opik_8703@yahoo.co.id "," "
30402462," ","sdn005ardimulyo@gmail.com "," "
30402474,"0 ","muharno06@yahoo.co.id "," "
30402484," ","sdn07tpu@gmail.com "," "
30402494," ","sdn008tpu@gmail.com "," "
30402503,"o ","Www.sdn009tpu@gmail.com "," "
30402509," ","sdn010tpu@yahoo.co.id "," "
30402513,"0 ","sdn011tpu15@gmail.com ","http://sdn011tpu.wordpress.com "
30402516," ","sdn012tpu01@gmail.com "," "
30402449,"0 ","sd004tpu@gmail.com "," "
60723272," "," "," "
69812060," ","SMPN4TPU@YAHOO.COM "," "
30402558," ","smpnegeri1_utara@yahoo.com ","http://smpn1tanjungpalasutara.blogspot.com "
30402565,"0 ","smpn2tanjungpalasutara@gmail.com "," "
30405638," ","smpn.3tpu@yahoo.co.id "," "
69949838," ","smpunggulan.tpu@gmail.com "," "
30410056," "," "," "
30405705," ","kantor.sman1@gmail.com ","http://www.sman1-tapara.blogspot.com "
30407316,"0 ","smkn1tapura@gmail.com ","http://www.smkn1tapura.sch.id "
30402410,"0 ","jetsinduri@yahoo.com "," "
30402423,"- "," "," "
30402435,"0 ","gunawan@gmail.com "," "
30402448,"0 ","rahmansyam90@gmail.com "," "
30402461,"0 ","sdn5tpt@gmail.com "," "
30402473,"0 "," "," "
30402483,"0 ","sdn007tpt@yahoo.co.id "," "
30402493,"0 ","sdn008tpt@yahoo.com ","http://infopendataan.dikdas.kemendikbud.go.id "
30402502," ","sdn009tptimur@gmail.com "," "
30402508," ","sdn010kpbaru@yahoo.com "," "
30405657,"0 ","muhammadakbar@yahoo.com "," "
69786559,"0 ","sdn012tgpt@yahoo.com "," "
69799869," ","sdn013tgtimur@gmail.com "," "
69980343," ","sa684609@gmail.com "," "
30400388,"0 "," "," "
30402564,"0 ","smpn2timur87@gmail.com ","http://www.smpn2timurbulungan.com "
30402580,"0 ","smpntigatpt@yahoo.co.id ","http://maps.app.goo.gl/zkWpxCW4kY6TB6wr8 "
30405085,"0 ","smpn4tanjungpalastimur@gmail.com ","http://www.example.com "
30405640,"0 ","smpn_5tanjungpalastimur@yahoo.com "," "
30405658,"0 ","SMPN6@YAHOO.COM "," "
30405659,"0 ","Smpn7timurbulungan@gmail.com "," "
30405599," ","sman1tanahkuning@gmail.com ","http://www.smansatapati.sch.id "
69903627," ","informasi@tridayapratama.sch.id ","http://tridayapratama.sch.id/ "
30406176,"0552-22079 ","sdalmubarak@gmail.com "," "
69900131,"05522026800 ","tunarmilestari25@gmail.com "," "
69877310," ","paramita.buddhist.school@gmail.com "," "
69849420,"0552 21906 ","sdit_cendekiataka@gmail.com "," "
69888429," ","sd.muhammadiyah.tjsr@gmail.com "," "
30402407,"- ","sdnsatu_tanjungselor@yahoo.com "," "
30402420,"0 ","sdn002tanjungselor@yahoo.com "," "
30402432,"- ","sdn003_tgselor@yahoo.com "," "
30402445,"0 ","nurlaila_lhala@yahoo.com "," "
30402458," ","sdn005tanjungselor@gmail.com "," "
30402470," ","sdnegeri006tg.selor@gmail.com ","http://www.sdn006@com "
30402480,"0 ","sdn007tanjungselor@gmail.com "," "
30402490," "," "," "
30402499," ","sdn009tanjungselor@yahoo.com "," "
30402507,"0 ","sdn010tjselor@yahoo.co.id ","http://sdn010tanjungselor.blogspot.com "
30402512,"- ","sipayung7@gmail.com "," "
30402515," ","sdn012tgs_kabbulungan@yahoo.com "," "
30402518," ","sdnegeri.013@yahoo.com "," "
30402520,"0 ","sdn014tgslr@google.com "," "
30402522," ","sdn015tanjungselor@yahoo.com "," "
30402524,"0 ","sdn016@yahoo.com "," "
30402526," "," "," "
30402527," ","sdn019tgselor19@gmail.com "," "
30402528," ","sdn020tanjungselor@yahoo.co.id "," "
30402529," ","Cintaq.Q1@Gmail.com "," "
30402530," ","sdn022tanjungselor@yahoo.com "," "
30402531," "," "," "
30402532," ","sdn024tanjungselor@yahoo.com "," "
30402533,"0 ","sdn25tgselor@gmail.com "," "
30402534," "," "," "
30402535,"0 ","sdnegeri027_tgselor@yahoo.com "," "
30402536,"0 "," "," "
30402537," "," "," "
69799870," ","sdn031tgselor@gmail.com "," "
69991627," "," "," "
69953605," ","sdquashkarna@gmail.com "," "
69752187," "," "," "
30402540," ","smpagapetanjungselor@gmail.com "," "
30402541,"(0552) 23155 ","smp_alkhairaat_tgs@yahoo.co.id "," "
69959227," ","smpidrisiyyah@gmail.com "," "
69959553," "," "," "
69906853," ","yardhanasmpip@gmail.com "," "
69786557," ","smpn8baratan@gmail.com "," "
30402559,"055221184 ","smp1okee@gmail.com "," "
30402566,"055221455 ","smpnegeri2tanjungselor@gmail.com "," "
30402570," ","smpn.3tjs@gmail.com "," "
30402571," ","smpnegeri5tjs@gmail.com "," "
30402572,"0 ","smpn6_tanjungselor@yahoo.com "," "
30402573,"0 ","smp.7tase@Gmil.com "," "
69984098," "," "," "
69786558," ","smpsatap02@yahoo.com "," "
30407737," ","smpalqalambulungan@gmail.com ","http://www.smpalqalambulungan.blogspot.com "
69977327," "," "," "
30410054," "," "," "
30410055," "," "," "
69900137," ","sma.alanshar@gmail.com "," "
69952231," ","smaintegral.htgs@gmail.com "," "
69799872," ","sman2tanjungselor@gmail.com ","http://www.smandatase.sch.id "
30402594,"21129 ","sman1.tgselor@gmail.com ","http://sman1tanjungselor.sch.id "
30402586," ","sma_agapetanjungselor@yahoo.co.id ","http://agape.pekku.com/ "
30402588," ","bulungan_sma@yahoo.com ","http://www.smabul "
30402596,"055221126 ","smkn1selor@yahoo.com ","http://smkn1selor.sch.id "
30402597,"0552-21761 ","smkn2tgs@yahoo.com ","http://www.smkn2tjs.sch.id "
30405697,"05522026792 ","smkn3_tgs@yahoo.co.id ","http://smkn3tgsbulungan.wordpress.co.id "
30315153," "," "," "
69977331," "," "," "
30315152," "," "," "
69983614," "," "," "
30402409,"0 ","sdn001tpt@yahoo.com "," "
30402422,"0 ","sdnsalangketo@yahoo.com "," "
30402434,"0 ","bensla69@gmail.com "," "
30402447," ","sd04tpteng@gmail.com "," "
30402460," ","sdn005tanjungbukasp.2@gmail.com "," "
30402472,"0 ","sdn.006tanjungpalastengah.tias@gmail.com "," "
30402482," "," "," "
30402492," ","sdn_008.tpt@yahoo.com "," "
30402501," ","sdn009tpteng@gmail.com "," "
30405083,"0 ","syahroniahmad202@yahoo.co "," "
30405084," ","sdn011tg.palastengah@gmail.com "," "
69799868," "," "," "
69877312," ","sdn013.tpt@gmail.com "," "
69967259," ","sdn014tanjungbuka@gmail.com "," "
69982489," ","sdn015tanjungpalastengah@gmail.com "," "
69949221," ","smpyayasansb@yahoo.com "," "
30402556," ","smpn1.salimbatu@gmail.com "," "
30405639,"0 ","muhpupin@yahoo.co.id "," "
30405637," ","smpn3tengah@gmail.com "," "
30406174,"0 ","smpn_4tengah@yahoo.co.id ","http://nurhamid.com. "
69812062," ","smpn5.tias.tanjungpalastengah@gmail.com "," "
30407807," ","smasalimbatu@gmail.com "," "
69929128," ","stemikymb@gmail.comn "," "
30402401,"0 ","sdn001ph@yahoo.com "," "
30402414,"0 "," "," "
30402427,"0 ","sdn003ph@yahoo.com "," "
30402439," "," "," "
30402452," "," "," "
30402465,"0 ","daneluwan@yahoo.com "," "
69907536," ","frendi_one92@yahoo.com "," "
30402548," ","smpn1_pesohilir@yahoo.co.id "," "
30402576,"0 ","smpn2lgtungu@yahoo.com "," "
30405530," ","smpntigapeso@yahoo.co.id "," "
30402400,"0 ","sdn001@yahoo.com "," "
30402413,"0 ","jhonisernjau@gmail.com "," "
30402426,"0 ","junius60@yahoo.co.id "," "
30402438,"0 ","sdn004peso@gmail.com "," "
30402451," ","yusufbagie@yahoo.com "," "
30402464,"0 ","Sdn006longbia@yahoo.com "," "
30402475," ","laan@yahoo.com "," "
30402485,"0 ","sdn008peso@yahoo.com "," "
30402495," ","SDN_009Peso@yahoo.com "," "
30402504,"0 ","sdn010peso@gmail.com "," "
69786556,"0 "," "," "
69877314," "," "," "
69823276," ","smpn02satappeso@gmail.com "," "
69877315," ","smpn03satappeso@gmail.com "," "
30402547," "," "," "
30402574,"0 ","smpn2peso@yahoo.co.id "," "
30405660,"0 ","smpn3peso@yahoo.com "," "
30405643," ","smpn4peso@yahoo.com "," "
30402595," ","sman1peso@gmail.com "," "
69831555," ","smtklongbia@gmail.com ","http://www.example.com "
69984367," "," "," "
30402403," ","sdcool600@gmail.com "," "
30402416," ","sdnduasesayap@yahoo.co.id "," "
30402441," "," "," "
30402505," ","sdn010_sebawang@yahoo.com "," "
30402497,"0 ","sdn013tanatidung@gmail.com "," "
30402477,"Belum ada ","sdn007sesayap@gmail.com "," "
69854305," "," "," "
69984369," "," "," "
30402550,"0553-2022422 ","smpn1sesayap@yahoo.co.id "," "
69963511," "," "," "
30402592," ","smanegerisesayap@ymail.com ","http://www.smaterpaduunggulan1tanatidung.sch.id "
30402455," ","sdn005sesayaphilir@gmail.com ","http://www.30402455.siap-sekolah.com "
30402468," ","sdnenamsesayaphilir@yahoo.com "," "
30402488,"- ","romayantoSDN.008@gmail.com "," "
30407382," ","sdnsembilansesayaphilir@yahoo.com "," "
30402430," ","sdn017.tanatidung@gmail.com "," "
30402478," ","sdn022.tanatidung@gmail.com "," "
30402417,"0 ","sdn002sesayaphilir@gmail.com "," "
60725308," ","sdn010sh@gmail.com "," "
30402404," ","sd001sh@gmail.com "," "
69969297," ","sdstrurich.thfelda@gmail.com "," "
30402551,"- ","smpnegerisatusesayaphilir@yahoo.co.id "," "
30402579," ","abuabdirrohim@gmail.com ","https://www.smpn2tanatidung.sch.id "
30402587,"0 ","sman1sesayaphilirtanatidung@gmail.com ","http://SMAN1SH.bogspot.com "
69955535," "," "," "
30402418," ","sdn002tl@gmail.com "," "
30405097," ","sdntigatanalia@yahoo.com "," "
30402405," ","terpaduunggulan01@gmail.com "," "
30402552,"- ","smp1tanalia@yahoo.co.id "," "
30407375," ","smpn2tanalia@yahoo.com "," "
30402589,"0 ","smansatanalia@gmail.com "," "
30402487," ","sdn007tanatidung@gmail.com "," "
30402510," ","sdn014tanatidung@gmail.com "," "
30402467,"tidaka ada ","sdn006sesayap@gmail.co.id "," "
30402442," ","sakkirkaltim@yahoo.co.id "," "
30407377," ","sdn020tt@gail.com "," "
30402578," ","smpn3tanatidung@gmail.com "," "
30402454,"0 ","saleh_salong@yahoo.com "," "
30402429," ","sdn005tanatidung@yahoo.com "," "
30407376," ","sdn_012sesayap@yahoo.co.id "," "
60725300," ","keristoperson211197@gmail.com "," "
30407378," ","smpntigasesayapktt@ymail.com "," "
30407379,"0 ","smpn6.tatid@gmail.com "," "
30402647," ","sdn001.krayan@gmail.com "," "
30402659," "," "," "
30402672," "," "," "
30402679," ","sdn004k@yahoo.com "," "
30402685," "," "," "
30402691," ","juari@yahoo.com "," "
30402703," ","30402703@yahoo.co.id "," "
30402708," "," "," "
30402714," "," "," "
30402720," ","SDN.010@yahoo.co.id "," "
30402726,"Tidak ada ","sdn011krayan@yahoo.com "," "
30402732," "," "," "
30402738," ","sd.013krayan@yahoo.com "," "
30402744," "," "," "
30402750," "," "," "
30402756,"Tidak ada "," "," "
30402763," ","sdn017krayan@yahoo.com "," "
30402764,"- ","user@example.com "," "
30402765," "," "," "
30402766," ","sdn020krayan@yahoo.com "," "
30402768,"0 ","sdn021k@yahoo.com "," "
30400536," ","SMPNsatuKrayan@yahoo.com "," "
30400539," ","jerry.soemitro@yahoo.com "," "
30402802," "," "," "
30405232," ","smpn4krayan@ymail.com "," "
30400533," ","sman.1.krayan@gmail.com "," "
30402809," ","smak.terpadukrayan@gmail.com "," "
30407283,"081392312678 ","smkn1krayan@gmail.com ","http://smkn1-krayan.blogspot.com "
30407808," ","smtkw.krayan@gmail.com "," "
30402648," ","sdn001lumbis@yahoo.co.id "," "
30402667,"0 ","sdn002lbs@yahoo.com "," "
30402680,"0 ","subanda_banda@yahoo.com "," "
30402686,"0 ","SD004LUMBIS@GMAIL.COM "," "
30402692," ","sdn005_kalampising@yahoo.co.id "," "
30402698,"0 "," "," "
30402709,"0 "," "," "
30402739,"0 "," "," "
30402757,"0 ","sdn009lumbis@gmail.com "," "
30402760,"0 "," "," "
30402788,"- ","smpn1lumbis@ymail.com "," "
30405760,"0 ","smpn2lumbis@gmail.com "," "
30402810," ","sma1lumbis@gmail.com "," "
30402652,"0 ","Sdn_001Sembakung@yahoo.com "," "
30402658,"0 ","m_aqsar@yahoo.com "," "
30402664," ","sdn003sbkg@gmail.com "," "
30402671," ","supraptoe94@yahoo.co.id "," "
30402677," ","abdulhalid686@yahoo.com "," "
30402684," ","sd006sembakung@gmail.com "," "
30402690," ","datasdn007@gmail.co.id "," "
30402696,"0 "," "," "
30402702," ","sdn009_sembakung@yohoo.co.id "," "
30402707," ","sdn.010sembakung@gmail.com "," "
30402713," ","sdn011sbkg@gmail.com "," "
30402719,"0 ","sdn012@yahoo.com "," "
30402725,"0 ","sdnegeri013sembakung@gmail.com "," "
30402731,"0 ","sdn014.sembakung@gmail.com "," "
30402737," ","sriwijayasp.d@gmail.com "," "
30402743," ","Yhohanes.Sukuan@yahoo.co.id "," "
30402749," "," "," "
30402755," ","sdn018sembakung@gmail.com "," "
30400538," ","smpn1sembakung@yahoo.com "," "
30405238,"0 ","bahriahsmpnegeri2tepian@gmail.com "," "
30405243," ","smpnegeri3_sembakung@yahoo.co.id "," "
30405245,"0 ","smpn4sembakung@ymail.com ","http://www.smpn4sembakung.co.id/ "
30405761," ","smp5@yahoo.com "," "
30405762," ","hendrioke48@gmail.com "," "
30402813," ","sma1sembakung@yahoo.co.id ","http://sman1sembakung.sch.id "
30402646," ","sd001muhammadiyahnnk@gmail.com ","http://www.sdmuhammadiyah.com "
30402643,"055624842 ","sditibnusinanunukan@gmail.com ","http://sdit.ibnusinanunukan.sch.id "
30402649," ","sdn_utama@rocketmail.com "," "
30402655,"- ","sdn002nunukan@hotmail.co.id "," "
30402661," ","sdn003nunukan79@yahoo.co.id "," "
30402668,"0556-2025387 ","www.sdn004nnk@yahoo.co.id "," "
30402674,"0 ","ariespratama99@yahoo.co.id "," "
30402681," ","sdn006nnk@yahoo.com "," "
30402687," ","sdn007nunukan@yahoo.co.id "," "
30402693," ","samsurimuhammad759@yahoo.co.id "," "
30402699,"0556-202010 ","sdn_009nnk@yahoo.com "," "
30402704," ","sdn010nunukan@yahoo.com "," "
30402728," ","sdn011nnk@gmail.com ","http://sdn011nnk.blogspot.com "
30402761," ","amin_rais66@yahoo.com "," "
30404570," "," "," "
69762761," ","sddua_muhammadiyah@yahoo.com "," "
69956268," "," "," "
60723287," "," "," "
60723286," "," "," "
60723289," "," "," "
60723288," "," "," "
30402785," ","smpkfrateran.santogabriel@yahoo.co.id "," "
30402786,"- ","smpmuhammadiyahnnk@yahoo.com "," "
30400537,"055621736 ","smpn1.nnk@gmail.com ","http://smpn1nunukan.sch.id "
30400540,"0556-23928 ","smp_nnk@yahoo.co.id "," "
30402796,"0556 2707576 ","smpn3nunukan@yahoo.co.id "," "
30402805," ","smppgri2_nnk@yahoo.com "," "
69725854," ","smpitibnusinanunukan@gmail.com ","http://smpit.ibnusinanunukan.sch.id "
69994522," "," "," "
30410074," "," "," "
30410073," "," "," "
69888489," ","smamuhnnk@gmail.com ","http://www.muhammadiyah.com "
30400534,"21238 ","smansatunnk@gmail.com ","http://www.sman1nnk.sch.id "
30402814,"055621235 ","sman2nnk@gmail.com ","http://sman2nnk.sch.id "
30402808,"0556)(23498 ","smasgan@yahoo.co.id ","http://www.smakfrateranstgabrielnunukan.sch.id "
30402818,"0556/2027228 ","smkn1_nunukan@yahoo.co.id ","http://www.smkn1-nnk.sch.id "
69753196,"0556 ","smkkesehatanputraborneo@yahoo.com ","http://smkkespbn.mysch.id "
69881521," "," "," "
30315192," "," "," "
30315193," "," "," "
30402700," ","sd.negeri001sebatik@gmail.com "," "
30402717," ","sdn.002sebatikbalansiku@gmail.com "," "
60723292," "," "," "
60723294," "," "," "
60723291," "," "," "
69886378," "," "," "
60723293," "," "," "
69819703," "," "," "
30407402,"- ","jujue_getchue@yahoo.com ","http://www.smpmbsebatik.sch.id "
30402797," ","smp1sebatik@yahoo.com "," "
30405242," ","smpnegeri2sebatik@gmail.com ","https://smpn2sebatik.sch.id "
30402811," ","smansasbtk@gmail.com ","http://www.sman1sebatik.sch.id "
69756883," ","smk.mutiarabangsa.sbtk@gmail.com ","http://mutiarabangsa.sch.id "
69990383," "," "," "
30402651," ","sdn001sbk@gmail.com "," "
30402657," ","sdn002apas@yahoo.com "," "
30402663," ","sdn003sebuku@gmail.com "," "
30402670," "," "," "
30402695," ","niko@gmail.com "," "
30402701,"0 ","sdn006sebuku@yahoo.com "," "
30402724,"0 "," "," "
30402742," ","endangndang15@gmail.com "," "
30402748," ","sdn009sbk@yahoo.com "," "
30402754," "," "," "
30405694," ","sd.pelita@yahoo.co.id "," "
30402791,"0 ","smpn1sebuku@gmail.com ","http://www.smpku1sebuku.blogspot.com "
30402798,"0 ","fiktormbatu11@gmail.com "," "
30405757," ","smpn3_sebuku@yahoo.com "," "
30402812," ","smansasebuku@gmail.com "," "
30402653," "," "," "
30402665," "," "," "
30402697," "," "," "
30402759," "," "," "
30402762," "," "," "
30402767,"- "," "," "
30402795," ","smpn1ks@yahoo.com.id "," "
30402799," ","kolendawat01@gmail.com "," "
30405239," ","gabymanurun@gmail.com "," "
30402807," "," "," "
30402641," ","rusmanrusman87@gmail.com "," "
30402669,"- ","sdn001.sebatikbarat77444@gmail.com "," "
30402675," ","sdn002sebatikbarat@gmail.com "," "
30402682," ","sdn003sbb@gmail.com "," "
30402694," ","sdn004sbb@gmai.com "," "
30402711," ","sdn005sbb@gmail.com "," "
30402723," ","agungsinungtinggang@gmail.com "," "
30402642," ","sdinsanmulya@yahoo.co.id "," "
30402793," ","smpn_1sebatikbarat@yahoo.co.id "," "
30405236," ","smpn2sebatikbarat01@gmail.com "," "
30405247,"- ","smkn1.sebatikbarat@gmail.com "," "
30402644," ","sditnurislamnunukan@yahoo.co.id "," "
30402645," ","hans.rossa48@gmail.com "," "
30402710,"0 ","sdn001nusa@yahoo.com "," "
30402716," ","sdnegeri_002nusa@gmail.com "," "
30402722," ","sdn003nunukanselatan@gmail.com "," "
30402734," ","petrusbedera.pb@gmail.com "," "
30404572," ","sdn005nunukanselatan@yahoo.com "," "
30405693," ","Smpkfy@yahoo.com "," "
30402800,"0556-2026014 ","smpn1ns@yahoo.co.id "," "
30402803," ","smpn2.nunukanselatan@yahoo.com "," "
30405235,"- ","smpnegeri3nunukanselatan@gmail.com "," "
30402804," ","smpitnurislam@gmail.com "," "
69734326," "," "," "
30405246,"2026035 ","sman1nusa@gmail.com ","http://www.sman1nusa.sch.id "
69886315," "," "," "
30402650," ","sdn001sebatiktimur@gmail.com "," "
30402662," ","sdn_003sbt@yahoo.co.id ","http://30402662.siap-sekolah.com/ "
30402688," ","sdn3sebatiktimur@gmail.com "," "
69978358," ","sditalhuda.sebatik@gmail.com "," "
69734325," "," "," "
60723290," "," "," "
69956042," "," "," "
69958753," "," "," "
69734309," "," "," "
30410075," "," "," "
30407670," ","smksnurulimansebatik@gmail.com ","http://www.smksnumantik.sch.id "
69977332," "," "," "
30315194," "," "," "
30402656," ","sdn.001.setara@gmail.com "," "
30402753,"0 ","jawalhayati@gmail.com "," "
30402790,"0 ","smpn1sebatikutara@yahoo.com ","http://www.smpn1sebatikutara.sch.id "
69734310," "," "," "
30402817," ","smatarunasetara@gmail.com "," "
30402705," ","sdn001.sebatiktengah@yahoo.co.id ","http://simpadamu.siap.web.id/30402705 "
30402729," ","sdn002.sebatiktengah@gmail.com ","http://sdn002sebatiktengah.sch.id/ "
30402735," ","sdn_003setengah@yahoo.co.id "," "
30402741," ","sdn008.sebatikbarat@gmail.com "," "
30402747," ","sdn005sebatiktengah@gmail.com "," "
30405478," ","sdn006sebatiktengah@yahoo.co.id "," "
69956269," "," "," "
30402801," ","smpn1sebatiktengah@yahoo.com "," "
30405244," ","smpnduasebatiktengah@ymail.com "," "
30407353," ","sman1sebatiktengah@gmail.com ","http://www.sman1sebatiktengah.sch.id "
69990729," "," "," "
30402752," ","sd_01seimanggaris@yahoo.com "," "
30402758," ","put_lin@yahoo.co.id "," "
30404571," "," "," "
30405651," ","info_sdseimenggaris@yahoo.com "," "
30405241," ","smpn1smg@yahoo.com "," "
30405751,"0 ","smp2menggaris@yahoo.com "," "
69874360," ","smknegeri1seimenggaris@gmail.com ","http://smkn1seimenggaris.sch.id "
69984906," "," "," "
30402676," ","nndrsunandar@gmail.com "," "
30402683," "," "," "
30402689," ","nekson@yahoo.com "," "
30402706," ","sdn004tulinonsoi@gmail.com "," "
30402712," ","sdn005tulinonsoi@gmail.com "," "
30402718," ","sdn006tulinonsoiorys@gmail.com "," "
30402730," ","syafiyah.annajwah@gmail.com "," "
30402736," ","sdn008tulin@yahoo.com "," "
30402794," ","smpn01tulinonsoi@gmail.com "," "
30405237," ","smpn2tulinonsoi.s@gmail.com "," "
30407284,"081346647320 ","smkn1_tulinonsoi@yahoo.co.id ","http://smkn1tulinonsoi.sch.id/ "
30402654,"0 ","sdn001lbs@gmail.com "," "
30402660," "," "," "
30402673,"0 ","sdn005lumbis@gmail.com "," "
30402715," "," "," "
30402721,"0 ","SDN013lumbis@gmail.com "," "
30402727,"0 ","jungle.borneo@live.com "," "
30402733,"0 ","romi.mickhael@yahoo.com "," "
30402745,"0 ","kalawonsumunu@yahoo.com "," "
30402751," ","Kristian@gmail.com "," "
30405652,"0 ","sdn021lbs@gmail.com "," "
30402792," ","smpn2lumbis@gmail.com "," "
30405233," ","smpn2lumbisogong@gmail.com ","http://google.com "
30405240,"0 ","smpn.3lumbis@gmail.com "," "
30401742," ","sd_alhilal@yahoo.com "," "
69973668," ","esdearrabbani@yahoo.com "," "
30401909,"0551 - 35607 ","sditmuslimat1@gmail.com "," "
30401743,"(0551) 20289 ","sdittar@gmail.com ","http://www.sditululalbabtarakan.sch.id "
30401723," ","sd.muh2tarakan@gmail.com ","http://www.sd-muda.sch.id "
30401759," ","sdn006tarakan@gmail.com ","http://sdn006tarakan.blogspot.com "
30401760," ","sdn007.mamburungan@gmail.com "," "
30401761,"0 ","sdn008tarakan@yahoo.co.id ","http://sdn008tarakan.sch.id "
30401765,"0 ","sdn012gn.lingkas@gmail.com "," "
30401766," ","sdn013tarakan@yahoo.co.id "," "
30401768,"- ","sdnegeri015@gmail.com "," "
30401769,"0 ","sdn_016pantaiamal@yahoo.co.id "," "
30401750," ","sdn023tarakan@gmail.com "," "
30401754," ","sdn2.7tarakan@gmail.com "," "
30401695," ","saripudin251@gmail.com "," "
30401685," ","sdn032tarakan@gmail.com "," "
30401684," ","sdn045trk@gmail.com "," "
30401671," ","sdn047tarakan@yahoo.com "," "
69827775," ","sditibnuabbas@gmail.com ","http://www.c.com "
69977330," "," "," "
69974218," ","smpbudiutomo.trk@gmail.com "," "
69974262," ","smpitibas@gmail.com ","http://smpitibas.sch.id "
69934453," ","smpittar@gmail.com ","http://smpitululalbabtarakan.sch.id/ "
30401700,"- ","smpn10tarakan@gmail.com ","http://www.smpn10tarakan.sch.id "
69948485," ","smpn11trk@gmail.com "," "
69991484," "," "," "
30401702,"0551-22862 ","smpn3trk@gmail.com ","http://www.smpn3tarakan.sch.id "
30401704,"055122548 ","smpnegeri5tarakan@gmail.com ","http://www.smpn5tarakan.sch.id "
69974213," ","smpplustahfidz@gmail.com "," "
30410116," "," "," "
30410117," "," "," "
30410118," "," "," "
69981784," ","SMABUDIUTOMO.TRK@GMAIL.COM "," "
30401710,"055123566 ","sma2_trk@yahoo.com ","http://www.sman2tarakan.sch.id "
69995245," "," "," "
69977334," "," "," "
69985434," "," "," "
30401722,"0551-00000 ","sdmusatrk@yahoo.com "," "
30401729," ","sdn_001tarakan@yahoo.co.id "," "
30401730," ","sdn_002.selumitpantai@yahoo.com "," "
30401744,"0551-21619 ","sdn004trk@yahoo.com "," "
30401745," ","sdn005@rocketmail.com "," "
30401763," ","sdn010selumit123@gmail.com "," "
30401767," ","sdn_014tarakan@yahoo.co.id "," "
30401748," ","sdn020tarakan@yahoo.com ","https://www.sdn020tarakan.wordpress.com "
30401749," ","sdn021skip@yahoo.co.id "," "
30401753," ","sdn026tarakan@yahoo.com "," "
30401755," ","sdn028selumipantai@gmail.com ","http://sdn028tarakan.blogspot.com/ "
30401746,"0 ","sdn030_trk99@yahoo.co.id "," "
30401688,"- ","sdn035tarakan@gmail.com "," "
30401689,"0 ","sdn036tarakan@gmail.com "," "
30401690," ","sdn037tarakan@yahoo.co.id "," "
30401675," ","sdnutama2tarakan@gmail.com "," "
30401724," ","sdsnurulislamtarakan@gmail.com "," "
30401725," ","sdpd.tarakan@gmail.com "," "
30401733,"30306 ","marianasitinjak54@yahoo.com "," "
69977329," "," "," "
60723340," "," "," "
60723341," "," "," "
30401719,"- ","smpkumitarakan@ymail.com "," "
30401916," ","smpmuh.01trk@gmail.com "," "
30401708,"0 ","tu.smpmudatrk@gmail.com ","http://smpmudatarakan.sch.id "
69935405,"055131491 ","smpmbs.tarakan@gmail.com ","http://mbstarakan.sch.id "
30401699,"0551-33396 ","smpn1tarakan@yahoo.co.id ","http://smpn1trk.sch.id "
30401703,"0551-51171 ","smpnegeri4tarakan@gmail.com ","http://www.smpn4tarakan.sch.id "
30401706,"055122436 ","smpnegeri7tarakan@gmail.com ","http://www.smpnegeri7tarakan.com "
30401717,"0551-30307 ","smpdonboscotarakan@gmail.com "," "
30410115," "," "," "
69981643,"055131491 ","smambs.tarakan@gmail.com ","http://www.mbstarakan.sch.id "
30401680,"055125197 ","smakwp@yahoo.co.id ","http://sma.donboscotarakan.sch.id "
30401677,"24795 ","smahangtuah_trk@yahoo.co.id ","http://smahangtuah-trk.sch "
30401681," ","info@smamuh-trk.com ","http://www.smamuh-trk.sch.id "
30401696,"2027967 ","patradharma_tarakan@yahoo.co.id "," "
30401713,"0551-21897 ","smkn1trk@yahoo.com ","http://www.smkn1tarakan.sch.id "
30407339,"0551/36565 ","smkkesehatantarakan2008@gmail.com ","http://smk-kesehatankaltara.sch.id/ "
30401715," ","smknusantara.tarakan@gmail.com ","http://smknusantara.tarakan@gmail.com "
30401716," ","smkpaguntaka_trk@yahoo.co "," "
30315169," "," "," "
30315170," "," "," "
30401727," ","sdialirsyad41@yahoo.co.id "," "
30405533,"0 ","sdcitrabangsatarakan@yahoo.com "," "
30405532,"0551 35847 ","indotionghoa.tarakan@gmail.com "," "
30401732,"- ","sdktunaskasih@yahoo.com "," "
30401731,"0 ","sdn003.tarakan@yahoo.co.id "," "
30401762,"055124792 ","sdnegeri009.tarakan@gmail.com "," "
30401764,"055135505 ","sdnkarbaltrk@gmail.com "," "
30401758,"055133177 ","sdn017tarakan@gmail.com ","http://www.sdn017tarakan.blogspot.com "
30401757,"0 ","sdn018kotar@gmail.com ","http://sdn018tarakan.sch.id "
30401747,"0 ","sdnnolsembilanbelas@yahoo.co.id "," "
30401751," ","sdn024trkn@gmail.com "," "
30401756,"0551-2026785 ","sdn29tarakan@yahoo.co.id "," "
30401687," ","sdn034kotar@gmail.com "," "
30401692," ","sdnegeri041tarakan@yahoo.co.id "," "
30401694,"- ","sdn043trk@gmail.com "," "
69973007,"0551-2026785 ","sdn052tarakan@gmail.com "," "
30401674,"0551 - 31186 ","sdu1_tarakan@yahoo.co.id ","http://www.sdu1-tarakan.sch.id "
60723342," "," "," "
60723338," "," "," "
60723339," "," "," "
69974240,"0 ","smpcitrabangsa192@gmail.com "," "
30401718,"0551-25501 ","smpk.tunaskasih.trk@gmail.com "," "
30401698,"0551-32728 ","smp.mulawarman@yahoo.com "," "
69936002,"0551-35847 ","smpsindotionghoa@gmail.com "," "
69948486," ","smpn12trk@gmail.com "," "
69991485," "," "," "
30401701,"0551-21394 ","smpn2trk@gmail.com "," "
30401707," ","smp8tarakan@gmail.com "," "
69977328," "," "," "
30401697,"055134082 ","sman1.trk@gmail.com ","http://www.sman1-trk.sch.id "
30401682,"(0551) 32728 ","sma.mulawarman@yahoo.com "," "
30405534," ","smak_tunaskasihtrk@yahoo.com "," "
69933671,"- ","smk_ct@yahoo.co.id ","http://www.-.com "
30401714,"0551-21461 ","smkn2tarakan@gmail.com ","http://www.smkn2tarakan.net "
30401712,"0551-2026566 ","maritimtarakan@yahoo.co.id ","http://www.smk.sch.id "
69977333," "," "," "
30401728,"- ","sdkstfxtarakan@gmail.com "," "
30401686,"0 ","sdn033trk@gmail.com "," "
30401693," ","sdnegeri042.trk@gmail.com "," "
30401672," ","sdn048.tarakan@gmail.com "," "
30401673,"0 ","SDNegeri049.tarakan@gmail.com "," "
30401726,"0 ","sds.yaditra14@gmail.com "," "
69827774," ","sdn050trk@gmail.com "," "
69827773," ","sekolah.dasar051@gmail.com "," "
69993570," "," "," "
30401705,"0 ","smpn_enamtarakan@yahoo.co.id "," "
30401720,"0551-2053008 ","smpnegri9.tarakan@gmail.com "," "
69973869," ","smpkstfxtarakan@gmail.com "," "
30401711,"2053039 ","sma3.tarakan@yahoo.com ","https://www.sma3tarakan.sch.id "
30401945,"(0551) 2053524 ","smk3.tarakan@gmail.com ","http://smkn3tarakan.sch.id "
