NPSN,"Fax ","Email ","Website "
10900369," ","sdnegeri17mendobarat@gmail.com "," "
10900252," ","sdn1mendobarat@yahoo.com "," "
10900258,"- ","miftahulkhoiri294@yahoo.com "," "
10900269," ","sdn11payabenua@yahoo.co.id "," "
10900263," ","www.sdn12payabenua@gmail.com "," "
10900242," ","kianzu056@gmail.com "," "
10900349," ","sdn14mendobarat@gmail.com "," "
10900344," ","sdn15mendobarat@gmail.com "," "
10900366," ","sdn16mendo@gmail.com "," "
10900364," ","sorayarika0@gmail.com "," "
10900359,"0 ","sdn_19mendobarat@yahoo.com "," "
10900316," ","sdn2mendobarat@yahoo.co.id "," "
10900310,"- "," sdn_20kace@yahoo.co.id "," "
10900307," ","sdn21mendobarat@yahoo.com ","http://www.sdn21mendobarat "
10900337," ","sdn22mendobarat@gmail.com "," "
10900131,"0 ","sdnegeri23kacemendobarat@yahoo.com "," "
10900332," ","sdn24mendobarat@gmail.com "," "
10900329," ","ap335513@gmail.com "," "
10900327," "," "," "
10900306," ","sdn27penagan@yahoo.com "," "
10900241," ","sdn28mendobarat@gmail.com "," "
10900157," ","sdn29mendobarat@gmail.com "," "
10900151," ","iqramisliandra.wafiqisliandra@yahoo.co.id "," "
10901457," ","sdn30mendobarat@gmail.com "," "
10901458," ","achuseptra@yahoo.com "," "
69888426," ","sdn32mendobarat@gmail.com "," "
69888428," ","sdn33mendobarat@gmail.com "," "
10900172," ","sdn_4mendobarat@yahoo.co.id "," "
10900163,"0 ","sdn5mdb@gmail.com "," "
10900115,"0 ","sdn6petaling@yahoo.co.id "," "
10900108," ","sdn_7kemuja@yahoo.com "," "
10900102," ","zainona4@gmail.com "," "
10900132,"- ","sd09n@ymail.com "," "
60706042," "," "," "
10901752," ","smpit.daarulabror@yahoo.com "," "
10900176," ","smpn1mendobarat@yahoo.com "," "
10901374," ","smpn4mendobarat380m@gmail.com "," "
10900201,"- ","smpn2mendobarat04@gmail.com "," "
10900214," ","smpn3mendobarat@yahoo.co.id "," "
69988137," "," "," "
10901911," "," "," "
10901912," "," "," "
10901913," "," "," "
10901914," "," "," "
69788306," "," "," "
10900237,"- ","sman1mendobarat@gmail.com ","http://www.sman1mendobarat.sch.id "
69849077,"085268190400 ","smanegeri2mendobarat@gmail.com ","http://www.smanegeri2mendobarat.com "
10900229," ","smkn1mb@gmail.com ","http://smkn1mendobarat.sch.id "
10901891," "," "," "
10901890," "," "," "
10901892," "," "," "
10901893," "," "," "
10900255," ","sdnegeri1merawang@gmail.com "," "
10900244," ","selviaby@yahoo.co.id "," "
10900267," ","sdn11batuamper@yahoo.co.id "," "
10900264," - ","sdn_12merawang@yahoo.com "," "
10900260," ","sdntigabelasjurung@yahoo.com "," "
10900351,"0 ","sdn14merawang@gmail.com "," "
10900346,"0 ","sdn15merawang@gmail.com "," "
10900356," ","sdn16merawang@gmail.com "," "
10900370,"0 ","sdn17kimak@yahoo.com ","http://www.sdn17kimak.com "
10900363," ","sdn18merawang@yahoo.com "," "
10900358,"- ","evisuyanti88@gmail.com ","http://www.sd19@gmail.com "
10900319," ","sdn2baturusa@gmail.com "," "
10900309," ","dewisulistiawati975@gmail.com "," "
10900153," ","sdn3merawang@gmail.com "," "
10900168,"0 ","sdn5_merawang@yahoo.co.id "," "
10900160," "," "," "
10900107," ","sekolahdasar151@gmail.com "," "
10900117," ","sdn8merawang@gmail.com "," "
10900130," ","sdnegeri9sunghin@yahoo.com "," "
10900173," ","jamaludin54@ymail.com "," "
60706045," "," "," "
60706044," "," "," "
60706043," "," "," "
69900071," ","gunadiahmadzu1989@gmail.com ","http://attoybah_balunijuk.com "
10900190," "," "," "
10900200,"- ","smpn2merawang@gmail.com "," "
69839279," ","smpnegeritigamerawang@yahoo.com "," "
10901917," "," "," "
10901915," "," "," "
10901916," "," "," "
69978793," ","Smaitmerawang@gmail.com ","http://attoybah-balunijuk.sch.id "
10900236,"07177010549 ","merawangsman1@gmail.com ","http://www.sman1merawang.sch.id "
10901894," "," "," "
10901895," "," "," "
10900221,"tidak ada ","ghis.stores@yahoo.com "," "
69970138," "," "," "
10900249,"- ","sdn_1sliat@yahoo.com "," "
10900257,"071795290 ","sdn10slt@yahoo.co.id ","http://10900257.siap-sekolah.com/ "
10900270,"- ","sdn11sungailiatbangka@gmail.com "," "
10900261," "," sdn12sungailiat@gmail.com "," "
10900259,"- ","pitadinawatysitumorang@yahoo.com "," "
10900348,"- ","sdn14sungailiat@gmail.com "," "
10900340," - ","sdlibaspp@gmail.com "," "
10900368," ","fitriantisd16@yahoo.co.id "," "
10900365,"- ","sdn17tanjungratu@gmail.com "," "
10900360," "," "," "
10900338," ","sdnsembilanbelas.sungailiat@yahoo.com "," "
10900312,"- ","sekolahdasar_dua@yahoo.com "," "
10900308," ","sdn20sungailiat@gmail.com "," "
10900322,"- ","Sdnegeri21sungailiat_t@yahoo.co.id "," "
10900335,"- ","ningsi.p09@gmail.com "," "
10900334," ","serri.bulan@yahoo.co.id "," "
10900331,"- ","kepsek24sungailiat@gmail.com ","http://sdn24sungailiat.id1945.com "
10900326," - ","indmorning@yahoo.com "," "
10900324,"0 ","sd_27sungailiat.jelitik@yahoo.com "," "
10900174," ","sdn28_sungailiat@yahoo.co.id "," "
10900156,"- ","SD_29Sungailiat@yahoo.com "," "
10900148," ","sdnegeri3sungailiat@gmail.com "," "
10900147," ","sdnegeri30sungailiat@gmail.com "," "
10900146,"- ","sdn31_sungailiat@yahoo.com "," "
10900145,"- ","sdn32@sungailiat.com "," "
10900169," ","sdn4sungailiat@gmail.com "," "
10900161,"0 ","sdn5sungailiat@gmail.com "," "
10900113,"0 ","sdn6sliat@gmail.com "," "
10900140,"- ","sedapansungailiat@yahoo.com "," "
10900134,"- ","sdn9sungailiat@gmail.com "," "
69864707,"0717-92143 ","SDPLUSSETIABUDI@GMAIL.COM "," "
10900220," ","sdgajah.mada@yahoo.com "," "
10900219," ","Sdharapan@yahoo.com "," "
10900218," ","SDMG10900218@yahoo.com "," "
10900217," - ","sdmuhasungailiat@yahoo.com "," "
10900216,"- ","SDSETIABUDI@GMAIL.COM "," "
10900215," ","sdypk.airkenanga@yahoo.com "," "
10900328," ","sdn25sungailiat@ymail.com "," "
10900105," ","sdn7sungailiat@yahoo.com "," "
69994505," "," "," "
60706047," "," "," "
60706048," "," "," "
10900206,"- ","smpbakti@rocketmail.com "," "
10900188,"0717-93939 ","smpharapan82@gmail.com "," "
10900187,"- ","smpmargot_sungailiat@yahoo.co.id "," "
10900186," ","smpm_sungailiat@yahoo.com "," "
10900203,"- ","smpn1_sliat@yahoo.co.id "," "
10900197,"071795482 ","smpn2sungailiat@gmail.com ","http://www.smpn2sungailiat.sch.id "
10900194," ","smpn3sliat@yahoo.co.id "," "
10900193," ","smpn4sungailiat@yahoo.com "," "
10900192,"0 ","smpn5_slt@yahoo.co.id ","http://smpn5sungailiat.blogspot.com "
10900182,"0717-92143 ","smpsetiabudisungailiat@gmail.com "," "
10901568,"0717 95289 ","sekolahakb@yahoo.co.id "," "
69839281," ","smpn6sungailiat@gmail.com "," "
60728759," "," "," "
10900211,"0717-93939 ","smaharapan14@gmail.com "," "
10900232,"071794611 ","smansa.sungailiat@yahoo.co.id ","http://sman1sungailiat.sch.id "
10901371," ","smapbu.islamiccentre@gmail.com ","http://SMAPLUSBAHRULULUM.SCH.ID "
10900213," ","smasbakti@gmail.com "," "
10900209," ","smamuhammadiyahsungailiat@gmail.com ","http://www.facebook.com/SMA.MUHAMMADIYAH.SUNGAILIAT "
10900224,"0717 92143 ","smasetiabudi@yahoo.com ","http://smasetiabudi.sch.id "
10900228,"0717-95702 ","info@smkn1sungailiat.sch.id ","http://smkn1sungailiat.sch.id "
10900227,"0717 4297368 ","smkn2sungailiat@gmail.com ","http://www.smkn2sungailiat "
10900231,"0717 92445 ","smk_eljohn@yahoo.com "," "
60726519,"(0717) 9104489 ","smkkes.mutiaramandiri@yahoo.co.id "," "
10900230," ","smkmuh.sliat@yahoo.com "," "
10900225," ","yapensu@gmail.com ","http://www.smk-yapensu.sch.id "
69995628," "," "," "
10900254," ","sdnegeri1bly@gmail.com "," "
10900247," ","sdn_10_belinyu@yahoo.co.id "," "
10900272," "," "," "
10900266," ","sdnbelinyu@yahoo.co.id "," "
10900353,"- ","sdn13belinyu@gmail.com "," "
10900350," ","sdn14bly.parit3@gmail.com "," "
10900342," ","sdn15belinyu@gmail.com "," "
10900355," ","sdn16belinyu@gmail.com "," "
10900371,"0 ","marantaarta@yahoo.co.id "," "
10900362,"- ","anti_nofri@yahoo.co.id "," "
10900320," "," "," "
10900318,"- ","sdn2.bly@gmail.com "," "
10900311," ","sdn20belinyu@gmail.com "," "
10900321,"- ","meidia25051990@gmail.com "," "
10900336,"- ","sdn22belinyu@yahoo.com "," "
10900119,"0 ","sdn23belinyu@yahoo.com "," "
10900118,"- ","raimana.simatupang@yahoo.com "," "
10900330," ","alviansyahyogi5@gmail.com "," "
10900325,"- ","sdn26belinyu@yahoo.com "," "
10900323,"0 ","sdn27belinyu@yahoo.co.id "," "
10900155," ","sartika_ika7@yahoo.com "," "
10900158," ","sdn_4belinyu@yahoo.co.id "," "
10900166," ","Sdnegerilima_belinyu@yahoo.co.id "," "
10900143," ","sdnenambelinyu@yahoo.co.id "," "
10900294,"- ","sdn7_belinyu@yahoo.com "," "
10900139," - ","sd8belinyu@yahoo.com "," "
10900138," ","sdn9belinyu@yahoo.co.id "," "
10900274," ","sdsanes@yahoo.co.id "," "
10900292,"- ","sdsehatipesaren@yahoo.com "," "
69831521," ","liliayusafira05@gmail.com "," "
60706041," "," "," "
69857728," ","smpit.jamalullail@gmail.com "," "
10900177,"0715321590 ","Smp1bly@yahoo.co.id ","http://www.smpnegei1belinyu.wordpress.com "
10900202,"0715321819 ","smp2_belinyu@yahoo.co.id ","http://smpn2belinyu.wordpress.com "
10900196,"0 ","smpn3belinyu@gmail.com "," "
10901373,"- ","smpn4belinyu@yahoo.co.id "," "
10901843,"- ","smpnegerilimably@yahoo.com "," "
10900183,"07153261032 ","sanyobelinyu@yahoo.co.id "," "
10900180," ","Smpypdbbelinyu@yahoo.co.id "," "
10900179,"0715321671 ","smpypnbelinyu@yahoo.com ","http://www.ypnbelinyu.com "
69881638," "," "," "
10900238,"0715 231093 ","smannsabelinyu@yahoo.com ","http://www.smansabelinyu.com "
10900239,"0715321671 ","smaypn@yahoo.com ","http://www.ypnbelinyu.com "
69990978," "," "," "
10901844," ","smkn1_belinyu@yahoo.co.id ","http://www.smkn1belinyu.com "
10900226," ","yapenkoss@ymail.com ","http://www.example.com "
10900207,"0715/321671 ","smkypnbelinyu@yahoo.co.id ","http://www.smkypnbelinyu.sch.id "
10900251," ","sdn1pudingbesar@gmail.com "," "
10900243," ","sdn10pudingbesar@gmail.com "," "
10900315," ","sdnduapudingbesar@yahoo.co.id "," "
10900150," ","sdntigapudingbesar@yahoo.com "," "
10900164," ","sdlabulabu@yahoo.co.id "," "
10900142," "," "," "
10900104," ","sdn7pudingbesar@yahoo.coom "," "
10900141," ","sdn8pudingbesar@yahoo.co.id "," "
10900135," ","sdn9kotawaringin@yahoo.co.id "," "
10900159," ","sdnempatpudingbesar@yahoo.co.id "," "
60706046," "," "," "
10900205,"0 ","smpn1pudingbesar@yahoo.co.id "," "
10900198," ","smpn2pudingbesar@gmail.com "," "
69900072,"0 ","smpn3pudingbesar@gmail.com "," "
69976008," "," "," "
60727607," "," "," "
10901918," "," "," "
69947890," ","sman2.pudingbesar@gmail.com "," "
10900233," ","sman1.pudingbesar@gmail.com ","http://www.sman1pudingbesar.sch.id "
10900253," ","sdn01bakam@yahoo.com "," "
10900246," ","sdn10cungfo162@gmail.com "," "
10900357," ","11bakammarassenang@gmail.com "," "
10900317," ","darnia7@gmail.com "," "
10900154,"- ","SDNegeri3bakam@gmail.com "," "
10900144," ","amrullah_libra@yahoo.com "," "
10900167,"TIDAK ADA ","sdn5bakam@yahoo.com "," "
10900112," ","echiaryanty@yahoo.co.id "," "
10900100," ","sdntujuhbakam@gmail.com "," "
10900103," ","sdn8bakam@yahoo.com "," "
10900137," ","sdn9bkmsumarco@gmail.com "," "
10900178," ","smpn.1bakam@gmail.com "," "
10901460,"- ","smpnduabakam@yahoo.co.id "," "
10901459,"- ","yesirohma77@gmail.com "," "
60727606," "," "," "
69853209," "," "," "
10901559,"0 ","sman1.bakam@gmail.com ","http://sman1bakam.blogspot.com "
69830142," ","smknsatubakam@gmail.com "," "
69969750," ","sditpelitaalamsemesta99@gmail.com "," "
10900256,"- ","wulanoperatorsdn1@gmail.com "," "
10900248," ","SDN10PEMALI@yahoo.com "," "
10900271," ","sdn11pemali@gmail.com "," "
10900265," ","sdn12keceper@gmail.com "," "
10900354,"- ","eddiefitri@yahoo.co.id "," "
10900341," ","sdn15_pemali@ymail.com "," "
10900313," - "," sdn2pemali@yahoo.co.id "," "
10900152,"- ","sekolahdasarnegeritiga@gmail.com "," "
10900171," "," "," "
10900162," ","sdn5pemali@yahoo.com "," "
10900110," ","sdn6pemali@gmail.com "," "
10900106,"0 ","djati.ning84@yahoo.com "," "
10900101,"- ","sdnegeri8.Pemali@gmail.com "," "
10900133,"- ","uswatun_ana85@yahoo.co.id "," "
10900291," ","sdssriwijaya@gmail.com "," "
10900240,"- ","sdbiruni@yahoo.com "," "
10900352," ","sdn14pemali@gmail.com "," "
69960350," ","smpityabunaya@gmail.com "," "
10900191," ","smpnegerisatupemali@yahoo.co.id "," "
10900199," ","SMP.2.Pemali@gmail.com "," "
10900195,"- ","smpn3pemali03@gmail.com "," "
10901920," "," "," "
10900235,"07174298004 ","info@sman1pemali.sch.id ","http://www.sman1pemali.sch.id "
10901897," "," "," "
10900250,"- ","SDNegeriSatu_RiauSilip@yahoo.co.id "," "
10900245," ","sdn10riausilip@yahoo.com "," "
10900268,"- ","liza75842@gmail.com "," "
10900262,"- ","sd12.sinargunung@gmail.com "," "
10900339," ","sdn13riausilip@yahoo.com "," "
10900347,"0 "," "," "
10900343," ","sdnegeri15riausilip@gmail.com "," "
10900367," - ","sdnegeri16riausilip@gmail.com "," "
10900293,"- ","sd17rs@yahoo.com "," "
10900361," ","sdnriausilip@gmail.com "," "
10900314,"- ","sdndua_riausilip@yahoo.com "," "
10900149," ","yelsisaputri2099@gmail.com "," "
10900170,"- ","rosyadi56@ymail.com "," "
10900165," ","sdn5riausilip@gmail.com "," "
10900114," ","sdn6riausilip@gmail.com "," "
10900109,"- ","sdn7_airhantu@yahoo.co.id "," "
10900116,"- ","cumanayacayangely@yahoo.co.id "," "
10900136," ","sdn9riausilip@yahoo.com "," "
10900204," ","spensarssilip@yahoo.com "," "
10901372," ","smpn2riausilip@gmail.com "," "
10901401,"- ","smpn3riausilip@yahoo.com ","http://www.smpn3riausilip.com "
69786878," ","smpnegeri4riausilip@yahoo.com "," "
10901919," "," "," "
10901465," ","sman1riausilip_bangka@yahoo.co.id "," "
10901896," "," "," "
10900540,"0 ","SDN20MBL@Yahoo.com "," "
10901474,"123456 ","SDN30MBL@Yahoo.com "," "
10900498," ","gita86@gmail.com "," "
10900482,"- ","sd10mbl@gmail.com ","http://www.sd10mbl.com "
10900467,"0 "," "," "
10900463," "," "," "
10900481," ","sdn13mbl@yahoo.co.id "," "
10900774,"0 ","Sdn14@yahoo.com "," "
10900462," ","sdn15membalong@yahoo.com "," "
10900535,"0 ","sdn16mbl@yahoo.co.id "," "
10900531," ","Sdn17membalong@yahoo.co.id "," "
10900538," ","jannahsolichatul@gmail.com "," "
10900548," ","sdn19mbl@yahoo.com "," "
10900544," ","sd2membalong@gmail.com "," "
10900526," ","sdn21mbl@yahoo.co.id "," "
10900512,"0 ","sdn22membalong@yahoo.co.id "," "
10900509," ","sdn23mbl@gmail.com "," "
10900507," ","Sdn24membalong@yahoo.co.id "," "
10901786," "," "," "
10900525,"- "," "," "
10900523,"Tidak ada ","sdn27mbl@yahoo.com "," "
10900521," ","sdn28membalong@yahoo.com "," "
10900519,"- ","rizalarizal@gmail.com "," "
10900461,"087896481411 ","hahy11@yahoo.com "," "
10900412,"0 ","sdempatmembalong@yahoo.co.id "," "
10901438,"085924922760 ","sdn5mbl@yahoo.co.id "," "
10900390,"- "," "," "
10900385," "," "," "
10900460," ","sdn8membalong@gmail.com "," "
10901769," ","sekolahdasar_sembilanmembalong@yahoo.com ","http://www.sdn9mbl.com "
60706049," "," "," "
10900417,"0 ","spendalong@gmail.com "," "
10901383," ","data5mbl@gmail.com "," "
10900422," ","smpn1membalong@yahoo.com "," "
10901381,"0 ","smpnegeri4membalong@gmail.com "," "
10901379,"- ","smpntigamembalong@yahoo.co.id "," "
10900449," ","sman1membalong@gmail.com ","http://www.smansamembalong.sch.id "
10901535," ","sekolahdasaranugrahtp@gmail.com "," "
10901778,"- ","usniardijamit@yahoo.co.id "," "
69947317," ","sdkeluargauniversal@gmail.com "," "
10901557," ","sdmuhammadiyahtjg@yahoo.co.id "," "
10900469,"tidak ada ","sdn10tanjungpandan@gmail.com "," "
10900537,"0 ","sdn15.tanjungpandan@yahoo.com "," "
10900533,"0 ","sd16tanjungpandan@yahoo.co.id "," "
10900529,"0719-9223270 ","sdnegeri17tanjungpandan@yahoo.com ","https://www.sdn17tanjungpandan.sch.id "
10900546," ","sdn19tp@gmail.com "," "
10900541,"- ","rizkiyulia45@gmail.com "," "
10900522,"- ","sdn27tanjungpandanbelitung@gmail.com "," "
10900520,"belum ada ","sdnegeri28tp@gmail.com "," "
10900518,"0 ","sdn29tanjungpandan@yahoo.com "," "
10900399,"0 ","Sd31.tanjungpandan@yahoo.com "," "
10900398,"0 ","sdn32tp@gmail.com "," "
10900408,"0 ","sd40tp@yahoo.co.id "," "
10901441,"- ","sdnlima.tanjungpandan@gmail.com "," "
10900445,"0 ","sdndelapantp@yahoo.com "," "
10900440,"TIDAK ADA ","sdnsembilantp@gmail.com "," "
10900484,"0 ","sdnsatutanjungpandan@gmail.com "," "
10900527,"belum ada ","sd20@ymail.com "," "
10900513,"- ","sdduasatu@yahoo.co.id "," "
10900508,"- ","sdnegeri.23tp@yahoo.com "," "
10900515,"0 ","sdn24tp@yahoo.com "," "
10900517,"- ","sdnegeri25tanjungpandan@gmail.com "," "
10900524,"0 ","SDN26Tpandan@Gmail.com "," "
10900400,"0719-23806 ","sdn30tanjungpandan@yahoo.com "," "
10900397,"0 ","sdn33aikkelubi@gmail.com "," "
10900396," ","sritonayulianti@yahoo.co.id "," "
10900403,"- ","Sdn37tanjungpandan@yahoo.com "," "
10900404,"0 ","SDN_38@yahoo.co.id "," "
10900407," ","sdn41tp@gmail.com "," "
10900406," ","sdn_42tp@yahoo.co.id "," "
10900394," ","sdnegeriempattiga@yahoo.co.id "," "
10900393,"000000000 ","sd.sehat@yahoo.com "," "
10900392," ","sdn45tgpandan@yahoo.co.id "," "
10900380,"0 ","sdn46tp@gmail.com "," "
10900379," ","Sdnegeriempattujuh@gmail.com "," "
10900378," ","attallahsyafutra@gmail.com "," "
10900381,"0 "," "," "
10900382," ","erwandiwandi@rocketmail.com "," "
10900383,"tidak ada ","sdn7tanjungpandan@gmail.com "," "
10901721," ","sdreginapacis_tgpandan@ymail.com "," "
69787038,"- ","rizalarizal_09@yahoo.com "," "
60706050," "," "," "
69947313," ","smp.anugrah.tjq@gmail.com "," "
69949356," ","smpitbinainsani@yahoo.com "," "
69947318," ","smpkeluargauniversal@gmail.com "," "
10900431,"- ","smpmuhammadiyah252@yahoo.co.id "," "
10900427,"071921727 ","smpn3tgpandan@yahoo.co.id "," "
10900435," ","smpn_4tanjungpandan@yahoo.co.id ","http://www.smpn4tp.sch.id "
10900419,"071921522 ","smpn1_tp.belitung@yahoo.com ","http://www.smpn1tp.sch.id "
10900426,"(0719) 24214 ","smpn2tjn@gmail.com ","http://www.smpn2tanjungpandan.sch.id "
10900434,"- ","smp5tpbel@yahoo.co.id "," "
10900432,"0 ","esempe.toejoeh@yahoo.com "," "
10900429," ","smppgri2tjn@gmail.com "," "
10900430,"- ","smppgri1tp@gmail.com "," "
10900428,"071922984 ","smprecista@gmail.com ","http://10900428.siap-sekolah.com "
10900416," ","smp_ypb@yahoo.com "," "
10900433,"071921720 ","info@smpn6tp.sch.id ","http://www.smpn6tp.sch.id "
10901921," "," "," "
10901922," "," "," "
69974263," ","smaanugrahtanjungpandan@gmail.com "," "
10900459," ","smansa_tanjungpandan@yahoo.com ","http://sman1tanjungpandan.sch.id "
10900458,"0 ","smanda@sman2-tp.co.id ","http://www.sman2-tp.co.id "
10900457,"- ","smamuhammadiyah79@yahoo.co.id "," "
10900454,"071922284 ","smapi.tanjungpandan@gmail.com ","http://www.smapi-tp.sch.id "
10900452," ","smkn1tgpandan@gmail.com ","http://smkn1tanjungpandan.sch.id "
10900451,"071923299 ","smkn2tanjungpandan@yahoo.com ","http://www.smk2tanjungpandan.sch.id "
69754830," ","smkn3pariwisata@yahoo.co.id "," "
10900437," ","smk_swktp@yahoo.co.id "," "
10900424," ","smkyaperbel2_tanjungpandan@yahoo.co.id ","http://smkyaperbel2_tanjungpandan.co.id "
10901907," "," "," "
10900496," ","sdn1_sijuk@yahoo.co.id "," "
10900470," ","sdn10sijuk@yahoo.co.id "," "
10900466," ","sdn11sijuk@gmail.com "," "
10900471,"0 ","sdnsijuk@gmail.com "," "
10900480,"0 ","sdn13sijuk@gmail.com "," "
10900476,"0 ","sdn14sijuk@gmail.com "," "
10900505,"0 ","sdn15.sijuk@yahoo.co.id "," "
10900534,"0 ","sdn_16sjk@yahoo.co.id "," "
10900530," "," "," "
10900539,"0 ","sdn18sijuk@gmail.com "," "
10900547,"0 ","sdn19sijuk@yahoo.com "," "
10900542," ","sdnegeri2sijuk@yahoo.co.id "," "
10900528,"0 ","cewex_comel@yahoo.co.id "," "
10900514," ","Sd.negeri21sijuk@yahoo.com "," "
10900511,"0 ","SDN22SIJUK@gmail.com "," "
10900402," ","Silvi05lestari@gmail.com "," "
10901742," "," "," "
10901743,"0 ","sdnegerilima@yahoo.com "," "
10900388," ","SD6SJK@YAHOO.COM "," "
10900384,"0 ","sdn7sijuk.sungaipadang@gmail.com "," "
10900446,"0 "," "," "
10900441," ","sdnegeri9sijuk@yahoo.co.id "," "
10901380,"0 ","smp3sijuk@ymail.com "," "
10901382,"0 ","smpn4sijuk2014@yahoo.co.id ","http://smpn4sjk.blogspot.com "
10900420,"- ","smpnegeri1sijuk@gmail.com "," "
10900425," ","smpn2_sijuk@yahoo.co.id "," "
60727608," "," "," "
10900450," ","smansasijuk@yahoo.co.id ","http://www.sman1sijuk.sch.id "
69989330," "," "," "
60728178," "," "," "
10900483,"0 ","sdsepuluhbdparitgunung@yahoo.co.id "," "
10900468," ","sdnsebelasbadau@ymail.com "," "
10900478,"0 ","SDN14BD@yahoo.com "," "
10900545,"- ","syamsiahrenza@yahoo.com "," "
10900506,"- ","kuncahyo_rahmat@yahoo.com "," "
10900377,"- ","sdn5bdu@gmail.com "," "
10900386," ","sdn7badau@yahoo.co.id "," "
10900443,"0 ","sdnsembilanbd@yahoo.co.id "," "
10900499," ","attallahsyafutra@yahoo.com "," "
10900464,"0 ","sdn12badau@yahoo.co.id "," "
10900473,"0 ","sekolahdasarnegeri13badau@gmail.com "," "
10900474," ","sdn15badau@gmail.com "," "
10900536," ","ropik.dawami@yahoo.com "," "
10900532,"0 ","sdn17badau@gmail.com "," "
10900413,"0 ","sdn4bdu@yahoo.com "," "
10900391,"- ","SDN6BADAU@GMAIL.COM "," "
10900415," ","sdnegeri8badau@gmail.com "," "
10900423," ","smpn_1badau@yahoo.com "," "
10900418,"- ","smpn2_badau@yahoo.com "," "
10901378,"- ","smpnegeri3badau@gmail.com "," "
10901375," ","smkn1badau@gmail.com "," "
10900497,"- ","siminopd@gmail.com "," "
10900543," ","sdn2sn@yahoo.com "," "
10900414," "," "," "
10900411," ","sekolahsdn4selatnasik@gmail.com "," "
10901439,"0 ","mailgersik@yahoo.com "," "
10900389," "," "," "
10900447,"Tidak ada ","sdn8selatnasik@gmail.com "," "
10900421,"- ","smpn1selatnasik@yahoo.com "," "
10901377," ","smpnegeri_2selatnasik@yahoo.com "," "
10901376," ","smkn1_sn@yahoo.co.id "," "
10901564," ","sdn15koba@yahoo.com "," "
69971275," ","sdit.sahabatquran2017@gmail.com "," "
10900803,"071861677 ","01kbsdn@gmail.com ","http://www.sd1koba.sch.id/ "
10900807,"'- ","Sdsepuluh_koba@yahoo.co.id "," "
10900782,"0 ","sd11koba@gmail.com "," "
10900743," ","12kbsdn@gmail.com "," "
10900786,"0718 ","13kbsdn@gmail.com ","http://www.sd13koba@yahoo.com "
10900791,"- ","www.sd14koba@gmail.com ","http://www.sd14koba.co.id "
69904960," ","16kobasdn@gmail.com "," "
10900812," ","sdduakoba@yahoo.co.id "," "
10900744," ","sd03koba@gmail.com "," "
10900748," ","SD4Koba@yahoo.com "," "
10900727,"- ","sdlimakoba@gmail.com "," "
10900723,"- ","sdenamkoba91@yahoo.com "," "
10900731,"- ","7kbsdn@gmail.com "," "
10900735," ","sddelapankoba@yahoo.co.id "," "
10900768,"- ","9kbsdn@gmail.com "," "
10900776,"- ","sd.staniakoba@gmail.com "," "
60706056," "," "," "
10900763,"- ","smp_muhammadiyahkoba@yahoo.co.id "," "
10900755,"0718 61277 ","smp1koba@yahoo.com ","http://www.smpn1koba.sch.id "
10901354,"- ","sapari.bk@gmail.com "," "
10900780," ","smpstaniakoba@yahoo.com "," "
69994506," "," "," "
10901929," "," "," "
10900778,"07184222034 ","sma1_koba@yahoo.co.id ","http://sman1koba.sch.id "
10900753,"0 ","smk1koba@yahoo.com "," "
10901629,"0718 6911012 ","smkn2koba@gmail.com "," "
10901904," "," "," "
10900813,"- ","1pklbarusdn@gmail.com "," "
10900787,"- ","sdn8pangkalanbaru@gmail.com "," "
69954750,"- ","admission.sdhbangka@sdh.or.id ","http://sdh.or.id/ "
10900751," ","sd10pkl.baru@ymail.com "," "
10900769," ","11pbsdn@gmail.com "," "
10900792," ","12pbsdn@gmail.com "," "
10900740," ","13pbsdn@gmail.com "," "
10900836,"- ","2pklbrsdn@gmail.com "," "
10900823," ","sdn3pb@gmail.com "," "
10900745," ","4pklbarusdn@gmail.com "," "
10901469," ","05pbsdn@gmail.com "," "
10900783," ","sd6_pangkalanbaru@yahoo.com "," "
10900808,"- ","sdn7pangkalanbaru@gmail.co.id "," "
10900825," ","9sdnpb@gmail.com "," "
10900773,"- ","sdpancasilapb@gmail.com "," "
10900775," ","stheresiatiga@yahoo.com "," "
69949156,"0717431771 ","stkip.mbb@gmail.com ","http://stkipmbb.com "
60706058," "," "," "
69954751,"- ","admission.sdhbangka@sdh.or.id ","http://sdh.or.id/ "
10900756," ","smp1pbr@yahoo.co.id "," "
10901351,"- ","smp_2pangkalanbaru@yahoo.com "," "
69856204,"- ","smp3pbr@yahoo.co.id "," "
10901931," "," "," "
69954754,"- ","admission.sdhbangka@sdh.or.id ","http://sdh.or.id "
10901435," ","smansaparu_pastibisa@yahoo.co.id ","http://sman1-pangkalanbaru.babelprov.go.id "
69980329," "," "," "
10901436,"0 ","smk1pklbaru@yahoo.co.id ","http://smk1pangkalanbaru.sch.id "
10901905," "," "," "
10900790,"- ","sdnegeri12sungaiselan@gmail.com "," "
10900793,"- ","sdn13sungaiselan@gmail.com "," "
10900747,"- ","sd3sungaiselan@yahoo.co.id "," "
10900806,"- ","sd1ss@yahoo.com "," "
10900795," ","bayu_winoto@ymail.com "," "
10900785," ","11sssdn@gmail.com "," "
10900810," ","idwanda73@gmail.com "," "
10900828," ","15sssdn@gmail.com "," "
10900831," ","sd16sungaiselan@yahoo.com "," "
10900834," ","17sssdn@gmail.com ","http://www.sdn17sungaiselan.sch.id "
10900837," ","18sssdn@gmail.com "," "
10900824," "," "," "
10900815," ","sd2sungaiselan@gmail.com "," "
10900818,"- ","20sssdn20ss@gmail.com "," "
10900821," ","21sssdn@gmail.com "," "
10900811," ","sdduaduass@gmail.com ","http://sdn22sungaiselan.sch.id "
69725870,"- ","23sssdn@gmail.com "," "
10900736,"- ","4sssdn@gmail.com "," "
10900724," ","sd5sungaiselan@yahoo.com "," "
10900730,"- ","sd6sungaiselan@gmail.com "," "
10900734,"- ","7sssdn@gmail.com "," "
10900767," ","8sssdn@gmail.com "," "
10900771," ","9sssdn@gmail.com "," "
60706059," "," "," "
69974999," ","smpitbahrulhuda03@gmail.com ","http://smpit.bahrul-huda.or.id "
10900758,"0 ","smpn1sungaiselan@gmail.com "," "
10900761,"- ","smpn2sungaiselan@gmail.com "," "
10901352," ","smpn3_ss@yahoo.co.id "," "
10901433," ","smp5sungaiselan@yahoo.com "," "
69725872," ","smpn6sungaiselan@gmail.com "," "
69725874,"0 ","Smp7sungaiselan@yahoo.com "," "
10901932," "," "," "
10900766,"- ","smansa.selan@gmail.com ","http://sman1sungaiselan.sch.id/ "
10901357,"0 ","sma2sungaiselan@yahoo.co.id ","http://www.sman2sungaiselan.sch.id "
69856203," ","smknegeri1sungaiselan@gmail.com ","http://SMKN1SS.16mb.com "
10901906," "," "," "
10900814," ","sd2simpangkatisberuas@yahoo.com "," "
10900805,"- ","1sksdn@gmail.com "," "
10900796,"- ","sdsepuluhsimpangkatis@yahoo.co.id "," "
10900784," ","11spksdn@gmail.com "," "
10900788," -  ","sd12spkatis@gmail.com "," "
10900746," ","3sksdn@gmail.com "," "
10900737,"- ","afradifah@gmail.com "," "
10900725,"- ","05sksdn@gmail.com "," "
10900729,"- ","sdenamspkatis@yahoo.co.id "," "
10900733,"- ","sdtujuh_simpangkatis@yahoo.com "," "
10900752,"- ","sdn8spkatis.sch@gmail.com "," "
10900770,"- ","Sd9simpangkatis@gmail.com "," "
10900757,"- ","smp1simpangkatis@yahoo.com "," "
10901350,"- ","2spkatissmpn@gmail.com "," "
10901353,"- ","smpsimpangkatis3@gmail.com "," "
10901432,"- ","4spkatissmpn@gmail.com "," "
10901437," ","smk1simpangkatis19@yahoo.co.id ","http://www.smkn1simpangkatis.sch.id "
69955659," "," "," "
10900772,"0717425635 ","sdkasihlb@gmail.com "," "
10900816,"- ","01lbsdn@gmail.com ","http://www.sdn1lubukbesar.blogspot.co.id "
10900829," ","sd10lubukbesar@yahoo.com "," "
10900826," ","sd11lb@yahoo.com "," "
10900741,"- ","sd12lubukbesar@yahoo.co.id "," "
10900742,"- ","sd13lubukbesar@yahoo.co.id "," "
10901429," ","sd14lubukbesar@yahoo.com ","http://sd14lubukbesar.doomby.com "
69725662,"- ","15lbsdn@gmail.com "," "
69856202," ","sd16lb@yahoo.com "," "
69922654," ","17lbsdn@gmail.com "," "
10900819,"- ","02lbsdn@gmail.com "," "
10900822," ","exalibur47@yahoo.co.id "," "
10900750,"0 ","4lbsdn@gmail.com "," "
10900739,"- ","sd5lubukbesar@ymail.com "," "
10900832," ","6lbsdn@gmail.com "," "
10900835," ","sdn7lubukbesar@yahoo.co.id "," "
10900838,"- ","sd8lb@yahoo.co.id "," "
10900794,"- ","Sd09lb_kulur@yahoo.com "," "
10900759,"- ","1lbsmpn@mail.com "," "
10900762,"0 ","smp2lubukbesar@yahoo.co.id "," "
10901430,"- ","3smpnsataplb@gmail.com "," "
69881639," "," "," "
10901434," ","sma1lubukbesar@yahoo.com "," "
69982801," "," "," "
10900732," ","sdsatun@ymail.com "," "
10900820," ","sd2namang@gmail.com "," "
10900728," ","sdn3.namangbateng@gmail.com "," "
10900817," ","sd4namang@gmail.com "," "
10900726,"- ","sd5namang@gmail.com "," "
10900738,"0 ","sd6namang@gmail.com "," "
10900830," ","sd7namang@gmail.com "," "
10900749," ","8ngsdn@gmail.com "," "
10900833,"0 ","9ngsdn@gmail.com "," "
60706057," "," "," "
69979685," "," "," "
10900760," ","smp_1namang@yahoo.com "," "
10901355," ","2ngsmpn@gmail.com "," "
10901930," "," "," "
10900779," ","smasatunamang@gmail.com ","http://www.smansatunamang.sch.id "
10900656,"- ","esdesatukelapa@yahoo.co.id "," "
10900641,"- ","sdn10kelapa@gmail.com "," "
10900645,"- ","sdnsebelaskelapa@yahoo.co.id "," "
10900653," ","sdnduabelaskelapa@yahoo.co.id "," "
10900648,"- ","Sdn13kelapa@yahoo.co.id "," "
10900709,"- ","madhoniaryasaputra@gmail.com "," "
10900704," ","edispdi@yahoo.com "," "
10900721," ","sdn16kelapa@yahoo.com "," "
10900716,"- ","ilusmasari_77@yahoo.co.id "," "
10900701,"- ","nisaarnisa82@gmail.com "," "
10900686,"- ","sdn19kelapa@gmail.com ","http://sdn19kelapababar.mysch.id "
10900682," ","esdeenduakelapa@yahoo.co.id "," "
10900699,"- ","sdn20kelapa@yahoo.com ","http://siapsekolah.com "
10900695,"- ","sdn21.kelapa@yahoo.com "," "
10900592," ","sdn22klp@yahoo.com "," "
10900578,"- ","sdn23kelapa@yahoo.com "," "
10900576,"- ","sdn24kelapa@yahoo.com "," "
10901447,"0 ","SDN25KLP@gmail.com ","http://www.wxample.com "
10901448,"- ","sdn26kelapa@yahoo.com "," "
10900591," ","sd3tebing@Gmail.com "," "
10900556,"- ","www.esde4kelapa@yahoo.com "," "
10900550,"- ","kelapasdnlima@yahoo.com "," "
10900570,"- ","sdnenamkelapa@yahoo.com ","http://www.sdnenamkelapamancung.com "
10900564,"- "," "," "
10900623," ","herlinalova@gmail.com "," "
10900619,"- ","sdn9kelapa@gmail.com "," "
60706060," "," "," "
60706061," "," "," "
10900611," ","smpn1.kelapa@yahoo.com "," "
10901340," ","smpn2.kelapa06@yahoo.com "," "
10901451,"0 ","smpn_3kelapa@yahoo.co.id "," "
10901758," ","smpn4kelapa@gmail.com "," "
69849414," ","KelapaSmpn@yahoo.com "," "
10900613,"- ","smpyprbdendang@yahoo.co.id "," "
10901935," "," "," "
10900629,"0 ","smansakelapa@yahoo.com ","http://www.sman1kelapabangkabarat.sch.id "
10900634,"355091 ","smamariayu.kelapa@ymail.com ","http://smamariayukelapamyschid.mysch.id "
10900601,"- ","smkn1kelapa@gmail.com ","http://www.smk1kelapa.sch.id "
10900684,"- ","-SDN1TEMPILANG@GMAIL.COM "," "
10900638,"- ","sdnsepuluhtempilang@yahoo.com "," "
10900655,"- ","sdn11tempilang@yahoo.com "," "
10900650,"- ","sdnduabelastempilang@yahoo.com "," "
10900711,"- ","sdn13tempilang@gmail.com "," "
10900706,"- ","sdn14tempilang@yahoo.com "," "
10900713,"- ","sdn15tempilang@gmail.com "," "
10900718,"- ","sdn16tempilang@yahoo.com "," "
10900714," ","sdn17tempilang@rocketmail.com "," "
10900688,"- ","sdndlapanblastpl@yahoo.com "," "
10900674," ","sdn19tempilang@yahoo.co.id "," "
10900692,"07162300112 ","sdn2.tempilang@yahoo.com "," "
10900697," ","sdn20tempilang@yahoo.com "," "
10900693," ","sdn21@gmail.com "," "
69855686," ","sdn22tempilang@yahoo.com "," "
10900588,"- ","sdn3tempilang@yahoo.com "," "
10900552,"- ","sdnegeri4_tempilang@yahoo.com "," "
10900560,"- ","sdn5_tpl@yahoo.co.id "," "
10900566,"- ","sdnenamtempilang@ymail.com "," "
10900571,"- ","sdn7tempilang@gmail.com "," "
10900621,"- ","sdn8tempilang@yahoo.com "," "
10900616,"- ","sdn_9tempilang@yahoo.com "," "
10900594,"- ","smpn1_tempilang@yahoo.com "," "
10901479," ","smpn2tempilang@yahoo.com "," "
10901480," ","smp3tempilang@yahoo.com "," "
10901344," ","smpn1satempilang@yahoo.com "," "
10901939," "," "," "
10901941," "," "," "
69788308," "," "," "
10901940," "," "," "
10901346,"- ","smansa_tpl@yahoo.co.id "," "
10900633," ","sma_nh@yahoo.com ","http://www.smanurulhuda.esy.es "
10900632," ","sma.sinarjaya@yahoo.com ","http://sma.sinarjaya@yahoo.com "
69760810," ","smk_negeri1tempilang@yahoo.co.id ","http://smkn1tempilang.sch.id "
69955660," "," "," "
69849360," ","sdit.alihsan.airbelo@gmail.com ","http://sditalihsanairbelo.blogspot.com "
69759081,"tidak ada ","sditbic@yahoo.com "," "
10900672," ","sdmuhammadiyahmentok@yahoo.co.id "," "
10900644," ","sdn1muntok@yahoo.co.id "," "
10900640,"- ","sdn10muntokpal4@gmail.com "," "
10900646," ","sdn.11.muntok@gmail.com "," "
10900652,"- ","sdn12muntok@yahoo.com ","http://www.sdn12muntok.simplesite.com "
10900636,"- ","sdn13muntok@yahoo.com "," "
10900708,"- ","sdn14muntoktanjungpunai@gmail.com ","http://www.sdn14muntok.simplesite.com "
10900703,"- ","sinar_menumbingsdn15@yahoo.co.id "," "
10900720,"- ","sdn16.muntok@yahoo.co.id "," "
10900715,"- ","sdn17muntok@yahoo.com "," "
10900689,"- ","Sdn18_mentok@yahoo.co.id "," "
10900685," ","sdn19muntok@yahoo.com "," "
10900690,"- ","sdntwomuntok@yahoo.com "," "
10900698,"- ","sdn20muntok@yahoo.com "," "
10900694,"0716-22434 ","sdn21_mentok@yahoo.com ","http://www.sdn21muntok.sch.id "
10900580,"- ","sdn22_muntok@yahoo.co.id ","http://sdn22muntok.sch.id "
69760808," ","sdn_23muntok@yahoo.com ","http://www.sdn23muntok@sch.id "
69987789," "," "," "
10900590,"0 ","sdntiga_muntok@yahoo.com ","http://www.sdn3muntok.sch.id "
10900554,"- ","sdn4muntok@gmail.com "," "
10900549," ","sdn5muntok@yahoo.com "," "
10900569,"- ","Sdnegeri6mtk@gmail.com "," "
10900563," ","sdn7_muntok@yahoo.co.id ","http://www.sdn7muntok.sch.id "
10900622,"- ","sdn8muntok@gmail.com ","http://www.sdn8muntok.com "
10900618,"- ","sdnegeri9.belolaut@gmail.com "," "
10900671,"- ","sd_maria_muntok@yahoo.co.id "," "
10900670,"- ","sdtunasharapan@rocketmail.com "," "
60706062," "," "," "
69940575," ","smpislamterpadubic@gmail.com "," "
69964355," ","smpmuh.muntok@gmail.com "," "
10900610,"0716-21537 ","smpn1muntok@gmail.com "," "
10900607,"- ","smpdua_muntok@yahoo.com "," "
10900606," ","smpn3muntok@live.com ","http://www.smpnegeri3muntok.blogspot.com "
10901450,"- ","smpn4muntok@gmail.com ","http://www.smpn4muntok.blogspot.com "
10901760,"- ","smpn5_muntok@yahoo.com ","http://smpn5muntok.blogspot.co.id/ "
69757147," ","smpn6muntok_satap@yahoo.co.id "," "
10900604,"- ","smpsantamariamuntok@gmail.com "," "
69725099," "," "," "
10900628," ","sma1_muntok@yahoo.com ","http://www.sman1muntokbangkabarat.sch.id "
10901427,"07162020171 ","smk1_muntok@yahoo.com ","http://smkn1muntok.sch.id "
10900615,"0716 21661 ","smkbinkar1@gmail.com ","http://www.binkar1smkbisa.sch.id "
10900627,"071621373 ","www.smk.bikada@gmail.com "," "
10900602,"071621524 ","Muhammadiyah_smk@yahoo.co.id ","http://smkmuhammadiyahmuntok.co.nr "
10901898," "," "," "
10900643,"- ","sdn1_mayang@yahoo.com "," "
10900639," ","Sdn10sp.trtp@yahoo.com "," "
10900647,"- ","sdn11simter@yahoo.com "," "
10900651,"- ","sdn12spteritip@gmail.go.id ","http://sdnegeri12simpangteritp.blogspot.com "
10900680,"- ","fitterifiters@yahoo.com "," "
10900707,"- ","sdn14airmenduyung@gmail.com "," "
10900712,"- ","sdn15simpangteritip@yahoo.com "," "
10900719,"- ","sdnsimpangteritip16@yahoo.co.id "," "
10901426,"0 ","sarwidi266@yahoo.com "," "
69849413," ","sdn18simpangteritip@gmail.com "," "
69897119," ","sdn19simpangteritip@yahoo.co.id "," "
10900691,"- ","sdn2simter@gmail.com "," "
10900589,"- ","sdn3spteritip@gmail.com "," "
10900553,"0 ","sdn4simpangteritip@yahoo.co.id "," "
10900559,"- ","sdn5simter_babar@yahoo.co.id "," "
10900568," ","sdn6sinter@gmail.com "," "
10900562,"- ","sdn7_simpangteritip@yahoo.com "," "
10900593,"- ","sdn8simpangteritip@yahoo.co.id "," "
10900617,"- ","sdn9_spt@yahoo.co.id "," "
60706064," "," "," "
10900609,"- ","smpn1simpangteritip_babar@yahoo.co.id "," "
10901446," ","smpn2simpangteritip@yahoo.co.id "," "
10901756,"- ","smpn3.simter@yahoo.com "," "
69897128," ","smpn4simter@yahoo.co.id "," "
69945857," ","smpn5simter@gmail.com "," "
10900603,"- ","smppgri_kundi@ymail.com "," "
69788307," "," "," "
10901936," "," "," "
10901937," "," "," "
10901938," "," "," "
10900630,"0 ","sman1simter@yahoo.co.id ","http://www.sman1simpangteritip.sch.id "
69980372," ","Smkn1.simpangteritip@gmail.com "," "
10901900," "," "," "
10901899," "," "," "
10900657," ","sdnegerisatu_jebus@yahoo.com "," "
10900579," ","sdn10jebus@yahoo.com "," "
10900654,"- ","sdn11jebus@yahoo.com "," "
10900710,"- ","Meta_5j0ly@yahoo.co.id "," "
10900700,"- ","sdn_13jebus@yahoo.com "," "
10900584," ","sdn14jbs@gmail.com "," "
10900722,"- ","sdn16jebus@yahoo.com "," "
10900702," ","sdnenambelas@yahoo.co.id "," "
69854816," ","sd_negeri17jebus@yahoo.com "," "
10900683,"- ","sdn2jbs@yahoo.com "," "
10900583,"- ","sdn3jebus@gmail.com "," "
10900557,"- ","sdnegeri4jebus@gmail.com "," "
10900642,"- ","sdn05jebus@gmail.com "," "
10900696,"- ","sdn6jebus@gmail.com "," "
10900649," ","sdn13_jebus@yahoo.co.id "," "
10900717,"- ","sdn8jebus@yahoo.co.id "," "
10900681,"- ","sdn9jbs@yahoo.co.id "," "
69987790," "," "," "
10900612,"- ","smpn1_jebus@yahoo.com "," "
10900608," ","smp2jebus@yahoo.co.id "," "
10901759,"- ","smpn5jebus@ymail.com "," "
10901933," "," "," "
10900631,"(0715)7322061 ","smansajebus@ymail.com "," "
69993379," "," "," "
10900675,"0 ","sdbaktip3@gmail.com "," "
10900673,"0 ","sdsthilarius@gmail.com "," "
10900558," ","sdn1parti@yahoo.com "," "
10900551," ","sdnsepuluh.parittiga@yahoo.com "," "
10900585,"- ","sdn11parittiga@yahoo.com "," "
10900574,"- ","sdn12_parittiga@yahoo.co.id "," "
10900573," ","sdntigabelasparittiga@gmail.com "," "
10900587,"- ","SDN14Parittiga@gmail.com "," "
10900572,"- ","sdnlimabelas_p@yahoo.com "," "
10900582,"- ","sdnenambelas.parittiga@yahoo.com "," "
10900561," ","sdnegeri17parittiga@gmail.com "," "
10900705,"- ","sdn18parittiga@gmail.com "," "
10900581,"- ","sdn19parittiga@yahoo.com "," "
10900577," ","sdnegeriduaparittiga@yahoo.com "," "
10900687,"- ","sdntigaparittiga@gmail.com "," "
10900575,"- ","sdn4_jampan@yahoo.com "," "
10900586," ","sdnegerilimaparittiga@yahoo.com "," "
10900565,"- ","sdn6parittiga55@yahoo.com "," "
10900637,"- ","sdntujuhparittiga@yahoo.co.id "," "
10900635,"- ","SDN8PARITTIGA@gmail.com "," "
10900620,"- ","sdnsembilan_parittiga@yahoo.co.id "," "
60706063," "," "," "
10900600,"- ","smpbaktiparittiga@yahoo.co.id "," "
10900624," ","spensaparti@gmail.com ","http://smp1parittiga.blogspot.co.id/ "
10901452," ","smpn2.parittiga@gmail.com "," "
10901342," ","smpsatu1atap@yahoo.com "," "
10901341," ","smpn2satuatapparit3@yahoo.com "," "
10901481,"0 ","smpsthilarius@gmail.com "," "
69760809,"0 ","smansaparti@yahoo.co.id "," "
10900625," ","smabaktiparittiga@yahoo.co.id "," "
10901449,"- ","smk.1jebus@gmail.com ","http://smk1parittiga.sch.id "
10900614,"0715/351124 ","smkkaryaparittiga95@yahoo.com ","http://www.smkkaryaparittiga.com "
10900908,"- ","sdn1payung@gmail.com "," "
10900900,"- ","sdn10bedengung@yahoo.co.id "," "
10901566," ","sdn11payung@gmail.com "," "
69900332," ","sd12payung@gmail.com "," "
10900925,"- ","sd2payung@gmail.com "," "
10900855,"- ","sdnegerinadung880@yahoo.co.id "," "
10900853,"- ","sd4ranggung@yahoo.co.id "," "
10900841,"- ","sdnegeri5pangkalbuluh@gmail.com "," "
10900845,"- ","sdnegeri6payung@gmail.com "," "
10900850,"- ","sdn07paku@ymail.com "," "
10900885,"- ","sd08.payung@gmail.com "," "
10900889,"- ","sdn9_irat@yahoo.co.id "," "
60706052," "," "," "
10900873," ","smpn1payung83@yahoo.com "," "
10901361,"0 ","smpn_2payung@rocketmail.com ","http://smpnsmpnegeri2payung-tbl.sch-id.net "
10901761," ","smpn.payung3@yahoo.co.id "," "
69767592,"0 ","smpn4payung@yahoo.com "," "
69989767," "," "," "
10900879," ","sma1payung@yahoo.co.id ","http://sman1payung-tbl.sch-id.net "
10901461," ","smkn1payung@yahoo.co.id ","http://www.smkn1payung.sch.id "
10900897,"- ","sd1simpangrimba@yahoo.com "," "
10900902," ","sdsn_10rajik@yahoo.co.id "," "
10900905," ","sd11sebagin@yahoo.com "," "
10900935,"- ","sdn_2bangkakota@yahoo.com "," "
10900854,"- ","sd3bangkakota@yahoo.com "," "
10900863,"- ","sdn4_bangkakota@yahoo.com "," "
10900843,"- ","sdn5gudang@yahoo.com "," "
10900844,"- ","sdn6jelutungii@ymail.com "," "
10900881,"- ","sd7serdang@gmail.com "," "
10900884,"- ","sddelapanrajik@ymail.com "," "
10900891,"- ","sdn9simpangrimba@gmail.com "," "
10900874," ","smpnegeri1simpangrimba@yahoo.co.id "," "
10901359," ","smpniisimpangrimba@yahoo.co.id "," "
10901478,"0 ","smpn3simpangrimba@gmail.com ","http://smpn3simpangrimba-tbl.sch-id.net "
10901925," "," "," "
10901411," ","sman1simpangrimba@yahoo.com ","http://sman1simpangrimba-tbl-sch-id.net "
69899944," ","smkn1simpangrimba@yahoo.co.id "," "
10901902," "," "," "
10900910," ","sdkarya@yahoo.com "," "
69966005," ","SDMHDSAINTBI@gmail.com "," "
10900899,"- ","sdn1toboalibasel@yahoo.com "," "
10900903,"- ","sdn10.toboali@yahoo.com "," "
10900907,"- ","sdn11toboali@yahoo.co.id "," "
10900939,"- ","sd12taboali@yahoo.co.id "," "
10900941,"- ","sd13toboali@yahoo.co.id "," "
10900943,"- ","sdn14toboali@gmail.com "," "
10900945,"- ","sdn15toboali@yahoo.com "," "
10900946," ","sd16toboali@gmail.com "," "
10900948,"0 ","sd17bikang@yahoo.co.id ","http://www.sd17bikang.com "
10900937,"- ","sdn18tbi@gmail.com "," "
10900936,"- ","sdn19.toboali@gmail.com ","https://sdn19toboali.sch.id/ "
10900927,"0 ","sdn2_toboali@yahoo.co.id "," "
10900928," ","sdnrindik_20@yahoo.com "," "
10900929,"- ","sdnkepoh21@gmail.com "," "
10900930,"- ","Sdn22rias@yahoo.com "," "
10900931,"- ","sdn23toboali@yahoo.com "," "
10900932,"- ","sdnegeri_duaempat@yahoo.com "," "
10900933,"- ","ruslanalbangkani@ymail.com "," "
10900934,"- ","sdn26toboali@ymail.com "," "
10900923," ","sdn27limus@yahoo.co.id "," "
10900895,"- ","sdn28keposang@yahoo.co.id "," "
10900865,"- ","sdn.29toboali@yahoo.co.id "," "
10900858,"- ","sdn3Toboali@yahoo.com "," "
69900290," ","Sdn30toboali@gmail.com "," "
69982028," "," "," "
10900851,"0 ","sdn4_tbk@yahoo.co.id "," "
10900839,"- ","sdnlima_toboali@yahoo.com "," "
10900848,"- ","sd.6toboali@yahoo.com ","http://sd6tbi.sch.id "
10900882,"- ","sdnegeri7toboali@rocketmail.com ","http://sdn7toboali.sch.id/ "
10900886," ","restitob1919@gmail.com "," "
10900892,"0 ","sdnegeri9toboali@gmail.com ","http://www.sdn9-tbl.blogspot.com "
69955133," ","sditalamcahaya@gmail.com "," "
60706054," "," "," "
69989071," "," "," "
10900875,"- ","smpnsatutoboali@yahoo.com ","http://smpnsatutoboali.sch.id "
10900894," ","smpn_2tbi@yahoo.co.id ","http://www.smpn2tbi.wordpress.com "
10901402," ","smpn3tbi@yahoo.co.id "," "
10901405,"- ","smpnempattbi@yahoo.co.id "," "
10901406,"- ","smpn5_toboali47@yahoo.com "," "
10901407," ","smpn6toboali@yahoo.com "," "
10901408,"- ","smpn7tbi@yahoo.co.id "," "
69767593," ","smpn8sataptoboali@yahoo.com "," "
10900869,"- ","pgri2toboali78@yahoo.com "," "
10900870,"- ","smpypk_tob@yahoo.co.id "," "
10901927," "," "," "
10901926," "," "," "
10900878," ","sman1toboali.school@gmail.com ","http://www.sman1toboali.sch.id "
10901412," ","smadatoboali@yahoo.com "," "
10900893," ","smam_tbi@yahoo.com ","http://www.smamuhammadiyahtoboali.sch.id "
10900880,"41997 ","smaypktob@gmail.com "," "
10900867," ","smksatutob.basel@yahoo.co.id ","http://smknegeri1toboali.sch.id "
10900868,"0718-42007 ","smkyapentob@yahoo.com ","http://www.esemka-yapentob.sch.id "
10901903," "," "," "
10900898,"- ","asepsdn1@gmail.com "," "
10900926," ","Sdn2lepong@yahoo.com ","http://10900926.siap-sekolah.com "
10900856,"- ","sd3penutuk@yahoo.com "," "
10900864,"- ","sdn4pulaupanjang@yahoo.com "," "
69900287," ","sdlimaleparpongok@yahoo.com "," "
60706051," "," "," "
10900872,"- ","smpn1lepong@yahoo.com ","http://smpn1leparpongok-tbl.sch.id.net "
10901360,"0 ","smptigalepong@yahoo.co.id ","http://smpn3satuataplepong-tbl.sch-id.net "
10901404,"- ","SMPN3LEPONG@gmail.com "," "
10901410," ","sman1lepong@yahoo.co.id ","http://sman1lepong.sch.id "
10900940," ","sdn1_batubetumpang@yahoo.com "," "
10900942,"- ","sdn2pulaubesar@gmail.com "," "
10900944," ","sedanegaul@yahoo.com "," "
10900947," ","sdn4_ptpulaubesar@yahoo.com "," "
10900949,"- ","sd5sjp@yahoo.com "," "
10900906,"- ","sdn11sukajaya@yahoo.co.id "," "
10900938," ","sdn7pasirputih@yahoo.com "," "
60706053," "," "," "
10900877," ","smpsatupulaubesar@yahoo.com "," "
69947244," ","smpn2pulaubesar@gmail.com "," "
10901924," "," "," "
69899943," ","sman1pulaubesar@gmail.com "," "
10901755," ","smkpbpulau@rocketmail.com ","http://www.smkn1pulaubesar.blogspot.com "
10901901," "," "," "
10900860," ","sdn1tukak@yahoo.com "," "
10900861,"0 ","sdn2sadai_basel@yahoo.com ","http://sdn2sadai-tbl.sch-id.net "
10900862,"- ","sdn3tukaksadai@gmail.com ","http://sdn3tukaksadai.mysch.id/ "
10900859,"- ","-sdn4terap@gmail.com "," "
69900288," ","sdnegeri_5tukaksadai@yahoo.co.id "," "
60706055," "," "," "
10901399," ","smpntukaksadai@ymail.com "," "
69769372," ","smpn2.toekaksadai@gmail.com "," "
10901928," "," "," "
10901841,"- ","smkn1tukaksadai@gmail.com ","http://www.smknegeri1tukaksadai.co.cc "
10900909,"- ","sdn1airgegas@gmail.com "," "
10900901,"- ","sdn10airgegas@yahoo.com ","http://sdn10nyelanding.com "
10900904,"- ","sdn11d@yahoo.com "," "
10900922,"- ","sdn12_sidoharjo@ymail.com ","http://sdn12airgegas.sch.id/ "
69900331," ","sdn13airgegas@gmail.com ","http://sdn13airgegas.sch.id "
69900291," ","sdn14airgegas@gmail.com "," "
69900293," ","sdn15.airgegas@gmail.com "," "
69982029," "," "," "
10900924,"- ","sdn2airgegas@gmail.com "," "
10900857,"- ","sdn3.airgegas@gmail.com ","http://www.sdn3airgegas.sch.id "
10900852,"- ","sdn4tepus@yahoo.com "," "
10900842,"- ","sdn5kelidang.basel@ymail.com ","http://www.sdn5airgegas.sch.id "
10900846,"- ","sdn.nangka@ymail.com "," "
10900866,"- ","sdn7airgegas@gmail.com ","http://www.sdn7airgegas.sch.id "
10900883,"- ","sdn8.airgegas@yahoo.com "," "
10900887,"0 ","sd9airketimbai@gmail.com "," "
69772540,"0 ","darulistiqomah99@gmail.com "," "
10900871," ","spansagas1@gmail.com "," "
10900876," ","smpn2nyg83@yahoo.com "," "
10901403,"000000000000 ","smpn3airgegas@yahoo.com ","http://www.smpn3airgegas-tbl.sch-id.net "
10901362," ","smpn4airgegas@yahoo.com "," "
10901753,"0 ","smpn5airgegas_basel@yahoo.com ","http://smp5airgegas.wordpress.com "
69947211," ","smpn6airgegas@gmail.com "," "
10901923," "," "," "
10901409," ","sman1airgegas@gmail.com "," "
69966762," ","smadarulistiqomah@gmail.com "," "
10901754," ","smkn1_Airgegas@yahoo.co.id "," "
69955658," "," "," "
10900840,"- ","sdnlimapongok@yahoo.co.id "," "
10900847,"- ","sdn2kepulauanpongok@gmail.com "," "
10900849,"- ","csdn7celagen@yahoo.com "," "
10901358," ","smpn1kep.pongok@gmail.com "," "
10901468," ","sman1kepulauanpongok@gmail.com ","http://www.smansakeppo.sch.id "
10901048,"0 ","sdndendangdendang@gmail.com "," "
10905010," "," "," "
10901887," ","sdn2dendang@yahoo.co.id "," "
10901889," ","sdn3dendang@yahoo.co.id "," "
10901026," ","sdn_4_dendang@yahoo.co.id "," "
10901030," ","sdn5ddg@yahoo.com ","http://sdn5ddg.go.id "
10901034," ","susisasmitajaya@gmail.com "," "
10901055," ","dsdntujuh@yahoo.com "," "
10901077," ","mainaafrianti@gmail.com "," "
10901081," "," "," "
10901369,"- ","smpn1ddg@yahoo.co.id ","http://www.smpn1ddg.sch.id "
69830503," ","smpn2dendang@yahoo.com "," "
69788684," ","smkn1ddg@yahoo.com ","http://smkn1.dendang@belitungtimurkab.go.id "
10901049," ","sdn_1gtg@yahoo.com "," "
10901053," ","sdn10gtg@yahoo.com ","http://www.sdn10gantung.blogspot.com "
10901023," ","sdn11_gantung@yahoo.com "," "
10901027," ","sdn12gantung@yahoo.co.id "," "
10901031," ","sdn13_gantung@yahoo.co.id "," "
10901035," ","sdn14gtg@yahoo.com "," "
10901074,"0 ","sdn15gtg@yahoo.com "," "
10901833," ","Sdn_16gantung@yahoo.com "," "
10901082," ","sdn17gtg@yahoo.com "," "
10901835,"- ","gantungsdnegeri18@gmail.com "," "
10901084," ","sdn19gantung@gmail.com "," "
10901057," ","sd2gantung@yahoo.com "," "
10901059," ","sdn20gtg@ymail.com "," "
10901476," ","sdn21gtg@gmail.com "," "
10900970," ","sdn3gtg@gmail.com "," "
10901821," ","sdnegeriempatgantung@gmail.com "," "
10900950," ","sdnlimagantung@ymail.com ","http://www.sdn5gantung.wordpress.com "
10900960," ","sdn06gantung@yahoo.com ","http://www.sdnegeri6gantung.blogspot.com "
10900964," ","sdntujuh_gantung@yahoo.com "," "
10901005," ","sdn08gantung@yahoo.co.id "," "
10911009," ","sdn9gantung@gmail.com "," "
10900988," ","smpnasionalgtg@gmail.com "," "
10900991," ","smpn1.gantung@gmail.com "," "
10900994," ","smpnduagantung@yahoo.co.id "," "
10901453,"00 ","smpn3.gantung@belitungtimurkab.go.id "," "
69830478," ","smpn4gantung@yahoo.com "," "
10901942," "," "," "
10901018," ","smansa1gtg@gmail.com ","http://www.pelangisman1gtg.sch.id "
10901015," ","sma_pergib3gantung@yahoo.co.id ","http://www.smapergib3gantung.webs.com "
69849474," "," "," "
10901047,"0719-91553 ","sdsbaptistmanggar@gmail.com "," "
10901051," ","sdn1mgr@yahoo.com ","http://sdn1manggar.sch.id "
10901025," ","10sdnmanggar@gimail.com "," "
10901029," ","smanggar922@yahoo.com "," "
10901033," ","sdn12manggar@yahoo.co.id "," "
10901858,"0 ","sdntigabelasmanggar@yahoo.co.id ","http://sdn13mgr.blogspot.com "
10901076," ","beltim14@gmail.com "," "
10901080," ","sdn15manggar@yahoo.com "," "
10901085," ","sdn16manggar@gmail.com "," "
10901073," ","adeirma_susanti78@yahoo.co.id "," "
10901062," ","sdnmgr@yahoo.co.id "," "
10901064," ","sdn19manggar@yahoo.co.id "," "
10900972," ","sdnegeriduamanggar@gmail.com "," "
10901066," ","sdn20mgr@yahoo.com "," "
10901868," ","sdn21mgr@gmail.com "," "
10901056," ","sd22mgr@gmail.com "," "
10900968," ","sdn23manggar@gmail.com "," "
10900973," ","sdn24manggars@yahoo.co.id "," "
10900974," ","sdn25manggar@gmail.com "," "
10901070," ","sdn26mgr@gmail.com "," "
10900976," ","sdnmgr27@gmail.com "," "
10900977,"- ","sdn28mgr@yahoo.com "," "
10900952," ","sdnduasembilanmgr@yahoo.co.id "," "
10900956," ","sdnegeri3manggar@gmail.com "," "
10900958," ","sdn4mgr@gmail.com "," "
10900962," ","sdn5manggar@yahoo.com "," "
10900984," ","sdn6manggar@yahoo.co.id "," "
10901007," ","sdntujuh_manggar@yahoo.co.id "," "
10901011," ","sdn8mgr@yahoo.com "," "
10901039," ","sdnsembilanmanggar@yahoo.com "," "
60706067," "," "," "
10900993,"0719-91022 ","smp1manggar@gmail.com "," "
10900996," ","smpn2manggar@gmail.com "," "
10901001," ","smpn3.manggar@belitungtimurkab.go.id "," "
10901020," ","smpn4manggar@yahoo.co.id "," "
10901454," ","smpn5.manggar@belitungtimurkab.go.id "," "
10901855,"- ","smpnegeri6manggar@yahoo.co.id "," "
10901943," "," "," "
10901003,"0719-91012 ","smansa.manggar@gmail.com ","http://smansamanggar.sch.id "
10901016," ","sma_pergib_mgr@yahoo.co.id ","http://smapergibmanggar.sch.id "
69980940," ","smkmuhammadiyahbeltim@yahoo.com "," "
10901370,"07199220013 ","ict_smkn1_manggar@yahoo.co.id ","http://smkn1-manggar.sch.id "
10900986," ","smkhandayani58@yahoo.com "," "
10901854," ","smk.mitranusabakti@ymail.com "," "
10901002,"071991517 ","smk.stannia01@gmail.com ","http://smk.stannia@gmail.com "
10901799," ","sdn1kkampit@gmail.com "," "
10901808," ","sdn10_kelapakampit@yahoo.co.id "," "
10901809," ","sdnkkampit11@yahoo.co.id "," "
10901036," ","sdn12kelapakampit@yahoo.com "," "
69863238," ","sdntigabelaskkampit@gmail.com "," "
10901075," ","sdnegeri14kelapakampit@yahoo.co.id "," "
10901089," ","sdn15kelapakampit@gmail.com "," "
10901086," ","sdnenambelaskkampit748@yahoo.co.id "," "
10901083," ","sdn17kelapakampit@gmail.com "," "
10901058," ","sdn2_kelapakampit@yahoo.com "," "
10900971," ","sdn3kelapakampit@yahoo.co.id "," "
10900966," ","sd_4kk@yahoo.com "," "
10900961," ","sdn5_kelapakampit@yahoo.com "," "
10900965," ","sdn6kelapakampit@gmail.com "," "
10901006," ","sdn7.kelapakampit@gmail.com "," "
10901010," ","sd8kk@yahoo.com "," "
10901807," ","sdn9kk@gmail.com "," "
10902051," ","123busmp@gmail.com "," "
10900992," ","smpnegeri1kk@gmail.com "," "
10900995,"0 ","smpn2kelapakampit@gmail.com "," "
10901455," ","smpn3.kampit@belitungtimurkab.go.id "," "
10901019," ","smansa_kampit@yahoo.com ","http://www.sma1kampit.sch.id "
10901464,"(07119)92016 ","smkn1kk@yahoo.co.id ","http://www.smkn1kampit.sch.id "
10900978," ","sdn1damar@yahoo.com "," "
10900979," ","sdnegeri2damar@yahoo.com "," "
10900980," ","sdn3dmr@yahoo.co.id "," "
10900981," ","sdn4damar@yaho.co.id "," "
10900955,"- ","sdn5damar@gmail.com "," "
10900954," ","sdn6damar@gmail.com "," "
10900953," ","sdn7dmr@yahoo.com "," "
10900957," ","sd8damar@gmail.com "," "
10901079,"- ","sdn9damar@yahoo.com "," "
10900998," ","smpn1dmr@yahoo.com "," "
10901856," ","smpn2damar@gmail.com "," "
69830475," ","sman1damar@gmail.com ","http://sman1damar.sch.id "
10901061," ","sdn1.sprg@gmail.com "," "
10901063," ","sdn2sprg@gmail.com "," "
10901065," ","sdn3_simpangrenggiang@yahoo.com "," "
10901067,"0 "," "," "
10901068," ","sdn5sprg@gmail.com "," "
10901069," ","sd6sprenggiang@yahoo.com ","http://www.sdn6sprenggiang.worpress.com "
10901071," ","sdn7sprg@gmail.com "," "
10901021," ","sdn8sprg@gmail.com "," "
10900997," ","smpn1sp_renggiang@yahoo.co.id "," "
69953470," ","Smpn2renggiang@gmail.com "," "
69900274," ","smkn1simpangrenggiang@gmail.com "," "
10901072," ","sdn1spp@gmail.com "," "
69953599," ","sdn10sppesak@gmail.com "," "
10900969," ","sdnegeri2simpangpesak@yahoo.co.id "," "
10900982," ","sdn3sugesp@gmail.com "," "
10900951," ","sdn4simpangpesak@yahoo.co.id "," "
10900959," ","andrianigusti1@gmail.com "," "
10900963," ","sdn6sp@gmail.com "," "
10901004," ","sdntujuhsp@yahoo.com "," "
10901008," ","sdndelapansimpangpesak@yahoo.co.id "," "
10901385," ","sdn9sp@yahoo.com "," "
10900990,"- ","smpn1.pesak@belitungtimurkab.go.id "," "
10901013," ","smpn2.pesak@belitungtimurkab.go.id ","http://smpn2.pesak@belitungtimurkab.go.id "
10901017," ","sman1simpangpesak@gmail.com ","http://www.sman1simpangpesak.sch.id "
10901198," ","sdargasari@dinpendikpkp.go.id ","http://www.sdargasari-pkp.sch.id "
10901177," ","sdn_1pkp@yahoo.co.id ","http://sdn1-pkp.sch.id "
10901179," ","sdn11@dinpendikpkp.go.id ","http://sdn11-pkp.sch.id "
10901301," ","sdn16@dinpendikpkp.go.id ","http://www.sdn16-pkp.sch.id "
10901321,"0 ","sdn19@dinpendikpkp.go.id ","http://www.sdn19-pkp.sch.id "
10901322," ","sdn2@dinpendikpkp.go.id "," "
10901330," ","sdn28@dinpendikpkp.go.id ","http://sdn28_pkp.sch.id "
10901320," ","sdn33@dinpendikpkp.go.id ","http://sdn33pangkalpinang.blogspot.com "
10901312," ","sdn43pkp@yahoo.co.id "," "
10901125,"0 ","sdn57@dinpendikpkp.go.id ","http://www.sdn57-pkp.sch.id "
10901094," ","sdn68@dinpendikpkp.go.id ","http://www.sdn68-pkp.sch.id "
10901093," ","sdn69@dinpendikpkp.go.id ","http://www.sdn69-pkp.sch.id "
10901311," ","sdn42@dinpendikpkp.go.id ","http://www.sdn42pkp.sch.id "
69984453," ","santafamilia45@gmail.com "," "
10901174," ","sdtheresia1@dinpendikpkp.go.id ","http://sdtheresia1.pkp.sch.id "
10901173," ","sdswadaya@dinpendikpkp.go.id "," "
69787009,"0717431857 ","sdkasihbaptist@dinpendikpkp.go.id ","http://www.sdkasihbaptist@dinpendikpkp.go.id "
60706071," "," "," "
10901141," ","smpn1@dinpendikpkp.go.id "," "
10901146," ","smpn5@dinpendikpkp.go.id ","http://www.smpn5-pkp.sch.id "
10901139,"- ","smptheresia@dinpendikpkp.go.id ","http://www.smptheresia-pkp.sch.id "
10901137," ","smpsetiautama@dinpendikpkpgo.id ","http://www.smpsetiautama@dinpendikpkp.go.id "
10901946," "," "," "
10901135,"0717 - 422930 ","sman3@dipendikpkp.go.id ","https://www.sman3-pkp.sch.id "
10901098," ","smamuhammadiyah@dinpendikpkp.go.id ","http://www.smamuhammadiyah-pkp.sch.id "
10901100,"0717422773 ","smasantoyosefpangkalpinang@gmail.com ","http://smasantoyosefpkp.sch.id "
10901101,"- ","smaswadaya@dinpendikpkp.go.id ","http://smaswadaya-pkp.sch.id/ "
10901154,"0717437042 ","smkbakti@dinpendikpkp.go.id ","http://smkbaktipkp.sch.id "
10901163," ","smktunaskarya@gmail.com ","http://smktunaskarya-pkp.sch.id "
10901910," "," "," "
69815370," ","seminari_mjb@yahoo.com ","http://seminarijohnboen.sch.id "
10901819," ","sdmandiri@dinpendikpkp.go.id ","http://sdmandiri-pkp.sch.id "
10901323," ","sdn20@dinpendikpkp.go.id ","http://sdn20-pkp.sch.id "
10901324," ","sdn21@dinpendikpkp.go.id ","http://www.sdn21-pkp.sch.id "
10901327," ","sdn25@dinpendikpkp.go.id ","http://www.sdn25-pkp.sch.id "
10901328,"0717 437164 ","sdn26pkp@dinpendik.go.id ","http://www.sdn26-pkp.sch.id "
10901133," ","sdn50@dinpendikpkp.go.id ","http://sdn50-sch.id "
10901109," ","sdn52@dinpendikpkp.go.id ","http://sdn52-pkp.sch.id "
10901120," ","sdn53@dinpendikpkp.go.id ","http://www.sdn53-pkp.sch.id "
10901121," ","sdn54@dinpendikpkp.go.id ","http://www.sdn54-pkp.sch.id "
10901106," ","sdn65@dinpendikpkp.go.id ","http://sdn65-pkp.sch.id "
10901092," ","sdn7@dinpendikpkp.go.id ","http://www.sdn7-pkp.sch.id "
10901126,"000000000000 ","sdn58@dinpendikpkp.go.id ","http://www.sdn58-pkp.sch.id "
10901171," ","sdpembinaan@dinpendikpkp.go.id "," "
60706068," "," "," "
10901142," ","smpn10@dinpendikpkp.go.id ","http://smpn10-pkp.sch.id "
10901147,"0717 422452 ","smpn6@dinpendikpkp.go.id ","http://www.smpn6-pkp.sch.id "
10901152," ","smppembinaan@dinpendikpkp.go.id ","http://www.smppembinaan-pkp.sch.id "
10901150," ","smppgri3@dinpendikpkp.go.id ","http://www.smppgri3-pkp.sch.id "
10901140," ","smpyapenkos@dinpendikpkp-go.id "," "
10901944," "," "," "
10901134,"0717-424967 ","sman2@dinpendikpkp.sch.id ","http://www.smadapkp.sch.id "
10901103," ","smathb@dinpendikpkp.go.id ","http://smathbpkp.sch.id "
10901159,"42255112 ","smkn4@dinpendikpkp.go.id ","http://www.smkn-4pkp.sch.id "
10901161,"0717432694 ","smkpgri@dinpendikpkp.go.id ","http://www.smkpgri-pkp.sch.id "
10901162,"0717423082 ","smksore@dinpendikpkp.go.id ","http://www.smksorepkp.sch.id/ "
10901908," "," "," "
10901300," ","sddepatiamir@dinpendikpkp.go.id ","http://www.sddepatiamir.sch.id "
10901182," ","sdn14@dinpendikpkp.go.id ","http://www.sdn14.pkp.sch.id "
10901329," ","sdn27@dinpendikpkp.go.id ","http://www.sdn27-pkp.sch.id "
10901304,"0 ","sdn36@dinpendikpkp.go.id ","http://www.sdn36-pkp.sch.id "
10901306," ","sdn38@dinpendikpkp.go.id ","http://www.sdn38-pkp.sch.id "
10901316," ","sdn47@dinpendikpkp.go.id ","http://sdn47-pkp.sch.id "
10901317,"0717 ","sdn48@dinpendikpkp.go.id ","http://sdn48-pkp.sch.id "
10901105," ","sdn66@dinpendikpkp.go.id ","http://www.sdn66pkp.sch.id "
10901170," ","sdpaulus2@dinpendikpkp.go.id "," "
60706070," "," "," "
60706069," "," "," "
10901165," ","smpdepatiamir@dinpendikpkp.go.id ","http://www.smpdepatiamir-pkp.sch.id "
10901148,"- ","smpn7@dinpendikpkp.go.id ","http://www.smpn7-pkp.sch.id "
10901145,"0717422110 ","smpn4@dinpendikpkp.go.id "," "
10901153,"0717424890 ","sman4@dinpendikpkp.go.id ","http://sman4-pkp.sch.id "
10901097,"- ","smadepatiamirpkp@babelprov.go.id ","http://www.smadepatiamir-pkp.sch.id "
10901185," ","sdmuhammadiyah@dinpendikpkp.go.id ","http://sd-muhammadiyahpkp.sch.id/ "
10901183,"- ","sdn15@dinpendikpkp.go.id ","http://www.sdn15-pkp.sch.id "
10901305," ","sdn37@dinpendikpkp.go.id ","http://www.sdn37-pkp.sch.id "
10901108,"- ","sdn51@dinpendikpkp.go.id "," "
10901303,"0717 438258 ","sdn18@dinpendikpkp.go.id ","http://www.sdn18-pkp.sch.id "
10901308," ","sdn4@dinpendikpkp.go.id ","http://www.sdn4pkp.sch.id "
10901168," ","sdn5@dinpendikpkp.go.id "," "
60730114," "," "," "
10901166,"- ","smpmuhammadiyah@dinpendikpkp.go.id ","http://www.smpmuhammadiyah-pkp.sch.id "
69821178," ","smpitnu@dinpendikpkp.go.id ","http://smpitnu-pkp.sch.id/ "
10901104,"0717434047 ","sman1@dinpendikpkp.go.id ","http://www.sman1-pkp.sch.id "
10901156,"(0717) 438372 ","smkn1@dinpendikpkp.go.id ","http://smkn1-pkp.sch.id "
10901157,"0717-422741 ","smkn2@dinpendikpkp.go.id ","http://smk2pangkalpinang.sch.id "
69982484,"07179100494 ","sdqu@dinpendikpkp.go.id "," "
69896874," ","sekolahalam_bangkabelitung@yahoo.com "," "
10901302," ","sdn17@dinpendikpkp.go.id ","http://www.sdn17-pkp.sch.id "
10901326," ","sdn24@dinpendikpkp.go.id ","http://www.sdn24-pkp.sch.id "
10901331," ","sdn29@dinpendikpkp.go.id ","http://www.sdn29pkp.sch.id "
10901335," ","sdn32@dinpendikpkp.go.id ","http://www.sdn32.pkp.sch.id "
10901318," ","sdn35@dinpendikpkp.go.id "," "
10901315," ","sdn46@dinpendikpkp.go.id ","http://www.sdn46-pkp.sch.id "
10901129," ","sdn60@dinpendikpkp.go.id ","http://sdn60-pkp.sch.id "
10901130," ","sdn61@dinpendikpkp.go.id "," "
10901107," ","sdn64@dinpendikpkp.go.id ","http://www.sdn64-pkp.sch.id "
10901095," ","sdn67@dinpendikpkp.go.id ","https://www.sdn67-pkp.sch.id "
10901332," ","sdn3@dinpendikpkp.go.id ","http://www.sdn3pkp.sch.id "
10901309," ","sdn40@dinpendikpkp.go.id ","http://www.sdn40pkp-sch.id "
10901122,"- ","sdn55@dinpendikpkp.go.id ","http://www.sdn55-sch.go.id/ "
10901091,"0 ","sdn8@dinpendikpkp.go.id ","http://www.sdn8-pkp.sch.id "
10901477,"- ","sditalbina@dinpendikpkp.go.id ","http://sditalbina-pkp.sch.id "
69726142," "," "," "
69982749," "," "," "
10901143," ","smpn2@dinpendikpkp.go.id ","http://smpn2-pkp.sch.id "
10901167,"0 ","smpn9@dinpendikpkp.go.id ","HTTP://www.smpn9-pkp.sch.id "
10901144," ","smpn3@dinpendikpkp.go.id ","http://www.smpn3-pkp.sch.id "
10901151,"- ","smppgri2@dinpendikpkp.go.id ","http://www.smppgri2-pkp.sch.id "
10901949," ","smpitalbina@dinpendik.go.id "," "
10901945," "," "," "
10901099," ","smapgri@dinpendikpkp.go.id ","http://smapgri-sch.go.id "
10901909," "," "," "
69958423," ","sdbahagia@dinpendikpkp.go.id "," "
10901199," ","sdbudimulia@dinpendikpkp.go.id ","http://www.sdbudimulia-pkp.sch.id "
10901186,"(0717) 438978 ","sdkalamkudus@dinpendikpkp.go.id ","http://sdkalamkudus-pkp.sch.id "
10901180," ","sdn12@dinpendikpkp.go.id ","http://sdn12-pkp.sch.id "
10901334," ","sdn30@dinpendikpkp.go.id ","http://www.sdn30-pkp.sch.id "
10901310," ","sdn41@dinpendikpkp.go.id ","http://www.sdn41-pkp@sch.id "
10901090," ","sdn9@dinpendikpkp.go.id "," "
10901181," ","sdn13@dinpendikpkp.go.id ","http://sdn13-sch.id "
10901336," ","sdn49@dinpendik.pkp.go.id ","http://www.sdn49-pkp.sch.id "
10901124," ","sdn56@dinpendikpkp.go.id "," "
10901175," ","sdtheresia2@dinpendikpkp.go.id ","http://sdtheresia2-pkp.sch.id "
10901164," ","smpbudimulia@dinpendikpkp.go.id ","http://www.smpbm-pkp.sch.id "
10901950,"0717438978 ","smpkalamkudus@dinpendikpkp.go.id ","http://www.smpkalamkudus-pkp.sch.id "
10901149,"0 ","smpn8@dinpendikpkp.go.id ","http://www.smpn8-pkp.sch.id "
10901138," ","smpswadaya@dinpendikpkp.go.id ","http://www.smpswadaya-pkp.sch.id "
10901158,"(0717) 434835 ","smkn3@dinpendikpkp.go.id ","http://www.smkn3-pkp.sch.id/ "
10901951,"4256836 ","smkn5@dinpendikpkp.go.id ","http://smkn5pangkalpinang.sch.id "
69972538," ","sditaattauhid@dinpendikpkp.go.id "," "
10901462," ","sdn22@dinpendikpkp.go.id "," "
10901463," ","sdn44@dikpendikpkp.go.id "," "
10901314," ","sdn45@dinpendikpkp.go.id ","http://www.sdn45-pkp.sch.id/ "
10901128," ","sdn6@dinpendikpkp.go.id ","http://www.sdn6@dinpendikpkp.go.id "
10901132," ","sdn63@dinpendikpkp.go.id "," "
10901178,"(0717) 42379 ","sdn10@dinpendikpkp.go.id "," "
10901325,"(0717) 9102007 ","sdn23@dinpendikpkp.go.id ","http://www.sdn23-pkp.sch.id "
10901307," ","sdn39@dinpendikpkp.go.id ","http://www.sdn39-pkp.sch.id "
10901131," ","sdn62@dinpendikpkp.sch.id ","http://www.sdn62-pkp.sch.id "
10901184," ","sdpaulus1@dinpendikpkp.go.id "," "
69896885," ","sditalqudwah@dinpendikpkp.go.id "," "
10901136,"0717421947 ","smppaulus@dinpendikpkp.go.id ","http://www.smppaulus.wordpress.com "
