NPSN,"Fax ","Email ","Website "
90101057,"0031705142852 ","info@sekolahindonesia.nl ","http://www.sekolahindonesia.nl "
90101058," "," "," "
90101003,"+31705142852 ","info@sekolahindonesia.nl ","http://www.sekolahindonesia.nl "
90101023,"03-3719-1786 ","srit1962@gmail.com "," "
90101024," "," "," "
90101025,"+81333719786 ","siln.tokyo@kemdikbud.go.id "," "
90101004,"+20233372822 ","indoschoolcairo@gmail.com ","http://www.sekolahindonesiacairo.org "
90101005,"2033372822 ","sic1956@yahoo.com ","http://www.sekolahindonesiacairo.org "
90101006,"033372822 ","indoshoolcairo@gmail.com ","http://www.sekolahindonesiacairo.org "
90101017,"006032698422 ","sik.kualalumpur@gmail.com ","http://sekolahindonesia.edu.my "
90101018,"006032698422 ","sik.kualalumpur@gmail.com ","http://sekolahindonesia.edu.my "
90101019,"60326988422 ","sik.kualalumpur@gmail.com ","http://sekolahindonesia.edu.my "
9LN01013," ","clc.inanam@gmail.com "," "
69972020," "," "," "
69972021," "," "," "
69971981," ","clccahayatagastuaran@gmail.com ","http://cahayatagas.com "
9LN01014," ","sdcerdas01@gmail.com "," "
69972023," ","clcsd.duta@gmail.com "," "
69972016," ","clcgracecentre18@gmail.com "," "
9LN01012," ","clc_hanim@yahoo.com "," "
69971941," ","clcsdkimloong@gmail.com "," "
69971967," "," "," "
69971982," "," "," "
69972018," ","sutraladang@gmail.com "," "
69981512," "," "," "
69972004," ","clcsdmenanggol@gmail.com "," "
69972019," ","clctimora@gmail.com "," "
90101049,"+6088492602 ","clcsdsabah@gmail.com ","http://sikk.edu.my "
9LN01114,"088215170 ","clcklkepong@gmail.com ","http://clcklkepong.go.id "
9LN01110," ","clcpegagau@gmail.com "," "
9LN01092," ","clcpermodalan1@gmail.com "," "
9LN01108," "," "," "
69972047," "," "," "
9LN01098," ","sungai.balung51@gmail.com "," "
9LN01100," ","jeletabumiclc@yahoo.co.id "," "
9LN01107,"088492602 ","sungaimenanggol@gmail.com ","http://www.sikk.sch.id "
9LN01116," "," "," "
9LN01093," "," "," "
9LN01106," ","clcsmpt43bombalai@gmail.com "," "
9LN01094," ","clcborneosamudera@gmail.com "," "
9LN01099," ","clc21ladanggamore@gmail.com "," "
9LN01109," "," "," "
9LN01095," ","clcgslb@gmail.com "," "
9LN01120," "," "," "
9LN01113," ","clcjeroco25@gmail.com "," "
9LN01084," ","keningauclc@gmail.com "," "
9LN01118," ","kertamkalabakan@gmail.com "," "
9LN01083," ","clc.kinabalu@yahoo.com "," "
9LN01090," ","clc4sapi2@yahoo.com "," "
9LN01115," ","ioi.clcluangmanis@gmail.com ","http://luangmanis.com "
9LN01119," ","lclumadanbeaufort@yahoo.com.my "," "
9LN01097," ","abujilan@gmail.com "," "
9LN01089," ","clc7merotai@gmail.com "," "
9LN01088," ","clcsmpt11mostyn@gmail.com "," "
9LN01103," ","clcnabawansmp@gmail.com "," "
9LN01096," ","clcpamol20@gmail.com ","http://www.clc20pamol.blogspot.com "
9LN01091," "," "," "
9LN01111," "," "," "
9LN01085," ","clcribubonus28@gmail.com "," "
9LN01086," ","clc.09sabahmas@gmail.com "," "
9LN01117," ","clcsegaria@gmail.com "," "
9LN01105," ","syarimoclc@gmail.com "," "
9LN01104," "," "," "
9LN01087," "," "," "
90101050,"088492602 "," ","http://www.sikk.edu.my/ "
90101053,"088492602 "," ","http://www.sikk.sch.id "
69973923,"+6088492602 ","sekolahinduksikk@gmail.com ","http://sikk.sch.id "
9LN01154," "," "," "
9LN01015," ","clckundasang@gmail.com ","http://www.clccintamata.blogspot.com "
9LN01016," ","edisongeulu@gmail.com "," "
9LN01138," ","clccempaka@gmail.com "," "
9LN01017," ","clcstthomas1@gmail.com "," "
9LN01020," ","seratbangsakimanis@gmail.com "," "
9LN01019," "," "," "
9LN01023," ","clcbudiluhurbiah@gmail.com "," "
9LN01024," ","SD_BudiluhurAsbon@yahoo.com "," "
9LN01025," ","sdbudiluhurbingkor324@gmail.com "," "
9LN01041," ","goodsamaritankeningau@gmail.com "," "
9LN01030," ","ilhaminasa@gmail.com "," "
9LN01026," ","florayohanes@gmail.com "," "
9LN01027," ","clcpasirputih@gmail.com "," "
9LN01021," ","seratbangsabongawan@gmail.com "," "
9LN01022," ","seratbangsa@gmail.com "," "
9LN01028," "," "," "
9LN01029," ","SLDBinandung@gmail.com "," "
9LN01037," ","clcmatakana@gmail.com "," "
9LN01031," ","unitedmalacca12@gmail.com "," "
9LN01032," ","unitedmalacca3dan4@gmail.com "," "
9LN01036," ","clcladangcepat@gmail.com ","http://clc25ladangcepatkpd.simplesite.com "
9LN01035," ","clc3ladanglumadan@gmail.com "," "
9LN01034," ","clcfransisko.yasinta@gmail.com ","http://fransiskoyasinta.Wordpress.com "
9LN01038," "," "," "
9LN01040," ","gambennusantara@yahoo.co.id "," "
9LN01039," ","nurulafifah8296@yahoo.com "," "
9LN01042," ","sblangkon001@gmail.com "," "
9LN01051," "," "," "
9LN01043," "," "," "
9LN01050," ","clcsdfelcraestetpertama@gmail.com "," "
9LN01054," ","clckpmelayusulaiman@gmail.com "," "
9LN01056," ","clcsdandamy@gmail.com "," "
9LN01055," ","clckarangan@gmail.com "," "
9LN01045," "," "," "
9LN01044," ","clc19monsok.sab@gmail.com "," "
9LN01155," ","clcnusantarasdk@yahoo.com "," "
9LN01046," "," "," "
69981913," ","clcladangnak@gmail.com "," "
9LN01048," ","seratbangsagomantong2016@gmail.com "," "
9LN01049," "," "," "
9LN01053," ","clcsd.srilikasmewah@gmail.com "," "
9LN01068," "," "," "
9LN01071," ","abusyamul@gmail.com "," "
69972046," "," "," "
9LN01066," ","clcsegaria@gmail.com "," "
9LN01070," ","holytrinity68@gmail.com "," "
9LN01064," ","clcsdkokointan@gmail.com "," "
9LN01059," ","clclamsoon@gmail.com "," "
9LN01079," ","clc.lembahdanum@gmail.com "," "
69981516," "," "," "
69981514," ","clcsdbukittajam@gmail.com "," "
69981513," ","sanang.abas@gmail.com "," "
9LN01069," ","puterabangsa60@gmail.com "," "
69981515," "," "," "
9LN01078," "," "," "
9LN01065," ","clcseratbangsabagahak@gmail.com ","http://sikk.sch.id "
9LN01062," ","badz.dhika@gmail.com "," "
9LN01073," ","ngafifass@gmail.com "," "
9LN01127," "," "," "
9LN01067," ","clc13sldbapasbalung@gmail.com "," "
9LN01060," ","clcsldblitang@gmail.com "," "
9LN01072," ","teckguansebatik@gmail.com "," "
9LN01081," ","clctunasperwiraranggu@gmail.com "," "
9LN01164," ","clcsmptholytrinity@gmail.com "," "
69981517," ","clc.smpfgv@gmail.com "," "
9LN01112," "," "," "
9LN01141," "," "," "
9LN01135," "," "," "
9LN01128," ","bentabelian@gmail.com "," "
9LN01136," ","clcsdbimasakti@gmail.com "," "
9LN01018," ","clc.kotabelud01@gmail.com "," "
9LN01129," ","sd.kretam.silimpopon.1@gmail.com "," "
9LN01131," ","syahrisan26081989@gmail.com "," "
9LN01137," ","oyhclcsd@yahoo.com "," "
9LN01140," ","clcresort100@gmail.com ","http://majidnur.com "
9LN01126," ","clcladangtamaco@gmail.com "," "
9LN01130," ","pelitabangsaclc@gmail.com "," "
9LN01124," "," "," "
9LN01134," "," "," "
9LN01142," ","sekolahdalitop@gmail.com "," "
9LN01139," ","sd.winsome@gmail.com "," "
9LN01125," ","Lianriantiarno.crb@gmail.com "," "
9LN01133," ","stjosephpaparclc@gmail.com "," "
9LN01132," "," "," "
9LN01156,"- ","clcsmptgiram@gmail.com ","http://www.catatanclcgiram.blogspot.com "
9LN01161," "," "," "
9LN01158," ","clcsapagayakertam330@gmail.com "," "
9LN01162," ","clckundasang@gmail.com "," "
9LN01163," ","clc.lembahdanum@gmail.com "," "
9LN01157," ","clc19permai@gmail.com "," "
9LN01147," ","clc.alhijrahmutiara@gmail.com "," "
9LN01152," "," "," "
9LN01145," ","fahimatunnajah@gmail.com "," "
69972045," "," "," "
9LN01153," ","clcsopblambir@gmail.com "," "
9LN01149," "," "," "
69972024," ","clcsdpekaka@gmail.com "," "
9LN01148," ","clc.pinang4009@gmail.com "," "
9LN01143," ","clcrajawali@gmail.com ","http://clcrajawali.com "
9LN01146," ","clcladangsuai2telabit@yahoo.com "," "
9LN01150," ","clcsdsungaibalim@gmail.com "," "
69972030," ","clcsungaitrus@gmail.com "," "
69972044," ","clcrinwoodpm@gmail.com "," "
69972043," ","clcsungaiklad78@gmail.com "," "
9LN01151," ","Clcsaremassarawak@gmail.com "," "
9LN01144," ","clcwilmarsegarmas@gmail.com "," "
69962248," ","siln.johorbahru@kemdikbud.go.id "," "
69962249," ","siln.johorbahru@kemdikbud.go.id "," "
9LN01047," ","clcsdfantasigenerasi@gmail.com "," "
69984999,"0 ","clcsungaisegamaha@gmail.com ","http://www.facebook.com/clc.segamaha?__nodl "
90101029,"0951-254468 ","yangon.sd@kemdikbud.go.id ","http://www.iisyangon.net "
90101030,"0951254468 ","yangon.smp@kemdikbud.go.id ","http://iisyangon.net "
90101031,"+95-1-254468 ","yangon.sma@kemdikbud.go.id ","http://www.iisyangon.net "
90101032,"+63822973462 ","si.davao@gmail.com "," "
9LN01102," "," "," "
9LN01101," "," "," "
90101033,"(+6382) 2973462  ","si.davao@gmail.com ","http://www.siln-davao.com "
90101034,"+63822973462 ","si.davao@gmail.com ","http://www.sidavao.wordpres.com "
90101035,"+74959515737 ","info@simoskow.ru ","http://www.simoskow.ru "
90101036,"+74959515737 ","INFO@SIMOSKOW.RU ","HTTP://WWW.SIMOSKOW.RU "
90101037,"+74959515737 ","info@simoskow.ru ","http://simoskow.ru "
90101007,"00966114882966 ","riyadh.sd@kemdikbud.go.id ","https://siriyadhsaudiarabia.blogspot.com/ "
90101008,"00966114882966 ","riyadh.smp@kemdikbud.go.id ","https://siriyadhsaudiarabia.blogspot.com/ "
90101009,"00966114882966 ","riyadh.sma@kemdikbud.go.id ","https://siriyadhsaudiarabia.blogspot.com/ "
90101014,"+966-12-6436743 ","siln.jeddah@kemdikbud.go.id ","http://sekolahindonesiajeddah.sch.id "
90101015,"+966-12-6436743 ","siln.jeddah@kemdikbud.go.id ","http://sekolahindonesiajeddah.sch.id "
90101016,"02-6436743 ","siln.jeddah@kemdikbud.go.id ","http://sekolahindonesiajeddah.sch.id "
90101055," ","siln.makkah@kemdikbud.go.id "," "
90101056," ","siln.Makkah@kemdikbud.go.id "," "
90101190," ","siln.makkah@Kemdikbud.go.id "," "
90101020,"+65 64453680 ","admin@sekolahindonesia.org.sg ","http://www.sekolahindonesia.org.sg "
90101021,"+65 64453680 ","admin@sekolahindonesia.org.sg ","http://www.sekolahindonesia.sg "
90101022,"+65 64453680 ","admin@sekolahindonesia.sg ","http://www.sekolahindonesia.sg "
90101026,"+6622549412 ","sib_bangkok@hotmail.com ","http://sib-bangkok.org "
90101027,"+6622549412 ","sib_bangkok@hotmail.com ","http://sib-bangkok.org "
90101028,"+66 22549412 ","sib_bangkok@hotmail.com ","http://sib-bangkok.org "
