NPSN,"Fax ","Email ","Website "
40604285,"0426 ","salmiatispdsd@yahoo.co.id ","http://www.sdinpresbela.net "
40600312," ","sdi.bonebone@gmail.com "," "
40604287," ","asmirmilik1974@gmail.com "," "
40604288,"0426 ","sdikasambang@yahoo.com ","http://www.sdikasambang@yahoo.com "
40600470,"0426 ","sdi_petakeang@yahoo.co.id ","http://wwwsdipetakeang.sch.id "
40600433,"0426 ","sditajimane@yahoo.com ","http://wwwsditajimane.sch.id "
40600145," ","sdnno2tapalang@gmail.com "," "
40605529," ","sdnanusu@yahoo.com ","http://www.sdnanusu.net "
40600167," "," "," "
40600169," ","sdk_bullung@yahoo.co.id "," "
69922838," ","sdnayanginna@gmail.com "," "
40604554," ","sdnk_karanamu@yahoo.co.id ","http://wwwsdnkaranamusch.id "
40600165,"0426 ","sdnkasambang@yahoo.com ","http://www.sdnkasambang.sch.id "
40605271,"0426 ","rizaica85@gmail.com ","http://www.sdntaloba.wordpress.com "
40600136," "," "," "
40605489," ","hh89873@gmail.com "," "
40600157," ","sdn.limbeng@yahoo.com "," "
40600190," "," "," "
40600160," ","sdnrantedunia@gmail.com "," "
69774899," "," "," "
40604310," "," "," "
40600112," "," "," "
40605423," ","sdnserang70@gmail.com "," "
40600308,"0 ","sdntaan@yahoo.cpm ","http://www.sdntaan@yahoo.cpm "
40600309," ","sdntaangalung@yahoo.co.id "," "
40604727," ","sdnkecil@yahoo.co.id "," "
40604316,"0426 ","sdntasipa@yahoo.co.id ","http://www.sdntasipa.net "
40600338," ","nurhasmawati.hamzah@gmail.com "," "
40600482," "," "," "
40600469,"0426 ","sdipempioang@yahoo.co.id ","http://www.sdn.inp.pempioang.sch.id "
40600434," "," "," "
40605574,"0426 ","sdnkalimbua@gemail.com ","http://www.sdnkalimbua.net "
69994824," "," "," "
60724304," "," "," "
40600246," ","smpn1tapalang1973@gmail.com ","http://smpn1tapalang.890m.com/ "
40604341,"0 ","smpnegeri2.tapalang@yahoo.com ","http://www.smpnegeri2tapalang.sch.id "
40605642," ","smpn3_tapalang@yahoo.co.id "," "
69775696," "," "," "
69994643," "," "," "
40605907," "," "," "
40600228,"082188713220 ","sman1tapalang@yahoo.co.id ","http://sman1tapalang.sch.id "
40605658," ","sman2tapalang@yahoo.com ","http://www.sman2tapalang.sch.id "
69786951," ","smkn1tapalang@gmail.com ","http://smkn1tapalang.sch.id "
60404220," "," "," "
40600325," ","rahmansyah098@gmail.com "," "
40600323,"0426 ","sdibinanga1@gmail.com ","https://www.sdinpresbinanga1.com "
40600322,"Tidak ada ","sdinpresbinangaiimamuju@yahoo.com "," "
40604286,"0 ","sumiati123@gmail.com "," "
40600352," ","sdi_karampuang@yahoo.com ","http://www.sdikarampuang.net "
40600484,"- ","Sdinpres.padangpanga@gmail.com ","http://www.sdinprespadangpanga.net "
40600488,"0426 ","sdinprespuncak123@gmail.com ","http://www.sdinprespncak.sch.id "
40600506," ","sdninpresrimuku@gmail.com ","http://www.sdinpresrimuku.sch.id "
40600495," ","amrul_gagah@yahoo.com "," "
40605412,"- ","sdi_alfurqan@yahoo.co.uk "," "
40600275,"0426. 21949 ","sdn1mamuju@gmail.com ","http://www.sdnegerisatumamuju.sch.id "
40600146," ","hasma2221@gmail.com "," "
40600262," ","sdn5mamuju@gmail.com "," "
40600448," ","sardialgi@gmai.com "," "
40600462," ","bonebonemamuju@gmail.com ","http://sdnbonebone.net "
40600182,"0426 ","sd_tammasapi@yahoo.com "," "
40600164,"0426 ","sdnkaraeang@gmail.com ","http://www.scsdnkaraeang.sch.id "
40600159," ","sdnno.4mamuju@gmail.com ","http://www.sdn4mamuju.sch.id "
40600277," ","sdnegeripadangbaka@gmail.com "," "
40600305,"0426 ","SD-Sepang@yahoo.com ","http://WWW.Sdn sepang.sch.id "
69867989," ","amelia_mamuju@yahoo.com "," "
69985879," "," "," "
69774898," ","sdklalawang@yahoo.com "," "
40600166," ","anjoropitu306@yahoo.com "," "
40604969," ","hasbihawan1989@gmail.com "," "
40600438," ","yayalove30@yahoo.co.id ","http://www.sdnkurunganbassi.net "
40605450," ","sdn2mamuju@ymail.com "," "
40604697,"tidak ada ","sdntahayahaya@yahoo.com "," "
40600440," "," "," "
40600344,"0426 ","SDinpresmanalisse@gmail.com "," "
40600500,"0426 ","sdi.salulayang@gmail.com ","http://www.namasekolah.sdh.id "
40600498," ","sdinpressangkurio@gmail.com "," "
69788606," ","ombenk.jie@gmail.com "," "
69830628," ","sdmu.mamuju@gmail.com "," "
60724298," "," "," "
60724296," "," "," "
60724297," "," "," "
60724295," "," "," "
60724292," "," "," "
60724293," "," "," "
60724294," "," "," "
69980159," ","smpitwildan46@gmail.com "," "
40600253,"0426 - 21063 ","smp1mamuju@yahoo.co.id ","http://www.smp1mamuju.sch.id "
40600257,"0426 ) 21031 ","smpn2_mmj@yahoo.com "," "
40600248," ","smpntigamamuju@yahoo.co.id ","http://www.smpn3mamuju.sch.id "
40604694," ","alamsyah0879@gmail.com "," "
69896983," ","Smp6mamuju@gmail.com "," "
40604647," ","smppgrimamuju@yahoo.co.id "," "
40605176,"0428-21982 ","smpialfurqan97@gmail.com "," "
40605454," ","smpmuhmuhammadiyah@yahoo.co.id ","http://smpmu.sch "
69985880," "," "," "
40604638,"0426 ","smpn5_kabmamuju@gmail.com ","http://www.smpn 5 mamuju.sch.id "
69976561," "," "," "
69976559," "," "," "
40605887," "," "," "
40605895," "," "," "
40605894," "," "," "
40605892," "," "," "
40605891," "," "," "
40605889," "," "," "
40600227,"042621223 ","smansamamuju@yahoo.co.id ","http://sman1mmj.co.id "
40600229,"0 ","smanegeri2mamuju@gmail.com ","http://sman2mamuju.sch.id/ "
40604655," ","smagamamuju@gmail.com "," "
69859685,"0 ","smkmu.mamuju@gmail.com ","http://www.smkmumamuju.sch.id "
69859684," ","smkn1mamuju@gmail.com ","http://www.smkn1mamuju.sch.id "
40600223," ","smk1tanratu@yahoo.com ","http://smk.sch.go.id "
40604484," ","smkkeperawatan_mamuju@yahoo.com "," "
69774917,"2324440 ","smkfatimah@gmail.com "," "
40600233," ","smktiwikrama_mamuju@yahoo.co.id ","http://WWW.EXAMPLE.COM "
40604364,"04262324209 ","smkpariwisata.mamuju@gmail.com ","http://www.smkpariwisatamamuju.sch.id "
40600212,"04262324699 ","smkpelayaranmamujuh@yahoo.co.id "," "
60404205," "," "," "
69881535," "," "," "
60404209," "," "," "
60404208," "," "," "
60404207," "," "," "
69888541," ","smtksetiamamuju@gmail.com "," "
40600421," "," "," "
40600395," ","Ardy.sllukcewa@gmail.com ","http://www.SDI Ahuni.sch.id "
40600362,"0426 "," ","http://www.sdi bakengkeng.net "
40600334,"0426 ","ilhamsyam23@yahoo.com ","http://www.sdiberuberu.net "
40600315,"0426 ","sdinpresgentungan@gmail.com ","http://www.sdinpresgentungan.net "
40600349," ","sdilengke0@gmail.com "," "
40600339,"0426 ","sdinpreslombang@yahoo.com ","http://www.sdinpreslombang.sch.id "
40600343,"0426 ","sumiatisp.d@908yahoo.com ","http://www.id.com.sd inpres malolo "
40600489," ","yahyaddinsirajuddin@yahoo.com "," "
40604284,"0426 ","natanielyusuf@gmail.com ","http://wwwsdinpressalukaha.sch.id "
40600414,"0426 ","sdinprestampapadang@yahoo.com ","http://www.sdinprestampapadang.sch.id "
40600420," ","sdinprestasiuone@yahoo.co.id "," "
40600177," ","sdn.galung@yahoo.com "," "
40600441," "," "," "
40600442," ","sdnbalatedong@gmail.com "," "
40604299,"91561 ","Sdk.barang-barang@yahoo.com ","http://www.SD Negeri Barang Barang.net "
40600178,"91561 ","Sd_galunglemo@yahoo.co.id ","http://www.SD Negeri Galung Lemo.net "
40600183,"085230310545 ","sdnkabuloang@gmail.com "," "
40600186," ","ksdnkecilkalukku@yahoo.co.id "," "
40600163," ","sdnkampungbaru842@gmail.com ","http://sdnkampungbaru.mysch.id "
40600200," ","sdkanang2@gmail.com ","http://www.sdnkanangkanang.net "
40605427," ","sdn.kassakalukku@gmail.com "," "
40600203," ","daudmanala@gmail.com "," "
40604719," ","nasarrani@gmail.com "," "
40600187," ","sdkpamulukang@yahoo.com "," "
40600278," ","sdnpanamba@gmail.com ","http://www.sdnpanamba.net "
40604558," ","andrysheva@yahoo.co.id "," "
40604298," ","sdnpeuweang@gmail.com "," "
40600265," ","sdnegerirantedango@gmail.com "," "
40600268," ","sd.negerirea@yahoo.com "," "
40600300," ","sdnsalupompong.klk@yahoo.com "," "
69930680,"0426 ","nasarrani@gmail.com "," "
40600132," ","rezky_kiki2@yahoo.co.id "," "
40600301," ","sdn.sampoang@gmail.com "," "
40604311," ","sdk_sappala@yahoo.co.id "," "
40600104," ","sdktalaba.kalukku@yahoo.com "," "
40600109," ","sdktampalambagu@gmail.com "," "
40600135," ","sdntapparang@gmail.com "," "
40605485," ","alisyahril83@gmail.com ","http://www.SD Negeri Transmigrasi Marano.net "
40600296," ","sdk_uhaimate@yahoo.com "," "
40600330," ","sdibelangbelang@gmail.com ","http://sdibelangbelang91561.blogspot.com "
40600350,"0426 ","Narthyanjas@ymail.com ","http://sdilekbeng.net "
40600346,"0426 ","sdmanaiman59@gmail.com ","http://www.sdimanaiman.net "
40600149," ","sdn.rumbiapo@gmail.com "," "
40605254," ","sdikalilung123@yahoo.com "," "
69774900," "," "," "
40605256," ","nurdingdc@gmail.com "," "
69774901," ","sdnkombiling02@gmail.com "," "
40605257," "," "," "
40605261," ","sdkpalado@gmail.com "," "
40605262," ","sdkpambutungan@yahoo.co.id "," "
69830627," ","sdntabelo@yahoo.co.id "," "
40605332,"0426 ","misrawati0@gmail.com ","http://www.SD Negeri Taboko Timur.net "
40605446," ","sdktalaki.klk@yahoo.com "," "
40605447," "," "," "
40605436," "," "," "
40604325," "," "," "
60724287," "," "," "
60724288," "," "," "
60724286," "," "," "
69754692," "," "," "
60724285," "," "," "
40600251," ","nasriadi17081994@gmail.com "," "
40600242,"0426 ","sama_din@yahoo.co.id ","http://www.smpn2kalukku.sch.id "
40600245,"- ","ahmad.smpn3klk@gmail.com "," "
40604826," ","smpn4kalukku@gmail.com "," "
69859688," ","sapruddin.yusuf@yahoo.co.id "," "
40600213," ","smpsbudimuliatasiu@gmail.com "," "
69774906," ","ahmad.smpn3klk@gmail.com "," "
60728415,"0426 ","smpn6kalukku@yahoo.co.id ","http://www.smpn 6 kalukku.sch.id "
69975820," "," "," "
69976557," "," "," "
69756147," "," "," "
40605879," "," "," "
40605877," "," "," "
40605875," "," "," "
40605880," "," "," "
40605873," "," "," "
40605878," "," "," "
40605876," "," "," "
40605874," "," "," "
40600226," ","smansatukalukku@yahoo.co.id ","http://www.sman1kalukku.sch.id "
40605302," ","smada_kalukku@yahoo.com ","http://sma.sch.id "
69830629," ","smagakalukku@gmai.com ","http://sman3kalukku.id "
40600210," ","ksmabudimulia@yahoo.com ","http://www.smabm.cc "
69965180," ","smadarulilmisampoang@gmail.com "," "
69931900," ","smknegerisulbar@gmail.com ","https://www.smknegerisulbar.com "
69950249," ","smknurulmukmininkalukku@gmail.com "," "
69774922," ","smkbinabakti@gmail.com ","http://www.smkbinabakti.com "
40604360," ","smkbudimuliakalukku@gmail.com "," "
69774921," ","LMZahmad@yahoo.co.id ","http://www.smksdqhnw_gentungan.go.id "
69774915," ","punggawamalolo@gmail.com ","http://www.smkpunggawamalolo.sch.id "
69994518," "," "," "
69976565," "," "," "
60404203," "," "," "
60404202," "," "," "
40600327," "," "," "
40600174,"- ","sdn_bulo@yahoo.co.id "," "
40600509,"- ","sdi_salu@yahoo.com "," "
40600429,"- ","imsald.siko39bon@yahoo.co.id "," "
40600423,"- ","sditaman@gmail.com "," "
40600291,"- ","sdtararang_123@yahoo.co.id "," "
69895016," "," "," "
40600161,"- "," "," "
40600173,"042622299 ","sdnkalumpang@yahoo.Co.id "," "
40600138,"- ","abdwahid170393@yahoo.co.id ","http://www.sdnmalolo.sch.id "
40600140," ","sdnmapo@gmail.com "," "
40604552,"- "," "," "
40600279,"- "," "," "
69895017," "," "," "
40600283," "," "," "
40600284,"- ","sdnpekkaro@gmail.com ","http://sdnpekkaro.blogspot.com "
40600266,"- "," "," "
40600267,"0426 ","sdn_rattemenanga@yahoo.com ","http://www.sdn_rattemenanga@yahoo.com "
40600285,"- ","yumastriyordan@yahoo.com ","http://www.sdnsalukayu.sch.id "
40600447,"- ","SDNBau@yahoo.co.id "," "
69859690," "," "," "
40600152,"- ","fiktorpobatu@gmail.com "," "
40600155,"- ","yonoo@rocketmail.com "," "
40600207,"- ","sdk_makkaliki@yahoo.co.id "," "
40600137,"0426 ","sdn_maliuko@yahoo.com ","http://www.sdn_maliuko@.yahoo.com "
40600273," ","Sdn_petangunan@yahoo.com ","http://www.sdn_petangunan.sch.id "
40604305," ","sd.polio@gmail.com "," "
40604553,"- ","anchasanjaya@yahoo.com "," "
40600118,"- ","wahid.caem@yahoo.co.id ","http://www.sdnsalulekke.sch.id "
40600113,"- "," "," "
40600252," ","darwis227@gmail.com "," "
40604546," "," "," "
60728414,"- ","Tararang@yahoo.com "," "
69897024," ","smpn6klp.siraun@gmail.com "," "
40600218,"- ","Smpn7_rantepata@gmail.com "," "
40604823," ","sicaemputrarimba@gmail.com "," "
40605295," ","smpn4kalumpang@gmail.com "," "
69954361," "," "," "
69964599," "," "," "
40605303," ","smansakalumpang@gmail.com "," "
40604356,"0426 ","kalumpangsmkn@ymail.com "," "
40604304," "," "," "
40600360," ","sdilebani@gmail.com "," "
40600269," ","salu-salu@gmail.com "," "
40600394," ","sukrianto_s.ip@yahoo.com "," "
40600139," ","sdimambie@gmail.com ","http://wwwsdi.mambie.sch.id "
40600361," "," "," "
40600476,"- "," "," "
40600467," ","sdi.pasabu@gmail.com "," "
40600415," ","sditanetepao@gmail.com "," "
40600458," "," "," "
40600276," ","sdn01tapalangbarat@gmail.com "," "
40600176," ","SDNDungkait@yahoo.com "," "
40600141," "," "," "
40604559,"0426 ","amiruddin0487@gmail.com ","http://www.sdnpangseangan.net "
40604307," "," "," "
40605156," ","hamzahmasud@rocketmail.com "," "
40604314," "," "," "
40600289,"0426 ","sdntanjungngalo@yahoo.com ","http://www.sdn.tanjungngalo.sch.id "
40604315,"- "," "," "
40600293," "," "," "
40600154," ","dapodik_sdnlebani@yahoo.co.id "," "
40600290," "," "," "
40600258," "," "," "
40600247," ","smpn2tapalangbarat@yahoo.co.id "," "
40605175," ","smpn3tpb@gmail.com "," "
60728496," ","andiaril.22@gmail.com ","http://www.smpn4tapalangbarat.net "
69976558," "," "," "
40605908," "," "," "
40605906," "," "," "
69900176," ","smaneg1tapalangbarat@gmail.com "," "
40604358," ","smkntapalangbarat@gmail.com ","http://www.smkntapalangbarat.sch.id "
60404221," "," "," "
60404222," "," "," "
69788115," "," "," "
40600501," ","sdn.inp.salukayu1@gmail.com ","http://sdisalukayu1.net "
40600337,"0426 ","nhiaehusniah79@gmail.com ","http://www.sdinpreskapas.sdh.id "
40600347,"0426 ","m_unhy@ymail.com ","http://www.sdninpresmandarpitu.sdh.id "
40600286," ","sdinp.salukayu2@gmail.com "," "
40600427," ","gunawanguna@yahoo.com "," "
40600435," ","sdinprestoabo1@gmail.com ","http://sditoabo1.mysch.id "
40600436," ","sdinp.toabo2@ymail.com "," "
40600445," ","anty@yahoo.com "," "
40600446," ","sdn_batupapan@yahoo.co.id "," "
40604320," ","sdnbodabodapapalang@yahoo.com "," "
40600282,"0426 ","papalang90@yahoo.com ","http://www.sdipapalang.sch.id "
40604302," ","sdk_lampoko@yahoo.com "," "
40600158," ","sdnlimbongtea@yahoo.co.id ","http://www.sdnlimbongtea.net "
40605260," ","sdnnusantara2008@yahoo.com "," "
40600280," ","sdnegeri_paniki@yahoo.com "," "
40600303," ","sdkecilsakio@yahoo.com "," "
40604308," ","salubotteng_botteng@yahoo.com "," "
40604549," ","belmorobertbelmo@yahoo.com "," "
40600100," ","Sahar_udin43@yahoo.co.id "," "
40600292," "," ","http://sdntawaro.net "
40604319," ","achmadachmad229@yahoo.co.id "," "
40600310," ","elisabeth_biri@yahoo.com "," "
40604550," ","sdi_toabo3@yahoo.com "," "
40600439,"0426 ","sdkecilmesakada@yahoo.co.id ","http://www.sdkecilmesakada.org "
40600449," ","sdnkapaasang@yahoo.co.id "," "
40604703," ","sdk_salulitti@yahoo.com "," "
40605276," ","Shibghah501@yahoo.co.id "," "
40605527," ","waisirumpasdn@gmail.com "," "
60724301," "," "," "
60724299," "," "," "
60724300," "," "," "
40600241,"0426 ","smpn01papalang@gmaill.com ","http://www.smpn01papalang.sch.id "
40600237," ","Smpn_duappl@yahoo.com "," "
40604701," ","smpnpapalang@yahoo.co.id ","http://smpn3pplg.mysch.id "
40605292," ","smpn_4_papalang@yahoo.com "," "
40605900," "," "," "
40605902," "," "," "
40605903," "," "," "
40605899," "," "," "
40605901," "," "," "
40605304," ","smansapapalang@gmail.com ","http://sman1papalang.sch.id "
40600224," ","yusran76@ymail.com ","http://sma.sch.id "
40604357,"- ","smkn1papalangmamuju@gmail.com ","http://smkn1papalangmamujumalaqbi.sch.id "
60404217," "," "," "
60404218," "," "," "
60404216," "," "," "
40600335," ","sdikalonding@yahoo.com "," "
40600313,"0426 ","sdinpresbunde@yahoo.co.id ","http://www.sdinpresbunde.sch.id "
40600355," ","sdikue@yahoo.com "," "
40600340," ","sdilosso@yahoo.com "," "
40600486," ","sdipangalloang@yahoo.com "," "
40600510," ","sdisalubarana@yahoo.com "," "
40600463," ","sdisidal@yahoo.com "," "
40600419,"0426 ","sdinprestarailu@yahoo.co.id ","http://www.sdinprestarailu.net "
40600287," ","sdksalumabongi@yahoo.com "," "
40600191," ","sdn_pedasi@yahoo.com "," "
40600103," ","sdktakosang@yahoo.com "," "
40600288," ","Sdtanambuah@yahoo.com "," "
40605268," "," "," "
40600184," "," "," "
60724302," "," "," "
40600255,"- ","smpnsatusampaga@yahoo.go.id "," "
69859686," ","serli.khalifa@yahoo.com "," "
40600236,"0426 ","anshar59@yahoo.com "," "
40604820," ","martini.charma@gmail.com "," "
69897027,"0426 ","operatorsmpnh@yahoo.com ","http://www.smpsislamnurulhudatarailu.net "
40605905," "," "," "
40605904," "," "," "
40604353," ","smansasatusampaga@gmail.com ","http://smansasampaga.src "
69941844," "," "," "
69941845," "," "," "
40600454," ","sditommovi@gmail.com "," "
40600316," ","sdi_kabe@yahoo.co.id "," "
40600319," ","hartonomcs@yahoo.com "," "
40600431," ","pancedian@gmail.com "," "
40604544," ","sdiswakrsatommov@gmail.com ","http://www.SD INPRES SWAKARSA TOMMO V.net "
40600437," ","sdi.tommo1@gmail.com "," "
40600451," ","ariawangede437@ymail.com "," "
40600452," ","dhiana.soedrajad@gmail.com "," "
40600181,"- ","Bakri751@yahoo.Co.id "," "
40600455," ","suriatmi.miranda@yahoo.com "," "
40605169," ","k.adisurono71@gmail.com "," "
40605164," "," "," "
40605170," ","sdnbuntulalong@yahoo.com "," "
40600199," ","nas88ut@gmail.com "," "
40605165," ","sdnkarondang@yahoo.com "," "
40604326," ","sdnkilodua@gmail.com "," "
40600156," "," ","http://www.SD Negeri Leling.net "
40600205," ","Debby_Lestar@yahoo.com "," "
40605168,"0426 ","nurdayani.arsyad@yahoo.com ","http://www.sdnlombanbulo.net "
40600206," ","sdnlombanbaraba@yahoo.com "," "
40600281,"0426 ","gusty.zetya@facebook.com ","http://sdnpantaraan.sch.id "
69774905,"085756534406 ","rantemariosdk@gmail.com ","http://sdnrantemario.sch.id "
40600114," ","sdnsalumuni@yahoo.com "," "
40600117,"0426-21063 ","mmuslimin090@gmail.com ","http://www.sdnsaludengen.sch.id "
40600119," ","sdn.salulassa@gmail.com ","http://www.sdn.salulassa@gmail.net "
40600130," ","sdnsalumadingin@yahoo.com "," "
40604309," ","Makmuranzal@yahoo.com "," "
40605166," ","sdnsalupattung@gmail.com ","http://www.SDNegeriSalupattung "
40604704," ","Ramlimoha@yahoo.com "," "
40600302," ","sdnsandana@yahoo.com "," "
40600133," ","sdnsandanabaru@yahoo.com "," "
40605167," ","sdnsukamaju@yahoo.com "," "
40600108," ","sdn.tamemongga@gmail.com "," "
40600318," ","samsuddin@gmail.com "," "
40600490," ","ajay_manarang@yahoo.co.id "," "
40600453," ","sditommov1991@gmail.com ","http://sditommov.blogspot.co.id "
60724305," "," "," "
40600244,"0426 ","smpn2tommo@gmail.com ","http://www.smpn2tommo.sch.id "
40600249,"- ","smpn1tommo@gmail.com ","http://smpn1tommo.sch.id "
40604640,"- ","smpn3tommo@yahoo.co.id ","http://smp3tommo.co.id "
40604504,"0426 ","smpnempattommo@yahoo.com ","http://www.smpnegeri4tommo.sch.id "
40605177," ","smpn5tommo@yahoo.co.id "," "
40605293," ","smp6tommo@yahoo.co.id "," "
40605503,"0426 ","smpn07tommo@gmail.com ","http://www.smpn7tommo.sch.id "
60728407," ","SMPNSATAPPANTARAAN@yahoo.co.id "," "
69927901," "," "," "
40604642,"085825179431 ","sman1tommo@gmail.com ","http://sman1tmm.sch.id "
69774910," ","smanegeri2tommo@gmail.com ","http://sman2tommo.sch.id "
69774912,"0855825181703 ","tommosmkn@yahoo.com ","http://www.smkn1tommo.sch.id "
69774918," ","smktrans_p@yahoo.com ","http://www.smktransprimatommo.net "
69976566," "," "," "
40600321," ","sdkallanbaru@yahoo.com "," "
40600341," "," "," "
40600348," ","kristalgiagia@yahoo.co.id "," "
40600483," ","sdi.pabettengan@yahoo.com ","http://www.sdipabettengan.sch.id "
40600496," ","mythaci@hotmail.com "," "
40600497," ","sdi_salutiwoII@yahoo.co.id "," "
40604321," ","ksaribulan@yahoo.com ","http://www.sditalondok.sch.id "
40600180," ","sumarni_hinua@yahoo.com "," "
40604327," ","sdn.kinatang@yahoo.com ","http://www.sdnkinatang.sch.id "
40600148,"91562 ","pimp_mank@live.com "," "
40600274," ","sdn.pelosian@gmail.com "," "
40600272," ","sd.salueno@yahoo.com "," "
40600299," ","sdtalondo_kondo@yahoo.com "," "
40600298," ","sdtamalea.bonehau@ymail.com "," "
40604323," ","sd.kalabuan@yahoo.com "," "
40600208,"sdkmao@yahoo.com "," "," "
40600188," "," "," "
40600192," ","sdk.pelokoan@yahoo.com "," "
40600101,"0426 ","pimp_mank@rocketmail.com ","http://www.sdnsaruran.sch.id "
40605445," ","sdntakkesanga@yahoo.co.id "," "
69980160," "," "," "
40600256," ","smpn1bonehau@yahoo.com "," "
40604641,"- ","jon_hendra@ymail.com "," "
69859687," ","smp.mappu@yahoo.com "," "
40600217," ","smpn1bonehau@yahoo.com "," "
60728408," ","smpnempat.bonehau@yahoo.com "," "
60728409," "," "," "
40605881," "," "," "
40604570," ","smansa.bonehau@yahoo.co.id "," "
60728431," ","bonehausmandua@yahoo.com "," "
40605476," ","buttuadasmas@yahoo.com ","http://sma.sch "
69774911," ","smkn1bonehau@gmail.com ","http://smk.sch.id "
40600413," ","tpangale@yahoo.co.id "," "
40600417," "," "," "
40600353," ","inpres.karema@gmail.com "," "
40600466," ","hafidpasada21@gmail.com "," "
40600504,"0426 ","sdinpresrangas@yahoo.com ","http://www.sdinpresrangas.sch.id "
40600507," ","Albarpedo@gmail.com ","http://www.sdisalletto.sda.id "
40600492," ","sdinpressalupangi@yahoo.co.id "," "
40600425,"0426 ","sdisimboro@gmail.com ","http://www.sd inpres simboro.sch.id "
40600428,"0426 ","alimuhammadbudi@gmail.com ","http://www.sdinpressumare.net "
40600424,"085342212222 ","bali.sanafi@yahoo.co.id ","http://www.sd inpres taludu.sch.id "
40600198," ","sdnpahlawanmamuju@gmail.com ","http://wwwsdnpahlawan.sch.id "
40600131," "," "," "
40600106," ","sdktambayako@yahoo.co.id "," "
40600175," ","sdnbulutakkangmamuju@yahoo.id "," "
40600179," ","nurlaelah03@gmail.com ","http://www.sdnganno.sch.id "
40604970," ","sdnkassa@gmail.com ","http://www.sdnkassa.net "
40604303," "," "," "
69883426," ","sdnmalauwa@yahoo.co.id ","http://www.sdnmalauwa.net "
40605431," "," "," "
40600143,"0426 ","sdn_karema@yahoo.co.id ","http://www.sdn2karema.id "
40604972," "," "," "
40605280," "," ","http://www.sdnsalurombia.net "
40600115," ","ridwan.maksum@yahoo.co.id "," "
40600306," ","sekolahnegrisese@yahoo.co.id "," "
40604312," ","simbuangdua@yahoo.co.id "," "
40604973," ","sdkecil_tabunia@yahoo.com "," "
40600110," "," "," "
40604317," "," "," "
40604974,"0426 "," ","http://www.sdntransmigrasi.net "
69901594," "," "," "
60724303," "," "," "
69853585," "," "," "
69854343," "," "," "
40604646,"0426 ","smpn_1_simboro@ymail.com ","http://www.smpn1simboro.sch.id "
40605497," ","smpn2simboro@gmail.com "," "
69774907,"0 ","bapauci@yahoo.co.id "," "
69965245," ","smpn4sim@gmail.com "," "
69950607," ","smpsyapizmamuju@gmail.com ","http://www.smpsyapizmamuju.net "
69976560," "," "," "
40605897," "," "," "
40605893," "," "," "
40605890," "," "," "
40605896," "," "," "
69757139," "," "," "
40605888," "," "," "
60728432," ","sman1simboro@gmail.com ","http://sman1simboro.16mb.com "
69900168," ","smk.yapizmamuju@gmail.com ","http://www.smkyapizmamujug.net "
69961932," ","smkyapmasulbar@gmail.com "," "
40600221,"0426 ","smkn1rangas_mamuju@yahoo.co.id ","http://www.smkn1simboro.sch.id "
69849492," "," "," "
60404213," "," "," "
60404210," "," "," "
60404206," "," "," "
60404214," "," "," "
40600487," ","mhasri80@yahoo.com "," "
40600193," ","sdkpulaulabia@gmail.com "," "
40600194," "," ","http://www.sdnpulaupopoongan.net "
40600196," ","sdkpulausabakkatang@yahoo.com "," "
40604306," ","sdksalisingan@gmail.com "," "
40600195,"0426 ","GUS_SABAR@YAHOO.COM ","http://www.sdkpulausaboeang.net "
40604971," ","sdkpulausamataha@gmail.com "," "
69775695," ","mhasri80@gmail.com "," "
40604639," ","smppulauambo@yahoo.com "," "
40605532," ","smpn2balabalakang@gmail.com "," "
40601587," ","titus66@yahoo.com "," "
40601632,"0 ","acohamid46@gmail.com "," "
40601635,"0 ","sd_gununugsari@yahoo.com "," "
40601650," ","salumoni_martajaya@yahoo.com ","http://www.salumoni.blogspot.com "
40601653," ","sditanjungbabia@gmail.com "," "
69971517," "," "," "
69967457," ","sditwaladunsholeh@yahoo.com ","http://www.sditwaladunsholeh@yahoo.com "
69899683," ","Sdnegeri02pasangkayu@gmail.com "," "
40601762," ","sdptpasangkayu@yahoo.co.id "," "
40601704," ","sdn01pasangkayu@gmail.com "," "
40601718," ","sdnbambaapu@yahoo.com "," "
40604629," "," "," "
40601750," ","sukarman6534@yahoo.com "," "
40601754," ","sto2k@yahoo.com "," "
40604657,"0 ","sdnsalubulu@yahoo.com ","http://www.sdn.salubulu@yahoo.com "
40601713,"082293723678 ","sdn.salunggadue@yahoo.co.id "," "
40604654," ","sd-sulu@yahoo.com "," "
40604628," ","sdnegeritaranja@gmail.com "," "
60724319," "," "," "
69971478," "," "," "
40605515," ","smpsatapbambaapu@gmail.com "," "
69727433," ","smpnegeri4pasangkayu@gmail.com "," "
40601820," ","smpn1pasangkayu@gmail.com "," "
40604954," ","smpnegerilimabelaspasangkayu@yahoo.co.id "," "
40604251," ","smppt.pasangkayu@yahoo.co.id ","http://www.yaal.sch.id "
69898935," ","smpn23ako@yahoo.co.id "," "
40605926," "," "," "
40605928," "," "," "
69833165," ","smanegeri2pasangkayu@gmail.com ","http://sman2pasangkayu.sch.id "
40601851," ","sman1pasangkayu@gmail.com ","http://www.smansamatra.sch.id "
40602429," ","smkn1pasangkayu@gmail.com ","http://smkn1pasangkayu.sch.id "
69877308," ","smkneg2pasangkayu@gmail.com "," "
69755558," ","Smk_karya_bangsa@yahoo.com "," "
69984990," "," "," "
60404235," "," "," "
40601661," ","sdinpressarudu1@yahoo.com "," "
40601662," ","nurbayappkhb47@yahoo.co.id "," "
40604648," ","ilham@yahoo.com "," "
40601739," ","sdn.duripoku95@gmail.com "," "
40604632," ","sdn_kuma@yahoo.co.id "," "
40601702," ","sd.monrowali@gmail.com "," "
40601756," ","sdnnunu@yahoo.com "," "
40601761," ","iwantabarodea@gmail.com "," "
40601698," ","sdnegeritanamoni@gmail.com "," "
40601779," ","insaninur021@gmail.com "," "
60724322," "," "," "
60724321," "," "," "
40601818," ","smpn01.sarudu@yahoo.com "," "
40604821," ","siti.aisah1990@yahoo.com "," "
40605625," ","asri_afnan@yahoo.co.id "," "
69727434," ","burhan_djago@yahoo.co.id "," "
40601840," ","smptranskarossa@gmail.com "," "
69898934," ","smpn.20doda@gmail.com "," "
40605927," "," "," "
40601859," ","sman1sarud@gmail.com ","http://www.sman1sarudu.sch.id "
40605628,"- ","smksatusarudu@gmail.com ","http://smkn1sarudu.sch.id/ "
60404237," "," "," "
40601592," ","sd.inpresbalanti@yahoo.com "," "
40601591," ","sd_bambaloka@yahoo.com "," "
40601590," ","ovix.rafy@gmail.com "," "
40601595," "," "," "
40604245," ","sditlh.baras@gmail.com "," "
40601685," ","sdn.bulili@gmail.com "," "
40604951," "," "," "
40605482," ","seojangg@yahoo.com "," "
40601703," ","sdnegeri_masimbu@yahoo.com "," "
40604269," ","sd.pangibaras@gmail.com "," "
40601693," ","SDN.salukaili@yahoo.com "," "
40604255," ","marwailma1993@gmail.com "," "
60724311," "," "," "
60724312," "," "," "
60724310," "," "," "
60724309," "," "," "
69968952," ","smpalkhairaatlambara@gmail.com "," "
69984673," "," "," "
40601824,"Tidak ada ","smpn.01.baras@gmail.com "," "
40601828," "," "," "
69727430," ","smpn.pangibaras@gmail.com "," "
40605918," "," "," "
40605919," "," "," "
40605917," "," "," "
40601857," ","sman1baras@gmail.com "," "
69990259," "," "," "
40604625," ","smkn1baras40604625@gmail.com ","http://smkn1baras.sch.id "
40604636," ","smkn2baras@gmail.com ","http://www.smkneg2baras.sch.id "
60404229," "," "," "
60404228," "," "," "
40601610," "," "," "
40601622," ","andhy.freedom@gmail.com "," "
40601628," "," "," "
40601673," ","andhy.freedom@gmail.com "," "
40601722," ","sdnbambalamotu@gmail.com "," "
40602292,"0 "," "," "
40601741," ","wawan.kalibamba@gmail.com "," "
40601743," ","www.sdnkayumaloa@yahoo.com "," "
40601760," ","sdnpangiang@yahoo.com "," "
40601766," ","sdnrandomayang@gmail.com "," "
40601768," "," "," "
40601771," ","sdnsalunggaluku@gmail.com "," "
40604670," ","sdnsaluwu85@yahoo.com "," "
40601775," "," "," "
40601790," ","jemmydodower@gmail.com "," "
40604630," ","sd.watubete@yahoo.com "," "
40601783," ","amsar_burna@yahoo.co.id "," "
40601793," ","duriasulapa@yahoo.com "," "
40602354,"tidak ada ","sds_bkwatubete@yahoo.com "," "
40601792," "," "," "
40601822," ","smpnegeri01bambalamotu@gmail.com "," "
40601834," ","zulkifliyusuflatudo80@gmail.com "," "
40604250,"0 "," "," "
40604247," ","smp.bendungan@gmail.com "," "
40605502," ","smpnsatap_bambalamotu@yahoo.com "," "
69727428," ","jimmyadmond@yahoo.com "," "
69727435," ","smpnsaluwumatra@gmail.com "," "
69947119," ","smpn_lelumpang@yahoo.com "," "
40601852,"085241234535 ","sman1bambalamotu@gmail.com ","http://sman1bambalamotu.sch.id "
40605630," ","smkn1bambalamotumatra@gmail.com "," "
40601624," ","Farhanachmad161@yahoo.co.id ","http://sdinpreslimua.com "
40601668," ","sdinpressaruduiv@yahoo.com "," "
40604385," ","sdnbelawarahmat@gmail.com "," "
40604941," ","sdnbenggaulu@yahoo.com "," "
40601732,"- ","sdn.bulubonggu@yahoo.com "," "
40601734," ","Jasmiah.miah@facebook.com "," "
40601736," ","sdnfunju1992@gmail.com "," "
40604627," ","Ilhamharun958@yahoo.com "," "
40604645," ","sdn_pammanua@yahoo.com "," "
40604634,"- ","ramli.abas85@gmail.com "," "
40604827," ","sd.silaja@gmail.com "," "
40604953," ","sdn_sulilijambu@yahoo.com "," "
40601697," ","iwanjanggo@yahoo.com "," "
60724315," "," "," "
60724316," "," "," "
69893981,"085299194652 ","smpintegral@gmail.com "," "
40601839," ","smpn1dapurang@gmail.com "," "
40604643,"0 ","smpn02dapurang@gmail.com "," "
40604248,"- ","Smpnegeri_03dapurang@yahoo.com "," "
69727432," ","smpn_pammanua@yahoo.com "," "
69774579," ","smpn21bulubonggu@gmail.com "," "
69975819," "," "," "
40605921," "," "," "
40605922," "," "," "
40604958," ","sman1dapurang@gmail.com "," "
40605629," ","smkn1dapurang@gmail.com "," "
69978089," ","smks.smartjaya@gmail.com "," "
60404231," "," "," "
60404232," "," "," "
40601665," ","jacklalu3@gmail.com "," "
40601670," ","SDISARUDU5@gmail.com "," "
69984258," "," "," "
40604631," ","sdn.sipakainga@gmail.com "," "
40601700," ","abdulrasyid@gmail.com "," "
69956274," "," "," "
40604366," "," "," "
69774576," "," "," "
69899278," ","smpn24_saptanajaya@yahoo.co.id "," "
40605923," "," "," "
69899277,"0 ","smanegeri1duripoku@yahoo.co.id ","http://sman1duripoku.sch.id "
60404233," "," "," "
40601597," ","Igustikadesuartana@gmail.com "," "
40601614," "," "," "
40601618," ","sdikastabuana@gmail.com "," "
40601620," ","lasungotman@gmail.com "," "
40601689," ","sdn.biai20@gmail.com "," "
40601687," ","rasdiana.rara@gmail.com "," "
40601681," "," "," "
40602235," ","sdnkambar@yahoo.com "," "
40604378," "," "," "
40604268," ","Kaifar_latex@yahoo.co.id "," "
40601695,"082399109586 ","sdnsumbersari@gmail.com "," "
40601679," ","sdn022tata@yahoo.co.id "," "
60724314," "," "," "
40601826," ","smpn4pasangkayu14@gmail.com ","http://www.smpn4pasangkayu.sch.id "
40604635," ","smpn.13.pasangkayu@gmail.com "," "
69727431," ","petrusbassang@gmail.com "," "
40605920," "," "," "
40601855," ","smansatubulutaba@yahoo.com ","http://sman1bulutaba.sch.id "
60404230," "," "," "
40601601,"- ","sdibajawali@yahoo.com ","http://www.sdi_012bajawali@yahoo.com "
40601608," "," "," "
40601599," ","sd.parabu@gmail.com "," "
40601657," "," "," "
40601709," ","sdkenangan@yahoo.com "," "
40601603," ","majene@yahoo.com "," "
40601683," "," "," "
40601691," ","hajrianihajar@gmail.com "," "
40604633," "," "," "
69975774," "," "," "
40601816," "," "," "
69786439," ","smpnparabu@gmail.com "," "
40605734," ","salupontu_satap@yahoo.co.id "," "
69786227,"2411.234567 ","smansalariang@gmail.com "," "
69943848," ","smkalmadanipasangkayusulbar@gmail.com "," "
40601638," ","anshari_akhmad@yahoo.com "," "
40601642,"- ","sdikalukumbeo@gmail.com "," "
40601655," ","sdinpres_pirsustikke@yahoo.com "," "
40601630,"- ","fendiekowidodo88@gmail.com "," "
40601707," ","sdn.golf@gmail.com "," "
40604964," ","sd.kalindu@gmail.com "," "
40601747," ","sdlariang@yahoo.com "," "
40601715," "," "," "
40604952," ","sdnegeri_mekar@yahoo.com "," "
40601757," ","sdnpajalele@gmail.com "," "
40601763," ","sdn.petilo023@gmail.com "," "
40601712," ","sdn.siparappe@gmail.com "," "
40601808,"- ","smpastramakmurjaya@gmail.com ","http://www.smp-astramakmurjaya.sch.id "
40601814," ","smp10_paska2014@yahoo.co.id "," "
40605591,"0 ","henrasuwito93@gmail.com "," "
40605931," "," "," "
40604959,"08124319122 ","sman1tikkeraya@gmail.com ","http://smavenpasangkayu.blogspot.com "
69877290," ","sainalkharing@gmail.com "," "
40601634," ","SDIBATUOGE@YAHOO.COM ","http://sdinpresbatuoge.com "
40601640," ","sdinpres_kabuyu@yahoo.co.id "," "
40601644," ","maru_diyanto@yahoo.com "," "
40601645," ","sdipedanda@yahoo.com "," "
40601648," ","made.nuana@gmail.com "," "
40601836," ","smp9pedongga@gmail.com "," "
40605929," "," "," "
60404236," "," "," "
40601611," ","sdikalukunangka@gmail.com "," "
40601615," ","zul_karnain88@yahoo.co.id "," "
40601672," ","sditampaure@yahoo.com "," "
40601719," ","f_sjah@yahoo.co.id "," "
40601724," ","sdn-bambaran0@yahoo.co.id "," "
40601726," ","sdbantalaka.neg@gmail.com "," "
40601727," ","nursiah4331@gmail.com "," "
40604258," ","sd.pebondo@gmail.com "," "
40601710," ","sdnpelontu1@yahoo.com "," "
40601773," ","sd.saluwira@gmail.com "," "
40604257," ","jumarlin_alik@yahoo.co.id "," "
40601830," ","smpn_6psky@yahoo.com "," "
40604249," ","smpn2satapbambaira@yahoo.com "," "
40605916," "," "," "
69786226," ","sma_n08bambaira@yahoo.com ","https://sman1bambaira.sch.id "
60404227," "," "," "
40601625," ","ahwil.maponu@yahoo.co.id "," "
40601659," ","sarjo@yahoo.com "," "
40601706," ","ahmadbalabonda@yahoo.co.id "," "
69786440," ","sdlanta@gmail.com "," "
40601748," ","sdn.letawa@gmail.com "," "
40605501,"0 ","sdmaponu@gmail.com "," "
69774577," ","sdnpambua@gmail.com "," "
40601781,"- ","sdnujungsoli@gmail.com "," "
60724320," "," "," "
40601832," ","smpn01sarjo@gmail.com ","https://smpn01sarjo.sch.id "
40601810," ","smpn02sarjo@gmail.com "," "
40605930," "," "," "
69899684," ","smansasarjo@gmail.com ","http://sman01sarjo.mysch.id "
40604626,"- ","smkn1sarjo@gmail.com "," "
40600867," ","sdn001tinambung@gmail.com "," "
40600873," ","anwartahir1982@gmail.com "," "
40600875," "," "," "
40600911,"- ","sulfairahkaco@yahoo.com "," "
40600583," ","Nurjannah_padli@yahoo.com "," "
40600589," "," "," "
40600621," ","erniadil23@yahoo.com "," "
40600625," ","sdn015tandung01@gmail.com "," "
40600629," ","sdn016tandungtinambung@gmail.com "," "
40600609," ","sdn018lombok@gmail.com "," "
40600569," ","sdn029paluppung@gmail.com "," "
40600787," ","sdn037inplekopadis@gmail.com "," "
40600788," ","sdn038inpkarama@gmail.com "," "
40600926,"- ","tandung047@yahoo.co.id "," "
40600929," ","geritande94@gmail.com "," "
40600967," ","sdn052jemarang@gmail.com "," "
40600958," "," "," "
40600962," ","sdn062sandangan@gmail.com "," "
40600884," ","sdn067.lmb@gmail.com ","http://40600884.siap-sekolah.com/id "
40600885," ","sdnmarannu90@gmail.com "," "
40600736," ","sdn55kandeapi@gmail.com "," "
69993723," "," "," "
60724256," "," "," "
60724259," "," "," "
60724257," "," "," "
60724258," "," "," "
69956275," "," "," "
40600644,"- ","smp1tinambungpolman@gmail.com ","http://www.smpn1tinambung.sch.id "
40600676," ","smp4tinambung@yahoo.co.id "," "
40600663," ","smp5tinambung@gmail.com "," "
40602545," "," "," "
69995541," "," "," "
69994573," "," "," "
40605858," "," "," "
69788507," "," "," "
40600655,"0422-21910 ","smkn1tinambung@gmail.com ","http://smkn1-tinambung.sch.id "
40605771," "," "," "
60728196," "," "," "
40600877," ","sdn001campalagianpolman@gmail.com "," "
40600868," ","sdn002campalagian@yahoo.com "," "
40601874," "," "," "
40600915," ","sdn004ujung@gmail.com "," "
40600916," ","sdnegeri005lapeo@gmail.com "," "
40600894," "," "," "
40600902," ","sdn007.parappe@gmail.com "," "
40600577," ","sdnpanyampa008@gmail.com "," "
40600596," ","sdn009katumbangan@yahoo.co.id "," "
40600601," ","sdn.010katumbangan@gmail.com "," "
40600591," ","uccanknurzyam@gmail.com "," "
40600581," ","sdn012.gattungan@yahoo.com "," "
40600586," ","sdn013botto@yahoo.co.id "," "
40600605," ","014sumarrang@gmail.com "," "
40600622," ","sdnegeri015beruberu@gmail.com "," "
40600626," ","sdn016butt@gmail.com "," "
40602481," ","sdn026inpbanuabaru@gmail.com "," "
40600793," "," "," "
40600795," ","sdninplapeo@gmail.com "," "
40600566," ","syamsiahsaadong@yahoo.com "," "
40600797," ","sdn030inp.ongko@yahoo.com "," "
40600800," ","sdn031katumbangan@gmail.com "," "
40600804," "," "," "
40600791," ","malaimmind@gmail.com "," "
40600784," ","inpres.bonde@gmail.com "," "
40600786," ","abarahmat037@gmail.com "," "
40600575," ","sdn.inppangesorang@yahoo.co.id "," "
40600709," ","sdn039panggalo@yahoo.co.id "," "
40600937," ","sdn040inp.palludai@yahoo.com "," "
40600942," "," "," "
40601893," "," "," "
40601536," ","sdn.inpberuberu@yahoo.co.id "," "
40601538," ","sdn047baurung@gmail.com "," "
40600928," ","sdn.inppessunan@yahoo.co.id "," "
40600933," ","sdn050inp_pappang@yahoo.com "," "
40600949," ","sdn051inpreslampoko@gmail.com "," "
69762750," ","sdn054ujunggalung@gmail.com "," "
40600972," ","sekolahdasarpassairang@gmail.com "," "
40600976," ","sudarto81@yahoo.com "," "
40600963," ","sdn058inp.parappe@yahoo.com "," "
40600744," "," "," "
40600921," ","aryabbas@gmail.com "," "
40600879," ","sdn064limboro@gmail.com "," "
60724223," "," "," "
60724224," "," "," "
60724219," "," "," "
60724220," "," "," "
60724217," "," "," "
60724225," "," "," "
60724222," "," "," "
60724221," "," "," "
60724218," "," "," "
69927978," "," "," "
40600642," ","smpn1camp@gmail.com "," "
40600688," ","alwiminwal@gmail.com "," "
40604383," ","smpn5campalagianongko@yahoo.com "," "
40605037,"- ","dirwanh@gmail.com "," "
40605038," ","smpn7campalagian@gmail.com "," "
40600670," ","smpnkatumbanganlemo@gmail.com "," "
69909539," ","smpnsatappanyampa@gmail.com "," "
69788003," "," "," "
69858475," ","smpnegeri.satapkatumbangan@gmail.com ","http://smpnsatapkatumbangan.sch.id "
40600640," ","smpppmalikhlash2@gmail.com ","http://ppmalikhlashsulbar.ponpes.id/ "
40605841," "," "," "
40605843," "," "," "
69788506," "," "," "
40605842," "," "," "
40605837," "," "," "
40605840," "," "," "
69755692," "," "," "
40605839," "," "," "
40605838," "," "," "
69950235," ","sman2campalagian@gmail.com ","http://sman2campalagian.sch.id "
40600649," ","sman1campa@yahoo.co.id ","http://smanca.sch.id "
40600747," ","smappmalikhlas@yahoo.com ","http://smappmalikhlash.sch.id "
40604382," ","smknegerilabuang@gmail.com ","https://smknegerilabuang.sch.id "
69949537," ","smkmadanimandar@gmail.com "," "
40605152," ","ppmalikhlas.smk@gmail.com "," "
40605764," "," "," "
69941847," "," "," "
40605763," "," "," "
60728195," "," "," "
69941846," "," "," "
40605762," "," "," "
40605761," "," "," "
69959591," ","sdaisyiyah1wonomulyo@gmail.com "," "
69985883," "," "," "
40600907," ","sdn005sidodadi@gmail.com "," "
40600898," ","uhasta.nyun@yahoo.com "," "
40600904," ","sdn007sidodadi@gmail.com "," "
40600592," ","sdn008_sidodadi@yahoo.co.id "," "
40600580," ","Sdntumpiling011@yahoo.com "," "
40602465," "," "," "
40602466," "," "," "
40600620," ","Sdn_014sumberjo@yahoo.co.id "," "
40600624," ","nurfatimahazzahrani@gmail.com "," "
40600607," ","sdn017sidorejo@gmail.com "," "
40600632," ","sdn020kebunsari@gmail.com "," "
40600539," ","kebunsari022@gmail.com "," "
40600544," ","Sdn023Kebunsari@gmail.com "," "
40600570," ","SDN029Inp.sumberjo1@gmail.com "," "
40600801," ","samsulalam73@yahoo.co.id "," "
40600802," ","sdn032kebunsari@gmail.com "," "
40600785,"0 ","sdn036pucceda.nepo@gmail.com "," "
40600557," "," "," "
40600945," ","sdnkebundalam@yahoo.com "," "
40600694," "," "," "
40600698," ","sdn046inpsidorejo@gmail.com "," "
40600966," ","surianaputrihabibati@gmail.com "," "
40600970," ","sdn053pohayam@gmail.com ","http://SDN053POHAYAM.COM "
40600737," ","sdn055inpmagelang@gmail.com "," "
40600954," ","sdn060mampie@gmail.com "," "
40602511," "," "," "
40600887," "," "," "
40605727," ","kiagimuet@yahoo.com "," "
40605728," ","kampuno02@gmail.com "," "
60724262," "," "," "
60724263," "," "," "
60724264," "," "," "
60724265," "," "," "
40600660,"042851150 ","smp1wonomulyo@gmail.com ","http://40600660.siap-sekolah.com "
40600682," ","smpn2wono@gmail.com "," "
40600687,"0428-51612 ","smpn3wonomulyo1@gmail.com ","http://www.smpn3wonomulyo.sch.id "
40600664," ","smplima900@yahoo.co.id "," "
40602543," ","adoelrahim@yahoo.co.id "," "
40600638," ","smpmuhammadiyah46@yahoo.co.id "," "
40605863," "," "," "
40605862," "," "," "
69788505," "," "," "
40605861," "," "," "
40600652," ","smansa_wono@yahoo.co.id "," "
40600633,"4285121 ","smayppp.123@gmail.com ","http://smayppp.123@gmail.com "
69760851," ","smkdhn@gmail.com ","http://www.smkdhnmaju.com "
40600657," ","smkmuhammadiyahwonomulyo@yahoo.co.id ","http://smkmuhammadiyah.com "
40600659,"042851419 ","smk_wono@yahoo.co.id ","http://smkwono.wordpress.com "
40600635,"0428 ","smkyppp@yahoo.co.id ","http://smkypppwonomulyo.sch.id "
40605147," ","sdddipolewali123@gmail.com "," "
69972710," ","haslindasentere@gmail.com "," "
40600865," ","sdn.001polewali@yahoo.com "," "
40600870," ","sdn002polewali@gmail.com "," "
40602459,"- ","sdn003polman@gmail.com "," "
40600913," ","sdn004polewali@gmai.com "," "
40600919," ","sdn005polewali48@yahoo.com "," "
40600896," "," "," "
40600901,"04282420161 ","operatordapodik007@yahoo.com "," "
40600593," ","sulewatangsdn008@gmail.com "," "
40600597," ","sdn009takatidung@gmail.com "," "
40600618," ","sdnmanding@gmail.com "," "
40600610," ","tb066pekkabata@gmail.com "," "
40600614," ","sdn.019manding@gmail.com "," "
40600542," ","esdeen023dara@gmail.com "," "
40600776," ","sdn026lantora@yahoo.com "," "
40600529," ","sdn027takatidung@gmail.com "," "
40600563," ","sdnpekkabata@gmail.com "," "
40600571,"085242632503 ","asma.muchtar@gmail.com "," "
40602484," "," "," "
40600551," ","sdn034polewali@yahoo.com "," "
40600708," ","alimuddinamin123@yahoo.co.id "," "
40600715," ","sd042sulewatang@gmail.com "," "
40600700," ","mambulilling_048@yahoo.co.id "," "
40600728," ","sdn.050manding@gmail.com "," "
40600745," ","sdn_060pkb@yahoo.co.id "," "
40600723,"042822610 ","rsdbi.066.pekkabata@gmail.com "," "
69964908," ","sdn067malaqbi@gmail.com "," "
40600891," "," "," "
60724252," "," "," "
60724250," "," "," "
60724247," "," "," "
60724248," "," "," "
60724249," "," "," "
60724251," "," "," "
69894302," ","ansharussunnah.ibs@gmail.com "," "
40600643,"042821418 ","smpnegeri1.polewali@gmail.com ","http://www.smpn1polewali.sch.id "
40600679,"042821150 ","smpneg_2polewali@yahoo.co.id "," "
40600684,"0428-21403 ","smpn_3.polewali@yahoo.com "," "
40600689,"- ","smppolewali4@gmail.com "," "
40600665," ","smpn6polewali@gmail.com "," "
40605039,"0428-21572 ","smpddipolewali@gmail.com "," "
40600636," ","smpkartika.kacak@yahoo.com "," "
40605857," "," "," "
40605854," "," "," "
40605856," "," "," "
40605855," "," "," "
40600650,"0428-2420742 ","info@smansapolewali.sch.id ","http://smansapolewali.sch.id "
40600653,"- ","smaduapolewali@yahoo.co.id ","https://www.sman2polewali.sch.id "
40600654,"042822031 ","sman3polewali@yahoo.co.id ","http://www.smanegeri3polewali.sch.id "
69760850," ","sman.4.polewali@gmail.com "," "
69895794," ","smksuryahusada@gmail.com ","http://smksuryahusada.com "
40600656,"042821236 ","esemka_1_pol@yahoo.co.id ","http://www.smkn1polewali.sch.id "
69760852," ","smk2.polewali@yahoo.co.id "," "
40602556," ","smkbinagenerasi@gmail.com ","http://smkbinagenerasi.sch.id "
40605150," ","smkddipolewalimandar@gmail.com ","http://smkddipolewali.blogspot.com/ "
40605749,"042823064 ","smkmaarifhk@yahoo.co.id ","http://smk-maarifhk.sch.id/ "
40605146," ","smkyaknaspolewali@gmail.com "," "
60730014," "," "," "
40600905," ","sdn008cambacamba@gmail.com "," "
40600602," ","sdn010palece@gmail.com ","http://sdn010paleceblogspot.com "
40600579," ","sdn011teppo@gmail.com "," "
40600606," ","sdn017napo@gmail.com "," "
40600531," ","sdn023todangtodang@gmail.com "," "
40602477," ","sdn024tabangleleang@gmail.com "," "
40600527," ","sdn026samasundu26@gmail.com "," "
40600528," ","sdn027renggeang@gmail.com "," "
40600564," "," "," "
40600573," ","sdn030lembanglembang@gmail.com "," "
40600574," ","sdn.031banubanua@gmail.com "," "
40600783," ","sdn35limboro@gmail.com "," "
40600922," "," "," "
40600940," ","a5310@ymail.com "," "
40600944,"Wa. 082393342025 ","sdn043.kaida@gmail.com "," "
40600923," ","sdn45salarri@gmail.com "," "
40600965," ","sdn051litapute@gmail.com ","http://www.sdnlitaputeblogspot.com "
40600971," "," "," "
40600951," "," "," "
10200610," ","irwanchione03@yahoo.co.id "," "
40602515," ","sdn066madan@gmail.com "," "
40600889," "," "," "
40600779," ","sdn034napo@gmail.com "," "
60724227," "," "," "
60724226," "," "," "
60724228," "," "," "
60724229," "," "," "
40600686," ","smpn3tinambung@gmail.com "," "
40600671," ","smpnlimboro@yahoo.co.id "," "
69909540," ","smpnsatapjati1@gmail.com "," "
40605650," "," ","http://www.smpnsatappendulangan@gmail.com "
69857930," ","smpnsatapsalarri01@gmail.com "," "
69858476," "," "," "
69788509," "," "," "
40605751," "," "," "
40605844," "," "," "
40605748," "," "," "
69788502," "," "," "
40600647,"0422 ","smknegerilimboro@gmail.com "," "
69788217," "," "," "
40605765," "," "," "
40600917," ","sdn005pambusuang@gmail.com "," "
40600895," ","sdn006inppambusuang@gmail.com "," "
40600903," ","sdn007sabangsubik@gmail.com "," "
40600612," ","Nurmawati_amik@yahoo.com "," "
40600576," "," "," "
40601523," ","sdn21tammangalle@yahoo.co.id "," "
40600540," ","sdn22lambanan@yahoo.co.id "," "
40600523," "," "," "
40600803," ","sdnpambusuang@gmail.com "," "
40600778," ","inpres33tammangalle@gmail.com "," "
40600943," ","sdn.042pangalloang@gmail.com "," "
40602492," ","sdn044.kamp.barusubik@gmail.com "," "
40602497," ","sdn046baruparappe@gmail.com "," "
40600932," ","sdn050pandewulawan@gmail.com "," "
40600977," ","sdn056lamasariang@gmail.com "," "
40600974," ","lambepada057@gmail.com "," "
40600741," ","SDN058Galunglego@yahoo.com "," "
40600863," "," "," "
40600878," ","sdn64kampungtulu@gmail.com "," "
40600880," ","sekolahdasarnegeri065bala@gmail.com "," "
40600725," ","069tammejarra@gmail.com "," "
40605145," ","sdn070inptondo@gmail.com "," "
60724194," "," "," "
60724195," "," "," "
40605035," ","smpn2balanipa@gmail.com ","http://40605035.siap-sekolah.com/ "
40600680," ","smpnpambusuang@gmail.com "," "
40605829," "," "," "
40605732," "," "," "
40600651," ","sman01tinambung@gmail.com ","http://smantinambung.sch.id "
40605523," ","smkn.balanipa@yahoo.com "," "
40605756," "," "," "
40600631," ","sdnbonra017@gmail.com "," "
40600608," ","sdnbonra018@yahoo.co.id "," "
40600613," ","allingharuna32@gmail.com "," "
40600617," ","sdn020galung@yahoo.co.id "," "
40600536," ","sdn021lena@yahoo.com "," "
40600541," ","sdn022pallembongan@yahoo.com "," "
40600543," ","sdn023_kampungbaru@yahoo.co.id "," "
40600530," ","sdn.karoke@yahoo.com "," "
40600524,"0 "," "," "
40600781," ","sdn035.baru@gmail.com "," "
40600939," "," "," "
40600948," ","sdn044pukkadundung@yahoo.co.id "," "
40600924," ","sdnbarudua@yahoo.com "," "
40600931," "," "," "
40600968," "," "," "
40600969," ","sdn053pariangan@gmail.com "," "
40600973," ","siratuangsdn@gmail.com ","http://www.sekolahku.co.id "
40600955," ","allingharuna32@gmail.com "," "
40600956," ","nawirmundzir@yahoo.co.id "," "
40600960," ","lio.kholid@yahoo.com "," "
40600881," ","sdn.pulilali@yahoo.com "," "
69854344," "," "," "
60724232," "," "," "
60724230," "," "," "
69819745," "," "," "
69819743," "," "," "
60724231," "," "," "
40600661," ","smpn2campalagian@gmail.com "," "
40600683," ","smpn3campalagian@gmail.com "," "
69762751," ","auddin251@yahoo.co.id "," "
40602547," ","smpn_luyo@yahoo.com "," "
40602552," ","smpnegerisatuatapluyo@gmail.com "," "
40605845," "," "," "
40605848," "," "," "
40605849," "," "," "
69927982," "," "," "
40605846," "," "," "
40605847," "," "," "
40605825," "," "," "
69788504," "," "," "
40600658,"0428 ","smkn_camp@yahoo.co.id ","http://www.smkncamp.sch.id "
40602557," ","hijrawatismknluyo@gmail.com "," "
69974220," "," "," "
69849495," "," "," "
40605766," "," "," "
40605767," "," "," "
40600864," "," "," "
40600893," ","sdn003sosso@gmail.com "," "
40600912," "," "," "
40600918," ","sdn005_pao2@yahoo.co.id "," "
40600897," ","sdn006_puppuuring@yahoo.co.id "," "
69949594," ","sdn014petoosang@gmail.com "," "
40600619," "," "," "
69947847," ","sdn018bala@yahoo.com "," "
40600615," ","asiatari5@gmail.com "," "
40600533," ","sdn020_pusu@yahoo.co.id "," "
40600532," "," "," "
40600794," ","sdn027_rattematama@yahoo.co.id "," "
46800798," ","sdn030_tanase@yahoo.co.id "," "
40600560," ","sdn031_sumarrang@yahoo.co.id "," "
40600549," ","sdn033malimbung@yahoo.com "," "
40600550," "," "," "
40600553," "," "," "
40600558," ","sdn037_tologo@yahoo.co.id "," "
40600717," ","sdn043bumbung@gmail.com "," "
40600706," "," "," "
40600045," "," "," "
69949596," "," "," "
60724191," "," "," "
40600645," ","smpn1tutallu@gmail.com "," "
40605034," ","smpnegeri2alu@yahoo.co.id "," "
69762749," ","smpn3alu@gmail.com "," "
69858474," ","smpnsatapbung@gmail.com ","http://sekolah.satap "
69788001," "," "," "
40602551," "," "," "
40605826," "," "," "
40600648," ","alu_sma1@yahoo.com ","http://sman1alu.sch.id "
69857919," ","smknegerialu@yahoo.co.id "," "
40600869," ","sdn002mapilli@yahoo.com "," "
40600892," ","sdn003lampa@yahoo.com "," "
40600910," ","sdn004buku@yahoo.com "," "
40600630," ","sdn016ugibaru@yahoo.com "," "
40600611," ","sdn_018rumpa@yahoo.com "," "
40600616," ","sdn019sila2@gmail.com "," "
40600796," ","sdn028ugibaru@yahoo.com "," "
40600780," "," "," "
40600790," ","sdn_039lampatoa@yahoo.co.id "," "
40600941," ","sdn042buku@yahoo.com "," "
40600925," ","rhmania01@gmail.com "," "
40600934," ","sdn051lampa@yahoo.com "," "
40600719," ","sdn054paredeang@yahoo.com "," "
40600964," ","sdn058beroangin@yahoo.com "," "
40600957," ","sdn061tapparang@yahoo.com "," "
40600721," ","sdn065kurma@yahoo.com "," "
40600886," "," "," "
69895411," ","hamdani.sikka@gmail.com "," "
60724239," "," "," "
60724240," "," "," "
60724234," "," "," "
60724235," "," "," "
60724233," "," "," "
60724236," "," "," "
60724238," "," "," "
40605040," ","ahmad123@gmail.com "," "
40605718," ","smpn3.mapilli@gmail.com "," "
40600672," ","smpnsatumapilli@gmail.com "," "
69955260," ","sekolahkita.islam@gmail.com ","http://www.smpitasadiyah.sch.id "
69956051," "," "," "
69976562," "," "," "
69976563," "," "," "
40605850," "," "," "
40605851," "," "," "
40605852," "," "," "
40605745," "," "," "
40605005," ","sma.mapilli1@gmail.com ","http://smadhimapilli.sch "
69962881," "," "," "
69894927," "," "," "
40605768," "," "," "
40600876," ","sdn001matakali@gmail.com "," "
40602462," ","SDNINDOMAKKOMBONG@gmail.com "," "
40600534," "," "," "
40600535," "," "," "
40600805," ","sdn40labasang@gmail.com "," "
40600938," ","sdn041inpreslemogamba@gmail.com "," "
40600716," ","10jayadihafid@gmail.com "," "
40600718," ","sdn044buttulamba@ya.com "," "
40600927," ","arifuddin7319@gmail.com "," "
40600930," "," "," "
40600959," "," "," "
40600882," ","sdn066cappego@gmail.com "," "
40605737," ","40605694@siap.id ","http://40605694.siap-sekolah.com "
60724243," "," "," "
60724241," "," "," "
60724242," "," "," "
40600662," ","azizulachmad@yahoo.co.id "," "
40600673," ","smpneg1matakali@gmail.com ","http://smp1matakali.pe.hu "
40605726," ","smpitmatakali@yahoo.com "," "
69927981," "," "," "
40605853," "," "," "
69927980," "," "," "
69894294," ","smaitmatakali01@gmail.com ","http://wipolman.blogspot.co.id/ "
69822830,"- ","smanegerimatakali@gmail.com ","http://www.smanegerimatakali.sch.id "
40605769," "," "," "
40605770," "," "," "
40600730," ","sdn010paku@gmail.com "," "
40600582,"0 ","sdn012.kanang@gmail.com ","https://www.facebook.com/pages/SDN-012-KANANG "
40600587," ","sdn.013kaleok@gmail.com "," "
40602469," ","akbar.22ahmad@gmail.com "," "
40600731," "," "," "
40600628,"- ","namriah.sarampu@yahoo.co.id "," "
40600572,"- ","binuangtigapuluhsdn@yahoo.co.id ","http://40600572.siap-sekolah.com "
40600561,"- ","thono_lhysa@ymail.com "," "
40600554," "," "," "
40600692,"- ","sdn038.penaniang@gmail.com "," "
40600712," "," "," "
40602500," ","menthos85@gmail.com "," "
40600701," "," "," "
40602507," "," "," "
40600704," ","sdn053.sarampu@gmail.com "," "
40600720," "," "," "
40600735," ","sdn055.bajoe@gmail.com "," "
40600742," ","sdn.058tete@gmail.com "," "
40606743," ","sdnamolainpres@yahoo.com "," "
40600746,"- "," "," "
69949592," ","kamiri.binuang@yahoo.co.id "," "
40605738," "," "," "
69762753," ","sdn.pamutu@gmail.com "," "
60724196," "," "," "
60724213," "," "," "
60724210," "," "," "
60724211," "," "," "
60724209," "," "," "
69956276," "," "," "
60724204," "," "," "
60724198," "," "," "
60724207," "," "," "
60724206," "," "," "
60724205," "," "," "
60724203," "," "," "
60724199," "," "," "
60724202," "," "," "
60724201," "," "," "
60724208," "," "," "
60724197," "," "," "
60724212," "," "," "
60724200," "," "," "
40600668,"0 ","spd.kurniawan@gmail.com "," "
40605627," ","smpnbinuang2@gmail.com "," "
40601562," ","smpnpasang@gmail.com "," "
40605648," ","satappulbat@gmail.com "," "
40605030,"0 ","smpnsatapkaleok@gmail.com "," "
60727663," "," "," "
60727664," "," "," "
40605831," "," "," "
40605833," "," "," "
40605830," "," "," "
40605834," "," "," "
40605832," "," "," "
40605835," "," "," "
40600646,"082195592436 ","esemkapaku_polman@yahoo.co.id ","http://www.smknpaku-polman.sch.id "
40602562," ","smkppsulbar@yahoo.co.id ","http://smkppsulbar.sch.id "
40605758," "," "," "
40605757," "," "," "
69788218," "," "," "
40605759," "," "," "
40605760," "," "," "
69955802," "," "," "
40602473," ","sdn022basseang@gmail.com "," "
40600518," "," "," "
40600522," ","sdn_025kelapadua@yahoo.com "," "
40600548," "," "," "
40600710," ","sdn40beluak@gmail.com "," "
69966731," "," "," "
40600693," ","45leppang@gmail.com "," "
40600697," "," "," "
40600738," ","sdn056basseang@gmail.com "," "
40600739," ","057pappandangan@gmail.com "," "
40600950," ","sdn063batu@gmail.com "," "
60724193," "," "," "
60724192," "," "," "
40600669,"042821271 ","sltpanreapi@gmail.com "," "
40605721," "," "," "
40605828," "," "," "
40605827," "," "," "
40605755," "," "," "
40600600," ","sahariahsdn010batu@gmail.com "," "
40600519," ","sdn024pelitakan@gmail.com "," "
40600525," "," "," "
40600775," ","sdn026inprekurrak@yahoo.com "," "
40600545,"0 ","sdn027tapango@gmail.com "," "
40600799," ","sdntapango@yahoo.co.id "," "
40600792," ","sdn033inppelitakan@gmail.com "," "
40600782," ","SDN035@yahoo.co.id "," "
40600936," ","sdn044riso@gmail.com "," "
40600702," "," "," "
40600975," ","sittizakiah1974@gmail.com "," "
40600961," ","JUARTIARYA890@YAHOO.co.id "," "
40602512," ","djamaluddinarsyad@gmail.com "," "
40600724," "," "," "
60724253," "," "," "
69755689," "," "," "
60724254," "," "," "
60724255," "," "," "
40605041," ","saprisuci@yahoo.co.id "," "
40600675," ","smpnegeri4wonomuyo@gmail.com "," "
40600641," ","sukmawati@yahoo.co.id "," "
40605031," ","smpn.rappang@gmail.com "," "
40605731," "," "," "
69958933," "," "," "
69956618," ","smkarmida@yahoo.com "," "
40600634," ","smkn_tapango2004@yahoo.com ","http://smkntapango.blogspot.com "
69975864," "," "," "
40600920," ","sdnmatangnga@gmail.com "," "
40600598," ","ullalhia@gmail.com "," "
40600588," "," "," "
40600758," ","sdnegeri017tapua1@gmail.com "," "
40600759," ","sdn021pamombong@gmail.com "," "
40600546," ","sdn028lilli@gmail.com "," "
40600552," ","sdn034ringinan@gmail.com "," "
60724246," "," "," "
60724245," "," "," "
60724214," "," "," "
60724244," "," "," "
69788005," ","smpduamatangnga@yahoo.com "," "
40605716," ","masdarrahman8693@gmail.com "," "
40605725," ","smpsataplilli@gmail.com "," "
69976960," ","sman1.matangnga@gmail.com ","http://sman1matangnga.business.site "
40602684," "," "," "
40600526," ","sdnnolduaenam.bulo@yahoo.com "," "
40600559," ","paruasanna@gmail.com "," "
40600740," "," "," "
40600952," ","fhida18@gmail.com "," "
40602516," ","karombangsdn@gmail.com "," "
40602518," "," "," "
40600727," "," "," "
69961685," ","sdngalugalung@gmail.com "," "
40605733," ","ahmad_aco_72@yahoo.co.id "," "
40604486," "," "," "
60724215," "," "," "
40605743," "," "," "
40600667," ","wonomulyo_smpn6@yahoo.com "," "
40605036," ","ishaqulhaq_82@yahoo.com "," "
40605719," ","ahmad_aco_72@yahoo.co.id "," "
40605522," ","faat_syut@yahoo.co.id "," "
69894352," ","jalal_rusdi@yahoo.co.id "," "
40605836," "," "," "
40605505,"0000 ","smknbulopolewalimandar@gmail.com ","http://www.smknbulopolman.sch.id "
40600871," ","sdn02pumbejagi@gmail.com "," "
40600900," ","sdn007bulobulo@gmail.com "," "
40600595," ","sdn008TARAMANU@gmaiil.com "," "
40602461," ","sdnlombok@gmail.com "," "
40600599," ","sdn010ambopadang@gmail.com "," "
40600590," ","bakrihusain@gmail.com "," "
40600584," ","rprayitno84@yahoo.com "," "
40600623," ","sdn015pumbejagi@gmail.com "," "
40600627," ","SD16patulang@yahoo.com "," "
40600537," ","sdn021ratte@gmail.com "," "
40602474," ","sdn22p@yahoo.com "," "
40602479," ","sdn024tapparang@gmail.com "," "
40600521," ","yusranyosy@ymail.com "," "
40602483," ","sdn026kamande@gmail.com "," "
40600562," "," "," "
40600565," "," "," "
40600547," "," "," "
40600556," ","sdn036podapoda@gmail.com "," "
40600707," "," "," "
40600711," ","sdn040bunu@yahoo.co.id "," "
40600713," ","sdn041pundambu@gmail.com "," "
40600714," ","sdn042inp.lombang@yahoo.com "," "
40600695," ","sdn046arabua@gmail.com "," "
40605610,"0 ","sdnroboang@gmail.com "," "
69819744," "," "," "
60724260," "," "," "
60724261," "," "," "
40600681," ","parungparung.padang@gmail.com "," "
40605043," "," "," "
40605042," ","Saharuddinsmp5tutar@yahoo.com "," "
69949597," ","siwisyifa@yahoo.co.id "," "
40600674," ","smp_pdw@yahoo.co.id "," "
69960585," "," "," "
69952861," ","smpnsatapbunu@gmail.com "," "
40605720," ","smpsatappodapoda@gmail.com "," "
40605722," ","smpsatapratte@gmail.com "," "
40605724," "," "," "
40605723," ","satap@gmail.com "," "
40605032," ","smpn_p70@yahoo.com "," "
40600690," ","smpntubbisiratuang@yahoo.com "," "
60727665," "," "," "
40605860," "," "," "
69881762," "," "," "
40605859," "," "," "
69950236," "," "," "
40604724," ","smkn1tutar@gmail.com "," "
69939407," ","smkbinagenerasimandiri@yahoo.com "," "
40605772," "," "," "
40602607," ","sdn001sumarorong@gmail.com "," "
40601161," ","antonerwin40@yahoo.com "," "
40601017," ","padamusdn005@gmail.com "," "
40601101," ","sdn006tabone@gmail.com "," "
40602621," ","sdn008bussusumarorong@gmail.com "," "
40601090," ","sdn009ratte@gmail.com "," "
40601021," "," "," "
40600998," "," "," "
40602602," ","sd.kanan@yahoo.com "," "
40602657," "," "," "
69754231," "," "," "
40604663," "," "," "
69980922," "," "," "
40602601," "," "," "
40601146," ","sdn002tabone@gmail.com ","http://sdn002tabone.sch.id "
40601145," ","simonpappang56@gmail.com "," "
40601031," "," "," "
40601042," ","esempe2sumarorong@yahoo.com "," "
40604263,"- ","smpnsatapkabaniran@yahoo.co.id "," "
69819432," ","smpnsatapsapan@gmail.com "," "
40602672," ","prabowobowo803@yahoo.com "," "
40601053," ","sman1sumarorong@yahoo.co.id ","http://www.sman1sumarorong.sch.id "
69963880," ","smkmitrabangsa@gmail.com ","http://www.smkmitrabangsa.mysch.id "
69830427," ","smkmikoya8@gmail.com ","http://www.smkmikoya.mysch.id "
40601049," ","smkn1_sumarorong@yahoo.co.id "," "
40602681," ","essemkakpgri_sum@yahoo.co.id ","http://smkspgrisumarorong.sch.id "
40601157," "," "," "
40601138," "," "," "
40602622," "," "," "
40601080," "," "," "
40601148," "," "," "
40601124," "," "," "
69872350," ","sdnulusalu@yahoo.co.id "," "
40601022," ","Sdn010bulo@yahoo.co.id "," "
40601016," "," "," "
69964118," "," "," "
69872351," "," "," "
69838654," "," "," "
69965654," "," "," "
40605508," ","sdn014tallangbulawan@yahoo.com "," "
69754234," "," "," "
40601003," "," "," "
69987360," "," "," "
40601131," "," "," "
40602617," "," "," "
40604260," "," "," "
40604962," "," "," "
40601032," "," "," "
69908989," "," "," "
69982485," "," "," "
40601063," "," "," "
69965390," "," "," "
40601061," "," "," "
40601050," ","smkn01pana.sulbar@gmail.com "," "
40602604," "," "," "
40601137,"0 ","sdn006rambusaratu@gmail.com "," "
40602640," "," "," "
40600981,"0 ","lokolakoloko@gmail.com "," "
40601083," ","sdi.mamasa@yahoo.com "," "
40601151,"0 ","sdnegeri002mamasa@gmail.com "," "
40601164,"0 ","happinurani82@gmail.com "," "
40601133," ","sdn005rantebuda@gmail.com "," "
40601004," ","mikaelpualangi@gmail.com "," "
40601015," "," "," "
40601002,"0 ","erviaty@gmail.com "," "
40601379," ","esterlina2005@gmail.com "," "
40602605,"- ","hendra.andre79@gmail.com "," "
40605495," "," "," "
69946263," ","sdn012buntukasisi@gmail.com "," "
69895480," "," "," "
69754233,"0 ","www.hairullah.ullah@yahoo.com ","http://localhost/ "
40601143," ","sdn004lumbatu@gmail.com "," "
40602634,"0 ","lomboksdn009@gmail.com "," "
40601006," ","sdn007taupe1006@gmail.com "," "
40605521," ","sdsnusabangsa@yahoo.co.id "," "
60724269," "," "," "
40605524," ","smpn5mamasa@gmail.com "," "
40601047," ","smpn01mamasa@gmail.com "," "
40602667," ","smpnsalulomamasa@yahoo.co.id "," "
40604266,"081242101817 ","smpn4satapmamasa@gmail.com "," "
40601038," ","yohanis70@yahoo.co.id "," "
40601057,"04282841047 ","zpetegroup_new@yahoo.com "," "
40605544," ","yotammesak77@gmail.com "," "
40601024," ","sma1mamasa@gmail.com ","http://www.sman1mamasa.sch.id "
69852826," ","yohanis70@gmail.com "," "
69949488," ","smknpariwisata@gmail.com "," "
40601052,"0428-2841091 ","smkn01mamasa@gmail.com ","http://www.smk-negeri1mamasa@blogspot.com "
40601048," ","smk.budibhakti@yahoo.co.id ","http://smkbudibhaktimamasa.sch.id "
69786289,"- ","sensus_tamangkoa@yahoo.com "," "
69787167," ","smkkemilaubangsa@gmail.com "," "
40604267,"- ","smkkifrahbangsa17@gmail.com ","http://smkkifrahbangsa.blogspot.com "
40602682," ","smkstalenta2004@gmail.com ","http://www.smkstalenta.sch.id "
40601025," ","smks_ypkmamasa@yahoo.co.id ","http://www.smk-ypkmamasa.sch.id "
69994519," "," "," "
40602677," ","aldiannajoan441@gmail.com "," "
40604882," "," "," "
40604692,"- ","rosmiatinur@yahoo.com "," "
40604667," "," "," "
40601130," "," "," "
40602644," "," "," "
40602609," "," "," "
40605492," "," "," "
40605560," "," "," "
40602660," "," "," "
40604836," ","asgarsammane87@gmail.com "," "
40602611," "," "," "
40600979," "," "," "
40602647," "," "," "
40604665," "," "," "
40604841," "," "," "
40602619,"0 "," "," "
40602620," ","hasbictree@gmail.com "," "
69988465," "," "," "
40601085," "," "," "
69894774," "," "," "
60724277," "," "," "
60724271," "," "," "
60724278," "," "," "
60724272," "," "," "
60724274," "," "," "
60724273," "," "," "
60724276," "," "," "
60724275," "," "," "
69819741," "," "," "
69967477," ","smp001uglindolembang@yahoo.com "," "
69988466," "," "," "
40604842," ","smpn1mambi@yahoo.co.id "," "
69758299," ","smpn4mambi@yahoo.co.id "," "
40605519,"082301340082 ","smpstalippuki@yahoo.co.id "," "
69964101," "," "," "
69754229," "," "," "
40605579," "," "," "
40605866," "," "," "
40605865," "," "," "
69881761," "," "," "
40604671,"081342779004 ","smansa.mambi@yahoo.com "," "
69893698," ","SMKHARAPAN12@GMAIL.COM ","http://wwww.masyul24@yahoo.co.id "
69759057," ","jheyzaqzhena@yahoo.co.id ","http://www.smksmuliabakti.mms-sch.net "
69993225," "," "," "
69788178," "," "," "
69734244," "," "," "
40602612," "," "," "
40602655,"- ","sdnsalulossa@yahoo.com "," "
40602614," ","sdn002burana@gmail.com "," "
40602639," ","sdnsalubakka@yahoo.com "," "
40602645," "," "," "
40602652," "," "," "
40602653," "," "," "
40602623," "," "," "
40605161," "," "," "
69888995," "," "," "
40605318," "," "," "
40605323," "," "," "
40605498,"0 ","randukmellolo@yahoo.co.id "," "
69787981," ","tabulahansdnpeu@yahoo.co.id "," "
40602629,"0 ","Saludadeko@yahoo.co.id "," "
40602642,"0 "," "," "
40602646," ","fitrirais354@yahoo.com "," "
40602651," ","sdnpalliabu@yahoo.com "," "
40602656," ","jitrosmapay@gmail.com "," "
40602661,"0 ","sdntarinding@gmail.com "," "
40602650," "," "," "
40602658," "," "," "
40602625," "," "," "
40602643," "," "," "
40605324," "," "," "
69757505," ","sdsparandangan@yahoo.com "," "
40605581," "," "," "
40604653," ","smp1tabulahan@yahoo.com "," "
40605507,"0 "," "," "
40602665,"0 ","smpmandalabhakti@gmail.com "," "
69960918," ","smpn6tabulahan@gmail.com "," "
40604624,"0 "," "," "
69950671," "," "," "
40602671," "," "," "
40604621," ","tunasbhaktibakeng@gmail.com "," "
40602674," ","igiemamasa@yahoo.com "," "
69892764," "," "," "
69961925," ","smpsbinbangsa@yahoo.com "," "
40602669," ","pandanganjaya17@gmail.com "," "
69954846," ","sman1tabulahan@yahoo.com "," "
40602680," ","nusabangsa@yahoo.com ","http://nusabangsa.com "
69822482," ","ambeng1975@gmail.com ","http://smktorijekne.sch.id "
69760704," ","hardi.rukun@yahoo.com "," "
69758198," ","jaya.daniel79@yahoo.co.id "," "
40604622," ","smksalurante@yahoo.com "," "
69954841," ","tunasbhaktibakeng@gmail.com "," "
40601142," ","tattosdtabang@yahoo.co.id "," "
40601023," ","sdn006kalama@gmail.com "," "
40602632,"0 ","ddaenmallipu@yahoo.com "," "
40602613," "," "," "
69754235," "," "," "
40604835," "," "," "
69758936," ","sdk12buttudewata@gmail.com "," "
40604834," "," "," "
40601160," "," "," "
40601127," ","sdn004lamba@gmail.com "," "
69947841," "," "," "
40601121," "," "," "
40602631," "," "," "
40605582," "," "," "
40605583," "," "," "
40601036," ","kappu.tandipau@gmail.com "," "
69819422," ","alprianustp@gmail.com "," "
40604264,"085145621372 ","bonggamawa72@yahoo.com "," "
69786288," ","smkpelita.harapan@yahoo.com "," "
40601163," "," "," "
40601108,"0 ","jonipanggalo@gmail.com "," "
40601103," ","sdn009kondo@gmail.com "," "
40600983," "," "," "
40601082," ","sd001@yahoo.com "," "
40601165," ","sdntondoksalu@gmail.com "," "
40601128," ","natanielwonomulyo@gmail.com "," "
40601091,"0 "," "," "
40602637,"- "," "," "
40604261," "," "," "
40601104,"0 ","mamasa3304@yahoo.com "," "
40602627," "," "," "
40601074," ","sekolahsalukemba@yahoo.co.id "," "
40600988," ","015rattedaonan@yahoo.com "," "
40601100," ","sikuku06@yahoo.co.id "," "
40601070," ","sdn012sipai@gmail.com "," "
40601045," ","esempe1messawa@gmail.com "," "
40604265,"- ","satapmessawa@yahoo.com "," "
40604677," ","smpn3messawa@gmail.com "," "
40601058," ","smpkatmes@gmail.com "," "
69950666,"081243338460 ","smanegeri1messawa@gmail.com "," "
40602676," ","smakat_messaw@yahoo.co.id ","http://smakatolikmessawa.sch.id "
69899154," ","Yustinatangkelangi@gmail.com "," "
69979153," "," "," "
40601158," "," "," "
40601135,"0 "," "," "
40601105,"- ","jlcomputer.net777@yahoo.com "," "
40601132," ","Tandipuang@yahoo.co.id "," "
40601069," ","sdn009saludalle@yahoo.co.id "," "
40604658," ","Sdktalodo33@yahoo.co.id "," "
40605542," "," "," "
40605543," "," "," "
40604412," ","medikristian@gmail.com "," "
40604413," "," "," "
40604659," "," "," "
40600984," ","sdntandiallo@yahoo.co.id "," "
40601008," ","sdnpambe@gmil.com "," "
40604414," "," "," "
40602616," "," "," "
40601075,"- "," "," "
40601044," ","smpn2sespa@yahoo.com "," "
40601030," ","smpn1sespa@yahoo.co.id "," "
69964557," ","smpn5sespa@gmail.com "," "
40604680," "," "," "
40601064," "," "," "
69758935," ","tobonggamartin@gmail.com "," "
69978925," ","smpscahayaclara@gmail.com "," "
40601054," ","sman1sespa@gmail.com ","http://smansespa.sch.id "
40601037," ","jhonson_mattaroba@yahoo.com "," "
40601019," ","sdn011talimbung@gmail.com "," "
40601154," ","sdn001malabo@yahoo.com "," "
40601010," ","sdn007tamalantik-tamalantik@yahoo.com "," "
40604675," ","sdn013salurano@gmail.com "," "
69852837," "," "," "
40601155," ","sdn002mannababa@yahoo.co.id "," "
40604618," ","sdn003mesakada@yahoo.co.id "," "
40601140," ","sdn006parondobulawan@yahoo.co.id "," "
40601007," "," "," "
40602641," ","sdnegeri009balambang@gmail.com "," "
40601014," "," "," "
40600986," "," "," "
40601159,"0 ","sdn004malapanak@gmail.com "," "
40601126," ","pambe005@gmail.com "," "
40601039," "," "," "
40601034," ","natanielmatasak@gmail.com "," "
40604262," ","smpn03.tandukkalua@gmail.com "," "
40602670," ","smpsrantebulahan@yahoo.co.id "," "
40604844," "," ","http://www.smaesrimalabo.com "
40600989," ","smasperintissindagamanik@gmail.com "," "
69854729," ","smkn1tandukkalua@gmail.com "," "
69815428," ","smksarmajayasindagamanik@gmail.com "," "
69754228," ","kondo_sapata@yahoo.co.id ","http://www.kondo_sapata@yahoo.co.id "
40604693,"- "," "," "
40601084," "," "," "
40604945," "," "," "
40601106," "," "," "
40601087," "," "," "
40605490," ","id.imanuelmnuel@co.id "," "
40604948," "," "," "
69816264," "," "," "
69830469," "," "," "
69872352," "," "," "
40600980," "," "," "
40604668," "," "," "
40601077," "," "," "
40604947," "," "," "
40601073," ","imanuelmspd.nuel@yahoo.co.id "," "
40600982," "," "," "
69929789," "," "," "
40601141," "," ","http://salbiru.com "
60724268," "," "," "
60724266," "," "," "
60724267," "," "," "
40604955,"081241388668 ","masyul42@yahoo.co.id "," "
40601060,"- ","Smp2aralle@yahoo.com "," "
40604681," ","bansuadmasmpbaruru@yahoo.co.id "," "
40601035," "," "," "
40605864," "," "," "
60727662," "," "," "
40604617,"085240350017 ","sman1aralle@gmail.com ","http://www.arallesman1.sch.id "
69758234,"- ","m_syahrilashari@yahoo.co.id "," "
69759072," ","smks.awara4@gmail.com "," "
40605965," "," "," "
40602628," "," "," "
69787973," "," "," "
40602635," "," "," "
40605545," ","sdn009kanansiwi@gmail.com "," "
69787975," ","sdkparinding@gmail.com "," "
69787977," ","sdk12bottik@mail.com "," "
40601081," ","marthen_bonggabulawan@yahoo.com "," "
40601150," "," "," "
40601094," "," "," "
40601093," "," "," "
40601092," "," "," "
40601099," "," "," "
40601033," ","SMPNEGERI1NOSU@Yahoo.com.id "," "
40605158,"0 "," "," "
69922864," "," "," "
69954843," ","smanmasewe@gmai.com "," "
40601055," ","sma1nosu@gmail.com "," "
40605486," "," "," "
40601380," "," "," "
40602608," "," "," "
40601147," "," "," "
40601125,"- ","sdnlekomasoso@yahoo.co.id "," "
40601136," ","sdn007saluassing@gmail.com "," "
40601382," ","beerdputera@yahoo.co.id "," "
40601378," ","saluledo054@gmail.com "," "
40605174," ","SDK015B0MBA@YAHOO.COM "," "
69820127," "," "," "
69966057," "," "," "
69824837," "," "," "
40605313," ","sikamase@gmail.com "," "
40602606," ","tanete_tomba@yahoo.com "," "
40601076," "," "," "
40601381," ","dwiantosetiawan87@gmail.com "," "
40601384," "," "," "
40602654,"- "," "," "
40601013," ","sdntomba@gmail.com "," "
40602615," ","nondian@yahoo.com "," "
40605584,"0 ","cakdi.muliadi@yahoo.co.id "," "
40604679," ","asmadi.tupalangi@gmail.com ","http://smpn4bambang.sch.id "
69754230," ","smpn6bambang@gmail.com "," "
40601066," ","smpntujuh_bambang@yahoo.co.id "," "
40602675,"- ","smpn8bambang@gmail.com "," "
40601046," ","smpn1saluassing_bambang@yahoo.com "," "
40601040," ","smp.n2bambang@gmail.com "," "
40604682," ","smpn3bambang@yahoo.com "," "
69816274," ","smpssalukepopo@yahoo.co.id "," "
69852839," ","baharse21@yahoo.co.id "," "
69953566,"0 ","yudayustin14@gmail.com "," "
40602679," ","smanbambang@yahoo.co.id "," "
69829179,"085756666119 ","smkn1bambang@yahoo.co.id ","http://www.smkn1bambang@yahoo.co.id "
40605525," ","smks_bambang@yahoo.com "," "
69824838," ","smksmitranusantara88@gmail.com "," "
69754227," ","jomminerlod@yahoo.com "," "
40602603," ","anilasigalo@yahoo.co.id "," "
69974989," ","sdk9neamba@gmail.com "," "
69787958," ","Penanian@yahoo.co.id "," "
40605312," ","sdk007langkea@mail.co.id "," "
40601152," ","sdnballapeu@yahoo.co.id "," "
40602649," ","sdn003balla@yahoo.com "," "
40601144," ","sdn04bulo@gmail.com "," "
40601068," ","sdnranteliang01@yahoo.co.id "," "
40602638," ","sdn005tambun@gmail.com "," "
69987982," "," "," "
40601041," ","smpnegerisatu.balla@gmail.com "," "
40605578," ","smpn2satap.balla@gmail.com "," "
40600990," ","smaballa@ymail.com ","http://www.sman1balla.sch.id "
40604651," ","iswar11igo@gmail.com "," "
40602624," ","ndnkfarm@yahoo.com "," "
40601088," ","kariango01@yahoo.co.id "," "
40604619," "," "," "
69862426," ","Katoan09@yahoo.co.id "," "
69922564," "," "," "
40604652,"0 "," "," "
40601107," ","mikaelpualangi@gmail.com "," "
40601072," ","sdn004pallu@gmail.com "," "
40602659," "," "," "
40604661," "," "," "
40604649,"Belum ada ","smpn1tawalian@gmail.com "," "
40605711,"00 ","berbudikopian@gmail.com "," "
40604683," ","smp2tawalian@yahoo.co.id "," "
40602626," ","sdn002salulemo@gmail.com "," "
40601102," "," "," "
40600987," "," "," "
40600996," ","sd_009sika@yahoo.com "," "
69787979," ","sdklindu@gmail.com "," "
69971973," "," "," "
69787980," ","sdn012rante@gmail.com "," "
40602630," ","nopridawasti@yahoo.com "," "
40600994," "," "," "
40601020," ","happinurani82@gmail.com "," "
40600995," ","sdnbuangin@yahoo.com "," "
40600993," ","sdn001salumayang@gmail.com "," "
40604664," ","sdnsampale271@gmail.com "," "
40602664," ","smpkondosapata@gmail.com "," "
40604676," ","andivirguna@gmail.com "," "
40605712," ","lubukstepan@gmail.com "," "
40602668," ","dianaberdiana@yahoo.co.id "," "
40605713," ","suderis.proc@yahoo.com "," "
69947840,"watshap 082290405986 ","sman1rantim@yahoo.com "," "
69759071," ","smknrantebulahantimur@yahoo.com "," "
40601089," "," "," "
40602636," "," "," "
40600978," ","masbrow736@yahoo.co.id "," "
40601134,"- "," "," "
40601122," ","sdn004sumua@yahoo.com "," "
40600985," ","nanang_barnabas@yahoo.co.id "," "
40604662," "," "," "
40604722," "," "," "
40601109," "," "," "
40601001," "," "," "
40601129," ","sdspandanganjaya@gmail.com "," "
69759291,"0000000000 ","buntumalangka@gmail.com "," "
40604620,"0 ","smpn2buntumalangka@gmail.com "," "
40605496," "," "," "
40605580," ","Z.Zakeus@yahoo.co.id "," "
40605171,"- ","smpspenatangan@yahoo.com.id "," "
40601062," "," "," "
40601029,"0 "," "," "
69953869," ","evendiedison@gmail.com "," "
69859751," "," "," "
69822829,"082349417393 ","smansabumal@gmail.com ","http://sman1bumal.sch.id "
69757502," ","sman2buntumalangka18@gmail.com ","http://m.blogspot.com/smandabumal "
69857913,"082271221556 ","smkalmarabumal@yahoo.com ","http://yahoo.com "
69854728," "," "," "
40605539," ","smksalusiampek_mamasa@yahoo.com ","http://yahoo.com "
40604940," "," "," "
40601149," ","charlesbajo705@gmail.com "," "
40604840," "," "," "
40600997," "," "," "
40601139," "," "," "
40604839," "," "," "
69972885," "," "," "
40601071,"- ","sdn005mehalaan@yahoo.com "," "
40602648,"- "," "," "
40605541," "," "," "
40601043," "," "," "
69787971,"0 "," "," "
69947005," ","sman1mehalaan05@gmail.com "," "
40601056," ","smkn1mehalaan@ymail.com ","http://smkn1mehalaan.sch.id "
40602087," ","sdn1luaor@gmail.com "," "
40601388," ","abudarman82@gmail.com "," "
40601390,"- ","sdn11galung@yahoo.com "," "
40601393," ","sd12timbogading@gmail.com "," "
40601395," ","13pallarangan@gmail.com "," "
40601396," ","sdn14.simbang@gmail.com "," "
40601397," ","sdn15parallitang@gmail.com "," "
40602079," ","sdn16puare@gmail.com "," "
40602081,"0 ","sdn17.galung-galung@gmail.com ","http://www.galung-galung.com "
40601453,"- ","sdn18inpbababuloo@gmail.com "," "
40601401," ","sdn2bababulo@gmail.com "," "
40601455," ","sdn20inpresambawe@gmail.com "," "
40602093," ","sdn23.Sirindu@gmail.com "," "
40601462,"0 ","sdn24luaor@gmail.com "," "
40601465," ","sdn26_adolang@ymail.com "," "
40602098," ","sdn28luaor@gmail.com "," "
40601418," ","sd3tinambung@gmail.com "," "
40601420,"085230420305 ","sdn30inpreskaida@gmail.com "," "
40601472," ","sdntigaduamongeare@yahoo.co.id "," "
40601427," ","sdn34.rawang@gmail.com "," "
40601434," ","sdn4.galung2galung@gmail.com "," "
40602112,"0 ","sdn6balombong@gmail.com "," "
40601446," ","Sdn7.ulubalombong@gmail.com "," "
40601448," ","sdn8sirindu@gmail.com "," "
40601450," ","sdnno9pesapoang@gmail.com "," "
40601454," ","sdn19luaor@gmail.com "," "
40604726," ","sdn35coci@gmail.com "," "
40605162," ","sd.neg.no.36belia@gmail.com "," "
60724337," "," "," "
60724336," "," "," "
40601318," ","smpn1pamboang@gmail.com "," "
40601305," ","smpn2pamboang@gmail.com "," "
40601196," ","smpn3pamboang@gmail.com "," "
40601300," ","smpn4pamboang@gmail.com "," "
40604372," ","smpn5pamboang@gmail.com "," "
40605626," ","smpn6satappamboang@gmail.com "," "
69772701," ","smpn7pamboang@gmail.com ","http://smpn7pamboang.com "
69950500," ","smpn8satapp@gmail.com "," "
69994985," "," "," "
40605942," "," "," "
40605943," "," "," "
40605944," "," "," "
40601309," ","smansa_pamboang@yahoo.com "," "
40601313,"0422-21066 ","smknegeri3majene@gmail.com ","http://smkn3majene.sch.id "
40605959," "," "," "
40604556," ","sd36_popengaulumanda@yahoo.com "," "
40604782," ","sdn37.peledoang@gmail.com "," "
40601389," ","sdn10.salutambung@gmail.com "," "
40601394," ","hasnalilis@gmail.com "," "
40602078," ","mimin_jaya@yahoo.com "," "
40602082," ","sdn17kolehalang@gmail.com "," "
40601180," ","SDN19TAMERIMBI@YAHOO.COM "," "
40601404," ","surya_ahmad92@yahoo.co.id "," "
40601460," ","sdn22inprura@gmail.com "," "
40601461," ","sdnno23inptamajannang@yahoo.co.id "," "
40602095," ","sdn24paku.ulumanda@yahoo.co.id "," "
40602096," ","sd26panggalo@gmail.com "," "
40601411," ","sdn27tatibajo@gmail.com "," "
40601413," ","sdn29kalausu@yahoo.co.id "," "
40601419,"- ","sdn.30babasondong@gmail.com "," "
40601442," ","Nurwahida08@yahoo.com "," "
40602113," ","sdn7taukong@gmail.com "," "
40602114," ","sd8seppong@gmail.com "," "
69772700," ","sdn40babalombi@gmail.com "," "
40602115,"0 ","sdn34udunglemo@gmail.com "," "
40601199," ","smpn4malunda@yahoo.co.id "," "
40601303," ","Smpn5.malunda@yahoo.com "," "
40604373," ","smp6malunda@gemail.com "," "
40605535," ","smpnsatappanggalo@gmail.com "," "
69948645," ","smpnegerino.10ulumanda@gmail.com "," "
40605955," "," "," "
40605954," "," "," "
69964199," "," "," "
40605637," ","smkkotatinggi@gmail.com "," "
40605964," "," "," "
40601183," ","sdnkarema@gmail.com "," "
40601185," ","pelattoang12@gmail.com "," "
40601186,"- ","sdnulidang@gmail.com "," "
40601354,"0 ","sdn.22inp.pelattoang@gmail.com "," "
40601405," ","sd23seppong@gmail.com "," "
40601357," ","Sakirkirun@2gmail.com "," "
40601469," ","fadlipadang08@gmail.com "," "
40601432,"0 ","sdn38inp.pangaleroang@yahoo.com "," "
40601169," ","sd39manyamba@gmail.com "," "
40601438," ","sdnegri44lebaleba@gmail.com "," "
40601498,"0 ","sdn.no49inprattetarring@gmail.com "," "
40601441," "," "," "
69972940," "," "," "
69994797," "," "," "
60724341," "," "," "
40601301," ","smpnegeri4sendana@gmail.com "," "
69787951," ","smpn7satapsendana@gmail.com "," "
40605952," "," "," "
40605951," "," "," "
40605950," "," "," "
40605754,"00 ","smkn_7majene@yahoo.co.id ","http://www.smk7majene.Sch.id "
40605962," "," "," "
40601188," ","sdn14_sumakuyu@yahoo.co.id "," "
40601190," ","sdnbelalang@gmail.com "," "
40601399," ","tasyriftobatulolo@gmail.com "," "
40601406," ","sdn24batutaku@gmail.com "," "
40601428," ","aniputry85@gmail.com "," "
40601360," ","sdn43kulasitubo@gmail.com "," "
40601478,"0 ","sdnno46inptubo@gmail.com "," "
40601425," ","Sdn33rawangrawang@gmail.com "," "
69972942," "," "," "
60724340," "," "," "
40601197," ","smpn3.sendana@gmail.com "," "
40604386," ","smp6sendana@gmail.com "," "
40605953," "," "," "
40601490,"0 ","smk4mjn@gmail.com ","http://smkn4majene.sch.id "
40605963," "," "," "
40601192,"0 ","sdn.1saleppa@gmail.com "," "
40601181," ","sd10galung@gmail.com "," "
40601191," ","sdn.16garogo@gmail.com "," "
40602563,"0 "," "," "
40602564," ","sdn18deteng@gmail.com "," "
40602565," ","sdn19rangas@gmail.com "," "
40601403,"- ","sdn20rangas@gmail.com "," "
40602568," ","sdn22soreang@gmail.com "," "
40602569,"Tidak Ada ","sdn23mangge@gmail.com "," "
40601463,"- ","sdno.24inp.saleppa@gmail.com "," "
40601408," ","sd26pakkola@gmail.com "," "
40601470,"0 ","sdn31inp.teppo@gmail.com "," "
40601426,"- ","sdn34inp.deteng2@gmail.com "," "
40601429," ","sdn.35panggalo@gmail.com "," "
40601431," ","sd38kota@gmail.com "," "
40601433," ","sdn.39cilallang@gmail.com "," "
40602570," ","sdn41nprangas@gmail.com "," "
40602573,"042221459 ","sdn.48.galut@gmail.com "," "
40602574,"0 ","sdn.no.49inp.pasanggrahan@gmail.com "," "
40601166,"0 ","sdn.05pangaliali@gmail.com "," "
40601499,"- ","sd50konja@gmail.com "," "
40602575," ","sdn51gp@gmail.com "," "
40601480," ","sdn52inppalipi@gmail.com "," "
40602576," ","sdn54rangas@gmail.com "," "
40601481," ","sdno55detengdeteng@gmail.com "," "
40602579," ","sdn.61inp.copala@gmail.com "," "
40601484," ","sdn.62salabose@gmail.com "," "
40602580,"0422-63234 ","sdn63deteng2@gmail.com "," "
40601501," ","sd.no65.galung@gmail.com "," "
40601173," ","sdn07salabose@gmail.com "," "
40602566,"- ","sd21_pamboborang@yahoo.com "," "
60724326," "," "," "
60724324," "," "," "
60724323," "," "," "
60724325," "," "," "
40601316,"0 ","smpnsatumajene@yahoo.co.id "," "
40601319," ","smpn6majene@gmail.com "," "
69950503," ","smpnegeri9majene@gmail.com "," "
40605933," "," "," "
40605932," "," "," "
69795846," ","smkmegalink@gmail.com "," "
40601491,"042221896 ","smkn_5majene@yahoo.co.id ","http://www.smkn5.majene.sch.id "
60404187," "," "," "
69962418," ","sdislamdarul@gmail.com "," "
40601387,"- ","mokoharmoko815@yahoo.co.id "," "
40601487,"0 ","www.sdn10pallapallang@gmail.com "," "
40601400," ","samsirsanra@gmail.com "," "
40602085,"0 ","www.sdn19limboro@gmail.com "," "
40601179," ","sdn2apoang@yahoo.co.id "," "
40601457,"0 ","sd20inpressomba@gmail.com "," "
40601459,"0 ","www.sdn21totolisi@gmail.com "," "
40601355," ","sdn25apoang@teachers.org "," "
40601466," ","sdnputtada28@gmail.com "," "
40601170," ","www.sdn29totolisi@gmail.com "," "
40601417," ","ir_wan72@yahoo.com "," "
40602099," ","sdn35pumballar@gmail.com "," "
40601358," ","sdn36somba@teachers.org "," "
40601435," ","hasruddinhasdin@gmail.com "," "
40601475," ","sdn41paminggalan@gmail.com "," "
40601477,"0 ","www.sdn42palipi@gmail.com "," "
40601375," ","sdnparassangan@gmail.com "," "
40601439," ","sdn47labuang@yahoo.com "," "
40601167,"0 ","www.sdn48tullubulan@gmail.com "," "
40601171,"0 ","sd5_tappagalung@yahoo.com "," "
40601445," ","sdn6tinggas@yahoo.co.id "," "
40601172," ","sdnbinanga.binanga@yahoo.co.id "," "
40601449,"- ","sdno8totolisi@gmail.com "," "
40601175,"0 ","www.sdn9banua@g.mail.com "," "
60724338," "," "," "
60724339," "," "," "
69964079," ","smpislamsendana@gmail.com "," "
40601307," ","smpn1sendana@gmail.com "," "
40601194," ","smp2sendana@gmail.com "," "
40601304," ","smpn5sendana@gmail.com ","http://smpn5sendana.sch.id "
40605157," ","smpn8sendana@gmail.com "," "
40605534," ","smpn9sendana@gmail.com "," "
40605949," "," "," "
40605948," "," "," "
40605947," "," "," "
40605945," "," "," "
40605946," "," "," "
40601310," ","smansana01@gmail.com ","http://www.smansana.sch.id "
40601193," ","smapgrisombasendana@gmail.com "," "
69940165," ","smkharapanbangsamajene@yahoo.com "," "
69766213," ","smknegeridelapan.majene@gmail.com "," "
69970464," ","smks.alqadrimajene@gmail.com "," "
40605310," ","smkimj.sulbar@yahoo.co.id "," "
40605960," "," "," "
40605961," "," "," "
69769375," ","sd38.paopaomalunda@gmail.com "," "
69760559," "," "," "
40602088," ","sdn1.sasende04@gmail.com "," "
40601392," ","alaasrar@gmail.com "," "
40601451," ","sdnbambangan@gmail.com "," "
40601452," "," "," "
40602084," ","sdn18inpresbanua@gmail.com "," "
40601402," ","ahmadkamaruddin051291@yahoo.co.id "," "
40602089," ","sdn.21salutahongang@gmail.com "," "
40601407," ","sdn25lombang@gmail.com "," "
40602097," "," "," "
40601416," ","spdfitriani2@gmail.com "," "
40601422," ","Sdn.31rattepunaga.mn@gmail.com "," "
40601423," ","sdn.32kayuangin.mjn@gmail.com "," "
40601424,"- ","sdn.33buttutala.mjn@gmail.com "," "
40601436," ","sdn.4mekkatta.mjn@gmail.com "," "
40601494," ","Sdn.5bambangan@gmail.com "," "
40601485," ","sdn9.inpressasendemalunda@gmail.com "," "
40601391," ","sdno11maliaya@gmail.com "," "
40604538," ","sdn.35jolengmea@gmail.com "," "
60724335," "," "," "
60724334," "," "," "
40601317,"0 ","smpn1malunda@gmail.com ","http://smpn1malunda.sch.id "
40602584,"0 ","smpn3malunda@gmail.com ","http://www.smpn3malunda.sch.id "
40605709," ","smpn7malunda@gmail.com "," "
40605537," ","smpn8sataplombangmalunda@gmail.com "," "
40605940," "," "," "
40605941," "," "," "
40601488," ","malundasmansa@ymail.com "," "
40604957," ","smkn6mjn@gmail.com "," "
40602587," ","sufriantosmkbbs@yahoo.co.id "," "
40605958," "," "," "
69989074," "," "," "
40601182," ","sdnegeri11baurung@gmail.com "," "
40601184," ","sdn12pangale@gmail.com "," "
40601187,"0 ","sdn14baruga2014@gmail.com "," "
40601398,"0 ","Sdn15segeri@gmail.com "," "
40601178,"042221727 ","sdn2kampungbaru1947@gmail.com "," "
40601412," ","sdn28tamo@gmail.com "," "
40601414," ","sdn29purrau@gmail.com "," "
40601468,"0 ","Sdn30.lembang@gmail.com "," "
40601471,"Tidak ada ","sd32barane@gmail.com "," "
40601430,"0 ","sdn36.baruga@gmail.com "," "
40601474," "," "," "
40601437," ","Sdn40pappota@Gmail.com "," "
40601482,"- ","sdn56kampungbaru@yahoo.co.id "," "
40601500," ","sd57tangnga2@gmail.com "," "
40601483," ","sdn58pangale1483@gmail.com "," "
40602578,"0 ","lembang_60@yahoo.com "," "
69760558," ","sdn66sibunoang@yahoo.co.id "," "
40601174," ","sdn.8buttusamang@gmail.com ","http://www.sdn8buttusamang@gmail.com "
40601176," ","sd9tande@gmail.com "," "
40601168," ","sdn4_tgbatu@yahoo.co.id "," "
40602572," ","sd44inpbuttu@gmail.com "," "
40602577," ","sdn59limborotimur@gmail.com "," "
40601443," ","sd6kampungbaru@yahoo.com "," "
40602571," ","sdn.43inpresbuttusamang@gmail.com "," "
60724327," "," "," "
60724332," "," "," "
60724331," "," "," "
60724330," "," "," "
60724329," "," "," "
60724328," "," "," "
60724333," "," "," "
40602583," ","miftahuljihad@gmail.com "," "
40601306,"- ","smpn2majene@gmail.com ","http://www.smp2majene.sch.id "
40601195,"0 ","smp3majene@gmail.com "," "
40601198," ","smp.neg4majene@gmail.com "," "
40601302," ","smpn5majenetande@gmail.com "," "
40604282," ","smpn7majene@gmail.com "," "
40605481," ","smpdelapansatap@yahoo.co.id "," "
40605934," "," "," "
40605937," "," "," "
40605935," "," "," "
40605939," "," "," "
40605938," "," "," "
40601308,"042221076 ","smanegeri1majene@gmail.com ","http://www.sma1majene.sch.id "
40601311,"22019 ","sma2mjn@gmail.com ","http://www.sman2majene.sch.id "
40602586," ","smatigamajene@gmail.com ","https://www.smagama.sch.id "
69894310," ","smkfarmasi_bipmajene@yahoo.com "," "
40601489,"0422/22978 ","smk1mjn@yahoo.com ","http://www.smkn1majene.sch.id "
40601315,"042222574 ","info@smkn2-maj.sch.id ","http://www.smkn2-maj.sch.id "
69975865," "," "," "
60404188," "," "," "
60404186," "," "," "
60404189," "," "," "
40605956," "," "," "
40605957," "," "," "
40600326,"0426 ","sdinpresbarakkang@gmail.com ","http://sdibarakkang.sch.id "
40604297," ","sdikire@gmail.com "," "
40600475,"0426 ","sdpanggajoan@yahoo.com ","http://www.namasekolah.sch.id "
40600461," ","sdipirpontanakayang@yahoo.co.id ","http://www.sdipirpontanakayang.net "
40600473," ","sdipky01@yahoo.com "," "
40600474," ","sdi.inp.puji@gmail.com "," "
40600505,"0426 ","sdirantekombiling@yahoo.co.id ","http://www.sdinpresrantekombiling.net "
40600502," ","sdi-salugatta@yahoo.com ","http://www.sdisalogatta.net "
40600491," ","sdinp_salumanurung@yahoo.com ","http://www.sdinpressalumanurung.sch.id "
40600422," ","sditinali@ymail.com "," "
40600144," ","sdniibudongbudong@yahoo.co.id "," "
40604324," ","sdnberinginindah@gmail.com "," "
40600172," ","sdnkamnsi@gmail.com "," "
40600168," ","sdn.bojo@yahoo.co.id ","http://www.sdnbojo.net "
40600170," "," "," "
40600171," ","panjiprakasa@yahoo.co.id "," "
40600204,"0426 ","sdnlembahharapan@gmail.com ","http://www.sdnlembahharapan.sch.id "
69787985," ","martinus.manglo@gmail.com "," "
40600102,"0426 ","muhammadnadirj1@gmail.com ","http://www.sdnksimbarallo.net "
40600147," ","sdnlumubudongbudong@gmail.com "," "
40600142,"0426 ","sdnno1budongbudong@gmail.com ","http://www.namasekolah.sch.id "
40600307," ","Lusmiatialikan@gmail.com ","http://www.namasekolah.sch.id "
40605272," ","sdntamer@gmail.com "," "
40604542," ","rmariosdn377@gmail.com "," "
40600189," ","pasapasdn@gmail.com "," "
69975775," "," "," "
60724282," "," "," "
60724284," "," "," "
40600250,"0426 ","SmpBudongBudong@yahoo.co.id ","http://smpn01budongbudong.sch.id "
40600238,"0426 ","smpnduabdg@gmail.com ","http://smpnegeri2budong.blogspot.co.id/ "
40604334," ","smp.budongbudong@yahoo.com "," "
60728417," ","Smpn6budongbudong@gmail.com ","http://www.smpn6bb.sch.id "
40605463," ","smpn4budong2@yahoo.com ","http://smpn4budongbudong.net "
60728406,"0 ","smpn5budongbudong@gmail.com ","http://www.smpn5budongbudong.sch.id "
60728412," ","nic_helen@yahoo.com "," "
40605867," "," "," "
69788501," "," "," "
40605868," "," "," "
40605871," "," "," "
40600230,"0 ","operatorsma1@gmail.com ","http://www.sman1budongbudong.sch.id "
60728430," ","sman2budongbudong@yahoo.com ","http://sman2budongbudong.sch.id "
60728421," ","sma3budongbudong@gmail.com "," "
69786950," ","smknibudongbudong@yahoo.com ","http://www.smkn1budongbudong.sch.id "
69774923," ","smkbudibangsabudongbudong@yahoo.com "," "
69774916," "," "," "
69889101," "," "," "
40605967," "," "," "
40600397," ","sdianggaleha@gmail.com "," "
40600398," ","sdiantalili@yahoo.com "," "
40600331,"0426 ","sdinpres.benggaulu94@gmail.com "," "
40600314," ","sdinpresdurikumba@yahoo.com ","http://sdinpresdurikumba.sch.go "
40600320," ","sdi_kalia@yahoo.com "," "
40600354," ","sdi.karossa@yahoo.com "," "
40600358,"0426 ","sdi.lara1krs@gmail.com ","http://sdinpreslarai.sch.id "
40600359,"0426 ","sdi.laraii@yahoo.co.id ","http://www.sdilaraii.sch.id "
40600464," ","dsdira@ymail.com ","http://sdimora.net "
40600477,"0426 ","sdinpresmora1@gmail.com ","http://www.sdinpresmorai.sch.id/sdimora1.net "
40600478," "," "," "
40600479," ","sdimoraiii@yahoo.com ","http://www.sdimoraiii.sch.id "
40600480,"0426 ","sdimoraiv@yahoo.com ","http://www.sdimoraIV.sch.id "
40600511," ","sdisalubejau@yahoo.com "," "
40600512,"0426 ","sdi_salubiro77@yahoo.co.id ","http://www.SDN SALUBIRO.sch.id "
40600499," ","sdisanjango@yahoo.com "," "
40605528,"081355749650 ","sdkecil_bendungan@yahoo.co.id "," "
40605411," ","sdk.kalia2017@yahoo.com "," "
40600162," ","Sdnkambunong88@gmail.com "," "
40604362,"0426 ","supartiningsih_endang@yahoo.co.id ","http://www.sdnegerikarossa.sch.id "
40600209," ","yudi_negara@yahoo.com ","http://www.sdnkpulokambunong.sch.id "
40600116," ","sdksalubia@yahoo.com "," "
40600107," ","mursyid@gmail.com ","http://biounsdmi.kemdikbud.go.id "
40605590," ","tanete-letter@yahoo.com "," "
40604318," ","sdn.tomemba@yahoo.co.id ","http://www.sdnktomemba.s.ch.id "
40600270," ","sdnsalubiro@gmail.com ","Http://www.sdnsalubiro.net "
40604696,"0426 ","sdnsanrege@yahoo.com ","http://www.sdnsanrege.sch.id "
60724291," "," "," "
60724290," "," "," "
40600254," ","smpn1karossa@gmail.com ","http://www.smpn1karossa.net "
40604705,"4060 ","smpnkarossa@yahoo.co.id ","http://www.smpn2karossa.sch.id "
40604342,"0 ","smpn3karossa@gmail.com "," "
40605457,"0426 ","smpn4karossa@gmail.com ","http://www.smpn4karossa.sch.id "
69963678," "," "," "
69939992," ","smpitalbiruni@yahoo.com "," "
40605291,"0426 ","smpnegri5karossa@gmail.com ","http://www.smpnegri5karossa.sch.id "
69938351," ","smpn6karossa@gmail.com "," "
40605882," "," "," "
40605885," "," "," "
40605884," "," "," "
40605883," "," "," "
69853414," "," "," "
40605623," ","sman1karossa@gmail.com "," "
60728425," "," "," "
40600211,"62426- ","masteryogya11@gmail.com "," "
69940183," ","smkbinaharapan92@gmail.com "," "
60404204," "," "," "
69788086," "," "," "
69734324," "," "," "
40600432," ","sditabolang88@gmail.com "," "
40600311," ","muhammadfaizulpatan@gmail.com ","http://www.sdinpbambamanurung.sch.id "
40600329," ","iksan.tahir@gmail.com ","http://www.sdinpresbayor.sch.id "
40600317,"0426 ","kalmanyaris@yahoo.co.id ","http://www.sdikabubu.sch.id "
40600481," ","sdi.ngapaboa@yahoo.co.id "," "
40600465,"0426 ","sdi.paraili@yahoo.co.id ","http://www.sdiparaili.net "
40600468," ","incerahman@yahoo.com.id ","http://www.sdipatulana.sch.id "
40600493," ","sdisalupangkang@yahoo.com ","http://sdisalupangkang.net "
40600494," ","fuadahismia92@gmail.com "," "
40604294,"0426 ","sdi.swakarsa96@gmail.com ","http://www.sdinpressuakarsa.sch.id "
40600416," ","ssditangkou@yahoo.com ","http://www.sditangkeou.net "
40600418," ","ebit.parmanto@yahoo.co.id "," "
40600457," ","sditumbu@yahoo.co.id "," "
40600459,"0426 ","sdinpwaeputeh@yahoo.co.id "," "
40604301,"0426 ","sdn.karomana@gmail.com ","http://www.sdnkaromana.sch.id "
40604300," ","sdnegerikecilkalando@gmail.com "," "
40600185," ","sdkkalubibing017@gmail.com "," "
40604329," ","muhammad_yasman@yahoo.co.id "," "
40604698," ","sdnkecilsalunusu@gmail.com "," "
40600426,"0426 ","sdnsinabatta009@gmail.com ","http://www.sdnsinabatta.net "
40600297,"081342086837 ","sdn.wilotong@gmail.com "," "
40605426," ","sdkaromanamuara@gmail.com "," "
40605273,"0426 ","nurfamansyur@yahoo.co.id ","http://www.sdktanjunglallere.sch.id "
40605622," ","Nurmadinahcahya@yahoo.co.id "," "
40605621,"0426 ","sdkgaliang@yahoo.com ","http://www.SDK GALIANG.sch.id "
40600105," ","alamsamsu85@gmail.com ","http://www.sdkeciltalodo.sch.id "
40600295,"0426 ","sdnegeritopoyo@gmail.com "," "
60724308," "," "," "
60724307," "," "," "
60724280," "," "," "
60724281," "," "," "
60724306," "," "," "
40600259,"0426 ","smpnegeri1topoyo@gmail.com ","http://www.smpn1topoyo.net "
40600243,"- ","smpnegeriduatopoyo@gmail.com ","http://smpn2topoyo.net "
40605512,"0426 ","smpn3topoyo@gmail.com ","http://www.smpn3topoyo.sch.id "
69973024," ","smpnegrisatapsalulebo@gmail.com "," "
40605298," ","smpalmaarif@yahoo.co.id ","http://smpalmaariftangkou.net "
40604611," ","smpmuhammadiyahtopoyo@yahoo.com ","http://mbsmamujutengah.id "
40605645," ","smp4topoyo@gmail.com "," "
40600216,"0426 ","smpnlimatopoyo@yahoo.com ","http://www.smpn5topoyo.sch.id "
60728410,"0426 ","smpn6.topoyo@yahoo.com ","http://www.smpn6topoyo.sch.id "
69955496," ","smpsisi45@yahoo.co.id "," "
69899702," "," "," "
69976564," "," "," "
40605869," "," "," "
40605915," "," "," "
40605913," "," "," "
40605910," "," "," "
40605912," "," "," "
40605914," "," "," "
40605911," "," "," "
69905907,"082395230765 ","SMAN2topoyo@gmail.com ","http://sman2topoyo.sch.id "
40604355,"0421. ","smansatopoyo@ymail.com "," "
40604711,"0 ","smknsatutopoyo@gmail.com ","http://smkn1topoyo.sch.id "
69774919," ","Hakama.al@gmail.com ","http://www.smkbinabangsatopoyo.com "
40605470,"0 ","nersyuslan@yahoo.com ","http://smkalmubaraktopoyo.sch.id "
40605472," ","nmuallif20@gmail.com ","http://www.smkmuhammadiyahtopoyo@gmail.com "
40604384,"null ","samsulhidyat09@gmail.com ","http://smks.prima.karya.topoyo.com "
69849494," "," "," "
60404226," "," "," "
60404223," "," "," "
60404225," "," "," "
60404224," "," "," "
69788161," "," "," "
40600324," ","sdi_bambadaru@yahoo.co.id "," "
40600328," ","sdibatuparigi@gmail.com ","http://siap-online.com/40600328 "
40600332," ","sd_inpresbenteng@yahoo.com "," "
40604359,"0426 ","heriadidikdas@yahoo.com ","http://www.sdimahahe.sch.id "
40604290," ","sdipandoadoang@gmail.com "," "
40604292," ","sdipolongaan05@gmail.com "," "
40600508,"0426 ","sdisaloada@yahoo.com ","http://www.sdisaloada.sch.id "
40604293," ","sdinpsulobaja@yahoo.co.id "," "
40604295," "," "," "
40604296," ","Bodenkajha@gmail.com ","http://www.sditobadak.id.sch "
40600443," ","Sdn_batusitanduk@yahoo.com ","http://www.batusitanduk.idsch "
40604328," ","40604328@SIAP.ID "," "
40604718," ","sdnegerikecilsaluandean@gmail.com "," "
40600271," ","40600271@SIAP.ID "," "
40604707," ","sdnegerikeciltanetebaha@gmail.com "," "
40600151," ","sdnkondospata@gmail.com "," "
40600304,"0426 ","heriadidikdas@yahoo.com ","http://www.sdnsejati.sch.id "
40600294," ","Sdntobadak@yahoo.com ","http://www.sdntobadak.sch.id "
40604717," ","sdnterpencilsalutasantung@gmail.com "," "
40605289," ","40605289@SIAP.ID "," "
60724283," "," "," "
60724279," "," "," "
40600240,"0426 ","spensa.tobadak@yahoo.co.id ","http://smpn1tobadak.sch.id "
40600260," ","SMPNTobadak@yahoo.com "," "
40604343,"0426 ","smpn_3_tbdk@yahoo.co.id ","http://www.smpn3tobadak.sch.id "
60728416,"Tidak ada ","smpn04tobadak@gmail.com "," "
69973025," ","smpn5tobadak@gmail.com "," "
69979582," ","smpn6tobadak@gmail.com "," "
40605909," "," "," "
40605870," "," "," "
69905126," ","sma_neg.2tobadak_iv@yahoo.com ","http://www.SMAN2Tbadak.com "
40604354,"0 ","sman_tobadak@yahoo.co.id "," "
60728435," ","smkn_1tobadak@yahoo.com ","http://www.smkn1tobadak.sch.id "
69849493," "," "," "
40600396," ","sd_inpres_alongalong@yahoo.go.id "," "
40600411," ","sriwahyuni_mateng@yahoo.co.id "," "
40600336," ","sdikampungbaru7@gmail.com ","http://www.sdikampungbaru.net "
40600351," ","sdinpreskarama@gmai.com ","http://www.sdikarama.net "
40600356," ","sdikuo@yahoo.co.id ","http://www.sdikuo.net "
40600357," "," "," "
40600471," ","sdpolojajar@gmail.com ","http://www.sdipolojajar.net "
40600472," ","boysandiasri@yahoo.co.id "," "
40600503," ","sd_inpres_purwodadi@yahoo.com "," "
40600450," ","sdisartanamaju@yahoo.com ","http://sdisartanamaju.net "
40600460," ","iputususila5511@gmail.com "," "
40600197," ","sdnegerikecilpalapi@gmail.com "," "
40600150," ","sdn_kombiling@yahoo.co.id "," "
40600153," ","sdnegerilattibung@yahoo.com ","http://www.sdnlattibung.net "
40600263," ","erlis.spd67@gmail.com "," "
40600264," ","sdnegeripolocamba@yahoo.com "," "
40600412,"WhatsApp082290508557 ","sidomulyo01@gmail.com "," "
40600239," "," smpn1pangale@yahoo.co.id ","http://www.smpn1pangale.sch.id "
69902284," ","smpn3pangale@yahoo.com "," "
69980153," ","smpnegeri4pangale@gmail.com "," "
40605296," ","smpn2pangale@yahoo.com "," "
69853415," "," "," "
40605898," "," "," "
40600231," ","allink.jhon@gmail.com ","http://sman1pangale.sch.id "
69940185," ","smks.binakarya@gmail.com "," "
69907901," ","smkjuanpattaropura@yahoo.com "," "
69774920," ","Smksmuhammadiyahpangale@yahoo.co.id ","http://www.Smksmuhammadiyahpangale.com "
60404215," "," "," "
69849491," "," "," "
