NPSN,"Fax ","Email ","Website "
60401030," ","sdinpres1kwama@gmail.com "," "
60401041," ","sdinpressanggram@gmail.com "," "
60401046," ","sdinp.urat@yahoo.com "," "
60401047," ","barsalinahindom@yahoo.com "," "
60401049," ","sdinpresweri@gmail.com "," "
60401044," ","sahrinrinlamarunga18@gmail.com "," "
60403514," ","kalamanuksdnk@gmail.com "," "
60403585," ","sdnegerisaharey@gmail.com "," "
60403766," ","Smpnegeri_fakfaktimur@yahoo.co.id "," "
60401020," ","sdinpresfaukia.faur@gmail.com "," "
60401031," ","lajaeucen@yahoo.com ","http://lajaeucen.go.id "
60401083,"0 ","poetramiran@gmail.com ","http://tamisenasyuni.blogspot.com "
60403424," ","sdnegerikaras@gmail.com "," "
60403516," ","kasim.goban@gmail.com "," "
60401058," ","sdypkkaras@gmail.com "," "
69882424," ","kiabarumalean@gmail.com "," "
69854336," "," "," "
60401097," ","smpnegerikaras@gmail.com "," "
60403596," ","smankaras@yahoo.com ","http://www.smanka.co.id "
60401022," "," "," "
60401004," ","sdinpres2fakfak@gmail.com "," "
60401005,"0956-22829 ","fhairudzalfrian@yahoo.com "," "
60400101," ","inprestambaruni@gmail.com "," "
60401023," ","sdinpres_1wagom@yahoo.co.id "," "
60401085," ","randi.sdn01ff@gmail.com "," "
60403513," ","sdnsekrufakfak@yahoo.com "," "
60401052," ","sd.yapisfakfak@yahoo.com "," "
60401056,"0956-22387 ","sdypk.fakfak@yahoo.co.id "," "
60401071," ","yppkfatimaff@gmail.com "," "
69882422," ","sdyppklusiperi@gmail.com "," "
60401074," ","SDyppk_pahar@yahoo.co.id "," "
60401069," "," "," "
60403418," ","styohanesgewerpe@gmail.com "," "
60727097," "," "," "
60727094," "," "," "
60727095," "," "," "
60727096," "," "," "
69881986," "," "," "
60401101,"0956 23941 ","smpnegeri1_ff@yahoo.com "," "
60401098,"0956 25229 ","smpyapisfakfak@yahoo.co.id "," "
60401099," ","Smpypk_imanuel_fakfak@ymail.com "," "
60401100," ","smpyppksantodonbosco.fakfak65@yahoo.co.id "," "
60702897," "," "," "
60401122,"09562101107 ","smansaffpabar18@yahoo.com ","http://www.smansaffpabar.sch.id "
60401121," ","smaypk200@yahoo.co.id ","http://smaypkfakfak.mysch.id "
60403419," ","smadonff@yahoo.co.id "," "
60401127,"095622678 ","smkyapisfakfak@yahoo.co.id ","http://www.smkyapisfakfak.sch.id "
60725211," "," "," "
60401026," ","sdinpreskayumerah83@gmail.com "," "
60401034," ","ilhamdwisaputra@gmail.com "," "
60401053,"-- "," "," "
60401054,"- ","elisasouhuwat@yahoo.com "," "
60401055," ","danaweriasdypk@gmail.com "," "
60401070," ","sdyppkbrongkendik@gmail.com "," "
60401075," ","sdsakartemin@yahoo.com "," "
69786675," ","sdyppkmandopma@gmail.com "," "
60401077," ","sdyppksorpeha@gmail.com "," "
69926079," ","sdyppksakartemin@gmail.com "," "
69882423," ","sdnwarhiryang@gmail.com "," "
60724561," "," "," "
60727098," "," "," "
60401103,"0956225311 ","smpnegeriduafakfak@yahoo.com "," "
60401107," ","amirdindha67@yahoo.co.id "," "
69867969," ","smpgirgirfakfak14@gmail.com "," "
60403593," ","smpyapis2fakfak@gmail.com "," "
60727651," "," "," "
60401125,"095623516 ","fakfaksmanda@gmail.com ","http://sman2fakfak.sch.id "
60728192," "," "," "
60401038," ","sdinpresperwasak@gmail.com "," "
60401087," ","sdnkiat@yahoo.com "," "
69882426," ","sd.ypk_kwuhkanda@yahoo.com "," "
60401066," ","sdypksiboru@gmail.com "," "
60401068," ","sdypkwerba@gmail.com "," "
60404127," ","patiranklementina@gmail.com "," "
60401105," ","smpnegeri3fakfak@gmail.com "," "
60403840," ","smpn.satapkiat@gmail.com "," "
60727650," "," "," "
60401128,"0956 ","smknsatoefakfak@yahoo.co.id "," "
60403591," ","sdinpresbatufiafas@gmail.com "," "
60401017," ","operator.sdidarembang@gmail.com "," "
60401021," ","operator.sdigoras@gmail.com "," "
60401025," ","lenterasenja@yahoo.com "," "
60401027," ","arifmuri26@gmail.com "," "
60401028,"- ","dwi_pujiati86@yahoo.com "," "
60401032," ","alamkabes702@gmail.com "," "
60401037," "," "," "
60401045," ","suwaryo21@gmail.com "," "
60401086," ","samidi740@gmail.com "," "
69926072," ","sdnegrimasina@gmail.com "," "
60401060," "," "," "
60401061," ","rahangmetanester@gmail.com "," "
60403511," ","operator.sdnforir@gmail.com "," "
60403586," ","erneshanaba@gmail.com "," "
60403510," "," "," "
69882425," ","ihamohammad@gmail.com "," "
60401102," ","smpnegeri1kokas@gmail.com "," "
69984782," ","smpn1satapkinam@gmail.com "," "
60401124,"- ","smansako@yahoo.co.id ","http://www.smansako.sch.id "
60401018," ","romawijaya095@gmail.com "," "
60401035," ","ofisdinpres@gmail.com "," "
60403588," ","husni.patipi@gmail.com "," "
60401039," ","sdinprespuar@gmail.com "," "
60401040,"- ","sdinpres.salakiti@yahoo.co.id "," "
60401091," ","sumarni197534@yahoo.com "," "
60401089," ","psdnegeri@gmail.com "," "
60401067," ","sdypksum@gmail.com "," "
69786676," ","sdyppkwerfra@gmail.com "," "
60401080," ","gregousadora@gmail.com "," "
69726929," ","sdntetar@gmail.com "," "
69819756," "," "," "
60401104," ","smpnkokas@gmail.com "," "
60401029," ","sdinpreskrawargeb@gmail.com "," "
60401033," ","sdinpresnembuk@gmail.com "," "
60401063," ","sd.ypkpikpik@gmail.com "," "
60401062," ","sdyppksantolukasmamur@gmail.com "," "
69882428," ","sd.yppk_wargeb@yahoo.com "," "
60403512," ","operator.sdnnawatukar@gmail.com "," "
60403764," ","sdn_ubadari@yahoo.com "," "
60401108," ","smpn4.kokas@yahoo.com "," "
60401011,"0 "," "," "
60401013," ","jonitbudji@gmail.com "," "
60401014," ","aan.tiras@yahoo.com "," "
60401015," ","sdinpresbomberay6@gmail.com "," "
69926077," ","sdnegerithessabomberay@gmail.com "," "
60403594," ","smpn_bomberay@yahoo.com "," "
60727649," "," "," "
60403597," ","smkn2fakfak@yahoo.co.id "," "
60728191," "," "," "
60401006," ","Sdinpres3wagom@gmail.com "," "
60401019," ","sdinprestigadulanpokpok@yahoo.com ","http://sdinpresdulanpokpok.mysch.id "
60401043," ","sdinprestanama@gmail.com "," "
60401057," ","sdypkkapaurtutin@yahoo.com "," "
60401079," ","sdyppk@yahoo.com "," "
60403592," ","sdit_assalaamfakfak@yahoo.com "," "
69926082," ","smpitassalaamfakfak@gmail.com "," "
60401095," ","pgriffsmp@gmail.com "," "
60403765," ","smp5satap_fakfak@yahoo.com "," "
60401050," ","sdinp_wrp@yahoo.com "," "
69882427," ","sdwartutinfak2barat@gmail.com "," "
60401076," ","sdyppksipatnanam@gmail.com "," "
60401088," ","efendikotam@gmail.com "," "
60401081," ","sdyppkwayati@yahoo.com "," "
60403589," ","sdypkwaserat@gmail.com "," "
60401008," ","sataragwas@gmail.com "," "
60401084," ","arianiwa821@yahoo.com "," "
60401048," ","raserpiela@gmail.com "," "
60401024," ","rufinusmandopma@gmail.com "," "
60401059," ","sdypkkayuni@gmail.com "," "
60401064,"- ","sdypkrangkendak@gmail.com "," "
60403587," ","sdnmananmur1982@gmail.com "," "
60401090," ","ichaltampan85@gmail.com "," "
69728459," ","sdntanisapata@yahoo.co.id "," "
60403423," ","aminudinrumalolas@gmail.com "," "
69984783," "," "," "
60401009," ","mohtar1_adi2as@yahoo.com "," "
60401010," "," "," "
60401016," ","ijasvsyati@gmail.com "," "
60401036," ","sdinpresotoweri@yahoo.co.id "," "
60401078," ","sdyppktomage@yahoo.com "," "
69926075," ","yadiyono81@gmail.com "," "
60401106," ","smpn3kokas@yaho.com "," "
60401619,"0 ","tahirsimurut62@gmail.com "," "
60401560," "," "," "
60401565," "," "," "
60401584," ","sd_yarona@gmail.com "," "
60402067,"0 "," "," "
60401621," ","rafaelpattipeilohy@gmail.com "," "
60401624," ","sd_nusaulan@yahoo.com "," "
60401586,"0 ","sdpulauadi@gmail.com "," "
60401589," ","sd_esania@gmail.com "," "
60401590," "," "," "
60401606," ","sdypktairi@gmail.com "," "
60401635," ","smpn1buruway@gmail.com "," "
60401629," "," "," "
60401559," ","sd_bofuwer@gmail.com "," "
60401564," ","sd_fudima@gmail.com "," "
60401566," ","sd_kensi@gmail.com "," "
60401573,"- "," "," "
60401576," ","opsdinpresskariwara@gmail.com "," "
60401579," "," "," "
60401581," ","sd_wainaga@gmail.com "," "
60401582," "," "," "
69984512," ","sdn_afuafu@gmail.com "," "
69985430," "," "," "
60403529," ","sd_eregara@gmail.com "," "
69772595," ","gusisdnegeri@gmail.com "," "
60401622," ","sd_negerimahua@gmail.com ","http://sdnmahua.kaimana.disdakmen.kemendikbud.go.id "
60403601," ","sd_moyana@gmail.com "," "
60401625," "," "," "
60403549,"0 ","sd_warua@gmail.com "," "
60401592," ","SDYPKGUSIMAWA@gmail.com "," "
60401604," "," "," "
60401607," ","sd_tiwara@gmail.com "," "
60401614," ","sd_weswasa@gmail.com "," "
60401632," ","smpn1telukarguni@gmail.com "," "
69772598,"- ","smpn3_arguni@gmail.com "," "
60401572," ","sd_nagura@gmail.com "," "
60401574,"0 "," "," "
60401578," "," "," "
60401580," "," "," "
69772593," ","sdn_manggera@gmail.com "," "
69772594," "," "," "
69892723," ","sd-waromi@gmail.com "," "
60401588,"0 ","sd_barari@gmail.com "," "
60401593," ","sdypkinari@gmai.com "," "
60401599," "," "," "
60401600," "," "," "
60401611," ","sd_wanoma@gmail.com ","http://www.sdypkwanoma kaimana.Co.Id. "
60401613," ","sd_warmenu@gmail.com "," "
60401634," "," "," "
60401557," "," "," "
60401563," ","sd_foromajaya@yahoo.com ","http://www.exsample "
60401570," ","sd_maimai@gmail.com "," "
60401571," ","sdinpres.nanggaromi@yahoo.com "," "
60401575," ","sd_sisir2@gmail.com "," "
60401577," ","maurid@yahoo.com ","http://www.sd _ tanggaromi_kaimana.com.id "
60401626,"0 ","sd_warika@yahoo.com "," "
60401618," ","sd1_kaimana@gmail.com "," "
69897075," ","sd_negeri3@gmail.com "," "
69897076," ","sdn04kaimana@gmail.com ","http://www.sdn04kaimana "
60401620,"- ","sdnegericoa@gmail.com "," "
60403527," "," "," "
60402088,"- ","sd_kamaka@yahoo.com "," "
60401623," ","sdmatoa@gmail.com "," "
60403422," ","sd_saria@gmail.com "," "
60403530," ","sdntarwata@gmail.com "," "
60401585,"0957-21124 ","esdeyapiskaimana@gmail.com "," "
60401594,"- ","sdypkkaimana@gmail.com "," "
60401598," "," "," "
60401601," ","sd_namatota@gmail.com "," "
60401605," ","sd_sisir1@yahoo.co.id "," "
60401615," ","stfransiskussdyppk@gmail.com "," "
60401569," ","sd_krooy@gmail.com "," "
60724562," "," "," "
69819763," "," "," "
69962871," ","smplukmanalhakim@gmail.com "," "
60402069," ","smpnegeri1.kaimana@gmail.com "," "
60401633," ","smp2_kaimana@gmail.com "," "
60402090," ","smpn3.kaimana@gmail.com "," "
69772599," ","smpn4kaimana@gmail.com "," "
60403767,"0 ","smp6_kaimana@gmail.com ","http://www.smpkaimana.com "
60401628," ","smp_yapiskmn@yahoo.com "," "
60401630," ","ypkrehobot@gmail.com "," "
60401631," ","smpyppk.kaimana@gmail.com "," "
69733833," "," "," "
69900980," ","smadakaimana@gmail.com "," "
60403380,"095721016 ","smankmn@gmail.com ","http://smansa.com "
60404128," ","smasyapiskaimana@yahoo.com "," "
60402131," ","sma.santino@yahoo.co.id "," "
60401644," ","smkn1.kaimana@gmail.com ","http://smkn1.trial.sch.id "
60401643," ","smkn2kmn@gmail.com ","http://SMKN2.SCH.ID "
60402077,"(0957) 21087 ","smkefatabisa@gmail.com ","http://smk-ypk-efata.com "
69881538," "," "," "
69892223," ","smtk.kaimana2007@gmail.com "," "
60401587," ","sd_ypkbahumia@gmail.com "," "
60401596,"0 ","sd_kooy@gmail.com "," "
60401608," "," "," "
60401609," ","sd_waho@gmail.com "," "
60401610," ","sd-wamesa@gmail.com "," "
60401616,"0 ","sdyppkrauna@gmail.com "," "
60401617," ","sd_werafuta@gmail.com "," "
69787889," "," ","http://www.smpn1kambraw_kaimana.co.id "
60401558," ","sdi.avona@gmail.com "," "
60401568," "," "," "
60401595," "," "," "
60401597," ","sdypklakahia@gmail.com "," "
60401603," ","sdypkombanariki_kaimana@gmail.com "," "
60401612," ","sd_semimi@gmail.com "," "
60401636,"- ","smpn1etna@gmail.com "," "
60401561," ","sdinpreserega@gmail.com "," "
60401562,"0 "," "," "
60401583,"095721138 ","sd_yapima@gmail.com "," "
60403845," "," "," "
60403768," "," "," "
60401591," "," "," "
60401602," ","sd_ombapamuku@gmail.com "," "
69772597," ","smpn1_yamor@gmail.om "," "
60401963," ","sdkukuyeda16@gmail.com "," "
60728558," "," "," "
69947037," ","sdnegerioya16@gmail.com "," "
69965731," "," "," "
69989678," "," "," "
69989677," "," "," "
60402005," ","sdnegeriwondamawi@yahoo.com "," "
60401991," ","juni.legari@yahoo.com "," "
69787129," ","npsn69787129@gmail.com "," "
69888392," ","nurhayatimuthalib25@gmail.com ","http://smaypkaitumieri.net "
60401971," ","sdtandia15@gmail.com ","http://sdinprestandia.mysch.id/ "
60402002," ","sdnegerisenderawoi@yahoo.com "," "
60401985,"082199050976 ","sdypkrasiei@gmail.com "," "
69888415," ","smp_diopui@yahoo.com "," "
60403631,"- ","smpnrasieiwondama@gmail.com ","http://smpnrasiei.net "
60402011," ","smkntandia2017@gmail.com ","http://www.smkntandia.net.id "
60402001," ","sdnanimori@yahoo.com "," "
60402003," ","sdnegerisobiar01@gmail.com "," "
60401978,"0 ","willemparkai@yahoo.com ","http://infopendataan.dikdas.kemdikbud.go.id. "
60401979," ","sdypkdusner@gmail.com "," "
60728672," ","santalaurensia14@yahoo.com ","http://www.santalaurensia14.com "
60401965," ","sddotir@yahoo.com "," "
60403636," ","sdnegerimanggurai@yahoo.com "," "
60403635," ","chanlee_saptry@yahoo.co.id "," "
60401973," ","sdinpreswasior@gmail.com "," "
60401986,"085244709503 "," "," "
60401983,"- ","sdypkmiei@yahoo.co.id "," "
60401984,"- ","sdypkrado@gmail.com "," "
60401990," ","wondamawisdypk@gmail.com "," "
69819762," "," "," "
60402009,"0 ","smpnwasior@yahoo.com "," "
69956704," ","smpyapiswasior16@gmail.com "," "
60402008," ","smpypkaitumieri@yahoo.co.id "," "
69979118," ","santoalbertus20@gmail.com ","http://www.santoalbertus20@gmail.com "
69928139," "," "," "
60403473,"082248242423 ","sman1_wondama@yahoo.co.id ","http://sman1wondama.net "
60403472," ","smkp_aitumieri@ymail.com ","http://www.smkpaitumieri.net "
60401964," ","sdinpresaisandami0517@gmail.com "," "
60401969," "," "," "
60403733," ","negerialberthwry@yahoo.co.id "," "
60402006," ","sdn.yopanggar@yahoo.com "," "
60403550," ","smpaisandami@yahoo.co.id "," "
60728675," ","smpsobey@yahoo.co.id "," "
60401998," ","menarbu14@yahoo.co.id "," "
69991239," "," "," "
69952845," ","sdsariay16@gmail.com "," "
60402004," ","selpinabire@yahoo.com "," "
60401994," ","sd_ypkyende@yahoo.com "," "
69888397," ","smpnegeri_roon@yahoo.co.id ","https://www.smpnroon.net "
60401976," ","sdinpresyopmeos16@gmail.com "," "
60728671," ","sandey14@yahoo.co.id "," "
60401970," ","sombokoro16@gmail.com "," "
60401989," ","sdypkwindesi@yahoo.co.id "," "
60402010," ","sltpn_windesi@yahoo.com "," "
60728673,"sma2windesi@yahoo.co ","naomisawaki@yahoo.co.id ","http://smawindesi.go.id "
60401996," ","sdnambuar@yahoo.com "," "
60403385," ","juni.legari@yahoo.com "," "
60401968," ","sdnegerisabuba@yahoo.co.id "," "
60403638," ","satapsabubar14@yahoo.co.id "," "
60401972," ","sdinpreswaprak25@yahoo.com "," "
60401975," ","yomber2015@yahoo.com "," "
69955203," ","smpsataproswar16@gmail.com "," "
60403374," "," "," "
60401966," ","sdinpresiseren14@yahoo.co.id "," "
69888409," "," "," "
60401992," ","sdyariari14@yahoo.co.id "," "
60401993," "," "," "
60401995," ","sdypkyomakan@yahoo.co.id "," "
60403373,"082198033321 ","smpnegerirumberpon@yahoo.co.id "," "
60401967,"- "," "," "
69888408," ","nuspairo2@yahoo.com "," "
60401974," "," "," "
60401981,"- ","sdkaprus@yahoo.com "," "
69947038," ","smpsoughwepu16@gmail.com "," "
69954171," ","sdnegeriwerianggi16@gmail.com "," "
60401982," "," "," "
60401987," ","sdypkwerabur@gmail.com "," "
60401988," ","sdwerianggi@yahoo.com "," "
69888398," ","smpntamoge@yahoo.co.id "," "
60401926," "," "," "
60401930," "," "," "
60403495," ","smpnfafuruar@gmail.com "," "
60401882," "," "," "
60401924," ","wattithomy.putra@yahoo.com "," "
60725133," "," "," "
60401957," ","babosmpn@yahoo.co.id "," "
60403488," ","smanbabo@gmail.com "," "
60401903," ","sdinpreskelapadua@gmail.com "," "
60401901," "," "," "
60401937," ","cristianlove46@yahoo.com "," "
60401919," ","boyheriady@yahoo.com "," "
60401931," "," "," "
69728613," ","sdyppktofoi@yahoo.co.id "," "
69819761," "," "," "
60401945," ","smpklp2sumuri@gmail.com "," "
60401951," ","smpstellamaristofoi@gmail.com "," "
60403497," ","smptanahmerah@yahoo.com "," "
69879191," ","smansaengga13@gmail.com "," "
60403662," ","smanegeritofoi@yahoo.co.id "," "
60401913," "," "," "
60401944,"0 ","wilhelmina.siki@gmail.com "," "
60403651," ","sdyppkyaru@gmail.com "," "
60725748," ","alfridadwaa@yahoo.com "," "
60403742," ","smpnegeriwimro@gmail.com "," "
60401910," ","sdinpressuga2@gmail.com "," "
60401939," ","sdnkaitaro@yahoo.com ","http://www.sdnkaitaro_telukbintuni.co.id "
60401941," ","asdarumar1981@gmail.com "," "
60401943,"- "," "," "
60401920," ","Sdypktugerama_tugerama@yahoo.com "," "
60403924," ","smpnkaitaro@gmail.com "," "
69879192," ","smankaitaro@gmail.com "," "
60401897," "," "," "
60401898,"0955- ","dikpora_bintuni@yahoo.co.id "," "
60725742," "," "," "
60403649," ","sdpersiapanobo@gmail.com "," "
60401921," ","sdypkwagura@gmail.com "," "
60403493," ","smpnkuri@gmail.com "," "
60401887," ","sdkalikodok02@gmail.com "," "
60401907," ","sdspvmanimeri@yahoo.com "," "
60401912," ","sdinprestuasay@gmail.com "," "
60403481,"081247968528 ","sdmuhammadiyah@yahoo.com ","http://www.sdmuhammadiyah.com "
60401938," ","sdnbintuni@gmail.com ","http://60401938.siap-sekolah.com "
60403650," ","terpadubintuni@yahoo.com "," "
69991808," "," "," "
60401916," ","sdypkbintuni@yahoo.com "," "
60401925," "," "," "
60401932,"0955 ","sibenasdyppkpicetehi@yahoo.co.id "," "
69881987," "," "," "
60403653," ","ifule79@gmail.com "," "
60401954,"095531301 ","smpsatubintuni@yahoo.co.id ","http://smpsatubintuni.blogspot.com "
60403659," ","smpterpadubintuni@gmail.com ","http://www.tidakadawebsite.sch.id "
60404138," ","smpypkbintuni12@yahoo.com "," "
60401953," ","smpmonikabintuni@gmail.com "," "
60401961,"0955 ","smanegeri1bintuni@gmail.com ","http://smanegeri1bintuni.sch.id "
60401959," ","sma.muhammadiyah.bintuni@gmail.com "," "
60401960," ","smasanewesyen_bintuni@yahoo.co.id ","http://smasanewesyen.com "
60401962," ","smaypkbintuni@yahoo.com "," "
60403663," ","smayppk2009@gmail.com "," "
60401904,"0 "," "," "
60401902," ","sdinpresmanimeri1@yahoo.com "," "
60401906," ","sdinpressp4.manimeri@gmail.com "," "
60401905," ","sujono700@gmail.com "," "
60403480," "," "," "
60725739," ","sdypkarafidim@yahoo.com "," "
69980593," ","sdyppkmanimeri@yahoo.co.id "," "
69819759," "," "," "
69854339," "," "," "
60401955," ","smpnegeri2bintuni@gmail.com "," "
60401950," "," "," "
69900189," "," "," "
69787126," ","dar.alraudhah@gmail.com "," "
60403490," ","smknegeri1bintuni@gmail.com ","http://smkn1bintuni.sch.id "
69733854," "," "," "
60401899," ","sdinp1sibena@gmail.com "," "
60401900," ","sdinpressibenadua@gmail.com "," "
60401934," ","wilhelmina.siki@gmail.com "," "
60401946," ","smpperintissibena@yahoo.com "," "
60403475," "," "," "
60725747," ","jems_geo07@yahoo.co.id "," "
60401908," ","sdinpstengkol@gmail.com "," "
60401929," ","sdmogoibaru@gmail.com "," "
60401933," ","sdyppktembuni@gmail.com "," "
60401947," ","smpperintisstenkoolsatu@yahoo.co.id "," "
60403741," ","smpntembuni@gmail.com "," "
69935461,"- ","smatembuni1385@gmail.com "," "
60401881," ","sdaranday@gmail.com "," "
60401884," ","sdinphti02aranday@gmail.com "," "
60401889," ","sdkecap@yahoo.com "," "
60403478," ","sdinpkampungbaru@gmail.com "," "
60403740," ","smpn2aranday@gmail.com "," "
60401940," ","sdnkalitami@gmail.com "," "
60403655," ","smpkalitami@yahoo.co.id "," "
69879194," ","sma.kamundan@gmail.com "," "
60401880," ","sdinphti01sebyarrejosari@gmail.com "," "
60401911," ","sdinptomu@gmail.com "," "
60401942," ","sdn.taroi@yahoo.co.id "," "
69819760," "," "," "
60401956," ","smpnegeri1.aranday@gmail.com "," "
60725746," ","smpn.taroi@yahoo.com "," "
60403489," ","sman_aranday@yahoo.com "," "
60401935,"0955 ","sdyppkweriagar@gmail.com "," "
60403658," ","smpweriagar@gmail.com "," "
60403479," ","sdmayenda@gmail.com "," "
60401883," "," "," "
60401886," ","jagiromoskona@yahoo.com "," "
60404137," ","smpnsatapjagiro2@gmail.com "," "
60401893," "," "," "
60401914," ","sdinpresstenkool3@gmail.com "," "
60401949," ","smpperintis_stenkooltiga@yahoo.com "," "
60403661," ","meyadosman@gmail.com "," "
60401895," "," "," "
60403656," ","smpnmeyerga@gmail.com "," "
69879197," ","smanegeri.meyerga@yahoo.co.id "," "
60401892," "," "," "
60404135," "," "," "
60401918," "," "," "
60401928," "," "," "
60403652," "," "," "
60725741," ","sdnmayerga@gmail.com "," "
60401958," ","lebang.bintuni@gmail.com "," "
60403660,"- ","smanegerimerdey@gmail.com "," "
60403648," ","sdinpreskalibiru@gmail.com "," "
60401894," ","sdinpmesyeta_mesyeta@yahoo.com "," "
60401896," ","sdmoyeba@yahoo.co.id "," "
69991405," "," "," "
69787908," ","langitsenja172@gmail.com "," "
60401885," ","sudirjo66@gmail.com "," "
69965803," "," "," "
60401891," ","sdnmamuranu@gmail.com "," "
60404136," ","sdnanakasih@gmail.com "," "
60401917," "," "," "
60401922," "," "," "
60401923," ","sdypkyensei@yahoo.com "," "
60401952," ","smpidoor@gmail.com "," "
60403743," ","jhean_joqiut@yahoo.co.id "," "
60401461," "," "," "
60401455," ","sd18subsay@gmail.com "," "
60401418," ","sdinpres50nimbay@gmail.com "," "
60401412," "," "," "
69873954," "," "," "
69969217," ","sdnegeri84duwin@gmail.com "," "
60403897,"0 ","kristiantomanokwari@gmail.com "," "
60402218," ","SdYpk209wty@yahoo.com "," "
60401497,"00000000 ","danroem@yahoo.com "," "
60401503," ","El1dwn51b4@gmail.com "," "
69873958," "," "," "
60401508," "," "," "
60403874," "," ","http://smpn17satapmeniy.sch.id "
69953591," ","iwouimmy_101983@yahoo.com "," "
60400185," ","smpnwarmare@yahoo.com "," "
60403426," ","sman_1_warmare@yahoo.co.id "," "
60401430," ","sdinpres22prafi@yahoo.com "," "
60401431," ","sdinpres23prafi@gmail.com "," "
60401434," ","Sdinpres25prafi@yahoo.co.id "," "
60401432," ","murdisilvester@gmail.com "," "
60402212," ","sdinpres59wasegi@yahoo.com "," "
60401373," ","sdinpres40aimasi@gmail.com "," "
60401429," ","sdinpres68prafi@yahoo.com "," "
60401426," ","SDinpres114prafi@gmail.com "," "
69980498," "," "," "
69977562," "," "," "
60724572," "," "," "
60403878,"085243805520 ","smpn18satapwasegi@gmail.com "," "
69888334," ","SDSMP-SATAP114@gmail.co.id "," "
60400169," ","smpnprafi07@gmail.com "," "
60400166," ","smpn13prafi@gmail.com "," "
60702905," "," "," "
60400132,"- ","smanegeriprafi@yahoo.co.id ","http://sman1prafi.sch.id "
60403528," ","smkn4manokwari@rocketmail.com "," "
11003342," "," "," "
60402134," ","sd.advent11@gmail.com "," "
60401397," ","sdinp07ka@gmail.com "," "
60401375," ","sdinpres_16anggori@yahoo.co.id "," "
60402135," ","sdinpres22wosii@gmail.com "," "
60401371," ","sdinpres44@yahoo.com "," "
60401460," ","sdinpres66tamanria2015@gmail.com "," "
60402136,"-- ","sdinpres76@gmail.com "," "
60402161," ","yudasheipon@gmail.com "," "
60403846," ","sditimmkw@gmail.com ","http://insanmuliamnaokwari.com "
60401527," ","sdnegeri01manokwari@gmail.com "," "
60401524," ","sdn2amban@yahoo.co.id "," "
60401531," ","SDN04Sanggeng@gmail.com "," "
60401535,"- ","sdn06sanggeng@yahoo.com "," "
60401536," ","sdn_52sanggeng@yahoo.co.id "," "
60401532," ","sdnegeri58sanggeng@gmail.com "," "
60401525," ","sd69.amban@yahoo.co.id "," "
60403893," ","endangpurwani10@yahoo.com "," "
60402178,"- ","info@sdyapis01manokwari.sch.id ","http://www.sdyapis01manokwari.sch.id "
60402179,"(0986) 21174 ","muhdhahrinrauf77@gmail.com "," "
60401483," ","sdypk01fanindi@gmail.com "," "
60401484," ","dortheususior@gmail.com "," "
64001493," ","sekolahdasar.05sionsanggeng@yahoo.com "," "
60401486," ","sdypk14maranathakota@gmail.com "," "
60401494," ","sdypkottowgeisler@gmail.com "," "
60401485,"00000000000000000000 ","frederik.lapupore@gmail.com "," "
60401491," ","sdypk17diaspora@yahoo.com "," "
60401516," ","sdyppgi01wosi@gmail.com "," "
60401517," ","sdyppgi02@gmail.com "," "
60403375," "," "," "
60401518," ","sdyppkstasisiliamanokwari@gmail.com "," "
60403372," ","sdyppk.santaursula@gmail.com "," "
60401520," ","sdyppk01reremi@gmail.com ","http://www.60401520.siap-sekolah.com "
60401521," ","fransnong@ymail.com "," "
69881985," "," "," "
69861192," ","dar.alraudhah@gmail.com "," "
69903458," ","smpitinsanmuliamkw@gmail.com ","http://www.smpitinsanmuliamkw.sch.id/ "
60401538," ","smpadventmkw@gmail.com "," "
60400202,"0 ","smpn1manokwari@yahoo.com ","http://www.smpn1_manokwari.sch.id "
60400174," ","smpnegeri10mkw@gmail.com "," "
60403506," ","smpn21rendani@gmail.com "," "
60400172,"0986-211638 ","smp3mkw@gmail.com "," "
60400173," ","tapendismp6manokwaripb@gmail.com "," "
60400188,"(0986)   211586 ","smpyapis01manokwari@gmail.com "," "
60400187," ","smpypk01_fanindi@gmail.com "," "
60400186,"0986214315 ","smpypk2mkw@yahoo.co.id "," "
60400196,"0000000000 ","smpkatolik1@gmail.com ","http://www.smpyppk-manokwari.blogspot.com "
69995769," "," "," "
60400133,"0986211767 ","sma1manokwari@yahoo.co.id ","https://www.smansamanokwari.sch.id "
60400131,"(0986)212418 ","mawarsmanda@gmail.com ","http://sman2manokwari.sch.id "
60401549," ","manokwarismaadvent@gmail.com "," "
60400139," ","Smanto_mkw@yahoo.com ","http://www.smastpaulusmkw.sch.id "
60401551," ","smasyabtmkw@gmail.com "," "
60401552,"0986213336 ","smayapis301982@gmail.com ","http://smayapis-manokwari.sch.id "
60400136,"0986211259 ","smaoikumenemanokwari@gmail.com ","http://smaoikumene-manokwari.sch.id "
60402063," ","smayppgimkw@gmail.com "," "
60400194,"0986213107 ","smkn1manokwari@gmail.com ","http://www.smk1manokwari.sch.id "
60400193,"0986215449 ","smkn2manokwaripb@gmail.com ","http://www.smknegeri2.sch.id "
60402066,"(0986) 2210091 ","smkn3.manokwari@gmail.com ","http://www.smkn3manokwari.sch.id "
60403809,"0986212740 ","smkhutmanokwari@gmail.com ","http://bp2sdm.menlhk.go.id/smkknmanokwari/ "
60403734," ","kesehatan_smk@yahoo.com "," "
60401403," ","sdinpres20mansinam@gmail.com "," "
60402099," ","sdinpres.39ayambori@gmail.com "," "
60402117," ","sdarowi45@yahoo.com "," "
60401523," ","aipirismpnegeri.satapmkw@gmail.com "," "
60402107," ","sdypk_pasirputih@gmail.com "," "
60402106," ","dika.fata@gmail.com "," "
60402108," "," "," "
60402105," "," "," "
60402110," "," "," "
60400183," ","smpn13manokwari@gmail.com ","http://www.smp19-manokwari.blogspot.com "
60403881," ","smpnmansinam@gmail.com "," "
69815458," ","smpsatap21aipiri@gmail.com "," "
60400168," ","smpn5kwawi@gmail.com "," "
69932802," ","smpyppgisilomanokwari@gmail.com "," "
60403908," ","smakatolikvillanova@gmail.com "," "
60402064," ","i_ypk@yahoo.com ","http://www.smaypkimmanuel.sch.id "
69888602," "," "," "
60401421," "," "," "
60402139," ","sd.bremi.90@gmail.com "," "
60401466," ","neman@gmail.com "," "
60402144," "," "," "
60401379," "," "," "
60401440," "," "," "
60401530," "," "," "
69963844," ","dika.fata@gmail.com "," "
60403895," ","wahyuandi223@gmail.com "," "
60403505," ","johaniskabesnuni@gmail.com "," "
69856618," "," "," "
60402097," ","sdinpres16arfai@gmail.com "," "
60402103," ","sdinpres21@gmail.com "," "
60402120," ","sdinpres42mupi@gmail.com "," "
60401424," ","kristiantomanokwari@gmail.com "," "
60401533,"0986 211679  ","sdn_sowi@yahoo.co.id ","http://www.SDN07Sowi.blogspot.co.id "
60401526," ","john1976max@gmail.com "," "
60401529,"070986 ","sdngr28maripi@ymail.com "," "
60403905," ","sdinpacemo@gmail.com "," "
69980580," "," "," "
60724570," "," "," "
69905529," ","abmtromp45@gamail.com "," "
69830601,"- ","hasmadaniahmad@gmail.com "," "
60400165," ","smpn7mkw@gmail.com "," "
69858477," ","smperiksontriit1manokwari@gmail.com "," "
60702904," "," "," "
69787140," ","dar.alraudhah@gmail.com "," "
69787131," ","derinawonggor@gmail.com "," "
69856650," ","sman3manokwari@gmail.com "," "
11003341," "," "," "
60403770," ","ethanevannaibey@gmail.com "," "
60401468," "," "," "
60401386," ","sd113cuyehep@gmail.com "," "
60401534," ","elia19651117rumbarar@gmail.com "," "
69978277," "," "," "
60403778," ","smp_talitakumi@yahoo.co.id "," "
60401450," ","sdinpres34_masni@yahoo.co.id "," "
60401452,"000000 ","siti64@gmail.com "," "
60401408," "," "," "
60401453," "," "," "
60401433," ","sd28masni@yahoo.id "," "
60401451," ","sd48masni@gmail.com "," "
60402146," ","sd49membowi@gmail.com "," "
60402160,"0 ","sd.inpres.55.smaryam@gmail.com "," "
60401401," ","sd65majemus@gmail.com "," "
60401415," ","sdinpres75masni@gmail.com "," "
60401398," ","sdinpreskoyani@gmail.com "," "
60403394," ","suyanto66sp8@gmail.com "," "
60402166," ","sdinpres95wariori@gmail.com "," "
60401442," ","sd97sembab@gmail.com "," "
60402164,"0 ","mugiyono_w@yahoo.com "," "
60402167," ","sd109yensoribo@gmail.com "," "
60401380,"0 ","aurmios@gmail.com "," "
60402174," "," "," "
69962555," "," ","http://sdn78kalimerah.sch.id "
69981215," ","sibunisd29@gmail.com "," "
69988482," "," "," "
60403834," ","sdsantamaria.masni@gmail.com "," "
60724573," "," "," "
60404180," "," "," "
69964563," "," "," "
60403390," ","smp16masni@gmail.com "," "
60403709," ","smpmasni@yahoo.com "," "
60403389," ","smpn14_masni@yahoo.co.id "," "
60400108," ","sman1masni@yahoo.com "," "
69856677," ","smkn6masni@gmail.com "," "
69888599," "," "," "
60401454," ","sdi60sidey@gmail.com "," "
60401448," ","antox_generation@yahoo.com "," "
60401449," ","teguhprasetya051066@gmail.com "," "
60401396," ","kaeroni.sd85@gmail.com "," "
60401400,"000 ","sdinp96meitefa@yahoo.com "," "
60401465," ","sdinp115waramui@yahoo.com "," "
60401439," ","sdn50saray@gmail.com "," "
69786537," ","sdnwarikon@gmail.com "," "
69955437," ","sdnwomnowi@gmail.com "," "
69955344," ","sdnwaramui@gmail.com "," "
60401495," ","sdypksidey@gmail.com "," "
60403391,"0 ","smpn18sidey@gmail.com ","http://smpn18sidey.com "
69856615," ","smpn73sidey@gmail.com "," "
69903629," ","SMPN23MANOKWARI@GMAIL.COM "," "
69859759," ","smasypksionsidey@gmail.com ","http://www.smaypksion01.com "
60403524," ","Smk5sidey@yahoo.co.id ","http://WWW.Smk5sidey@yahoo.co.id "
60401646," ","lodowyk.alexander@gmail.com "," "
60401672," "," "," "
69992566," "," "," "
69985568," "," "," "
60401701," "," "," "
60401676," ","sdypkmugibi@gmail.com "," "
60403384," ","alsapa.ali@gmail.com "," "
60401759," ","smpypkinanwatan@gmail.com "," "
60401775," ","smanegeriinanwatanymai@yahoo.com "," "
69725941," ","smkn.inanwatan@gmail.com ","http://www.smkn.inanwatan "
60401662," ","sdinpres21tarof@gmail.com "," "
60401663,"- ","sdinpresnegeribesar@gmail.com "," "
60401669," ","sdimpres_tambani@yaoo.com "," "
60401670," ","inpres62siwatori@gmail.com "," "
60401753," ","sdnegeri17migori@gmail.com "," "
69787903,"Tidak ada ","roberth.taune@gmail.com "," "
69940402," ","sdnegri19korewatara@gmail.com "," "
60401716," ","sdypknebes@gmail.com "," "
69953371," ","sdypkbirawaku@gmail.com "," "
60401707," ","sdypkkasweri@gmail.com ","http://www.aminulfakhri "
69859691," ","sdypkdaubak@gmail.com "," "
60401645," "," "," "
60401765," ","andreykumenap@yahoo.com "," "
69881764," "," "," "
69888867," ","dar.alraudhah@gmail.com "," "
69799877," ","skokoda@yahoo.com "," "
60401692," ","sdypkbedare@gmail.com "," "
60401717," ","sudarmono.saga@gmail.com "," "
60401714," "," "," "
60401699," "," "," "
69978791," ","smpn1mugim@gmail.com "," "
60403644," ","smpnegerisatuatapsaga@yahoo.co.id "," "
60401650,"- ","sdinpres116johsiro@yhaoo.com "," "
60401654," ","sd.inpres133@gmail.com "," "
60401655," "," "," "
69830506," ","sodikjafar41@gmail.com "," "
60401715," ","sdypk.moswaren@yahoo.com "," "
60403619," ","smpn1moswaren@gmail.com "," "
69994516," "," "," "
60401778," ","smk.n.1.moswaren@gmail.com "," "
60401661," ","sdi151tofot@gmail.com "," "
69787904," "," "," "
69799878," ","zefnatsegetmena@gmail.com "," "
60401700," ","sdypkhaha1984@gmail.com "," "
60401686," ","Abdillah99985@gmail.com "," "
60401733," ","yadafat1967@gmail.com "," "
69822497," ","SMPNEGERIHAHA@gmail.com ","http://www.smpnegerihaha.blogspot.com "
60401656," "," "," "
60401730," "," "," "
60401679," ","sdypkboldon@gmail.com "," "
69990331," "," "," "
60401719," ","sdypksion@yahoo.com "," "
60403620," ","smpnegeri1wayer@gmail.com "," "
60401668," ","rinto_carolus@yahoo.com ","http://sdwenslolo60.go.id "
60403721," ","meliyanti@gmail.com "," "
69990142," "," "," "
60401695," ","sdypkelles2019@gmail.com "," "
60401718," ","sd.ypksodrofoyo@yahoo.com "," "
60401720," ","sdypksasnek@gmail.com "," "
60403381," ","smp1sawiat@yahoo.co.id "," "
69982172," "," "," "
69984787," "," "," "
60401693," ","sdypklahairoybenawa1@gmail.com "," "
60401704," ","Sdypkkampungbarukais@gmail.com "," "
60401710," ","sdypkmakaroro@gmail.com "," "
60401685," ","sdypksumano@gmail.com "," "
60401734," "," "," "
60401772," ","rendytoar07@gmail.com "," "
69965286," ","smpn1kaisdarat@gmail.com "," "
69980878," "," "," "
60401647," ","selinasolossa@yahoo.com "," "
60401711," ","sdypkmanelek@gmail.com "," "
60401684," ","sdypknakna@yahoo.com "," "
69822496," ","sdypksikhem.bariat@gmail.com "," "
60403643," ","satapkonda@gmail.com "," "
69862450," ","sdnegeri.adona@gmail.com "," "
69759001," ","sdkamundan1@gmail.com "," "
69759002," ","sdpersiapankam2@gmail.com "," "
60401694," ","sdypkbenawaII@yahoo.com "," "
60401691," ","happysandi@gmail.com "," "
60401729," ","sdudagaga@gmail.com "," "
60404182,"085146140993 ","smpnegerikokodautara01@gmail.com "," "
60403378," ","sdinpres89komanggaret@gmail.com "," "
60401683," ","sdypkkwowoksaifi@gmail.com "," "
60401712," ","sdypkmanggroholo@yahoo.com "," "
60401713," ","sdypkmlaswat@yahoo.com "," "
69981936," "," "," "
60401722," ","sdypksayal@gmail.com "," "
60401726," ","sdypksisir60401726@gmail.com ","https://www.sdypksisir60401726.zone.id/ "
60402071,"0 ","smpnegeri1seremuk@gmail.com "," "
60401675," "," "," "
60401674," ","inpres23@gmail.go.id "," "
69787901," ","smpnpersiapanpasirputih@gmail.com "," "
69988633," "," "," "
60403727," ","sd_muhammadiyah@gmail.com "," "
60401752," "," "," "
60402231," ","sdn15_wermit@yahoo.com "," "
60401687," ","sd.yapissorsel@yahoo.com "," "
60401689," ","sdypk1maranatha@gmail.com "," "
60401732," ","sdwersar@gmail.com "," "
60401754," ","markusmomotesfat@gmail.com "," "
60401688," ","hasriah.karya89@gmail.com "," "
60401708," ","sdypkkeyen@yahoo.com "," "
69958263," ","sd_ypkkikiso@gmail.com ","http://kisiso.go.id "
69822499," ","sdypkkampungani@gmail.com "," "
60401725," "," "," "
60401731," ","sdypkwehali@gmail.com "," "
60401750," ","sd_santopaulustemi@yahoo.com "," "
69861168," ","sditanurteminabuan@gmail.com "," "
69979983," "," "," "
69914238," "," "," "
69965285," ","smpmuhammadiyah2017@gmail.com "," "
60401766,"0952 31040 ","smpn1teminabuan@gmail.com "," "
60401770," ","smpnduatbn@yahoo.co.id ","http://smpn2tbn.blogger.com "
69990468," "," "," "
60401758," ","smpyapis@yahoo.co.id ","http://www.smpyapisteminabuan_sorsel@yahoo.co.id "
60401760," ","muliyadiwatak@yahoo.co.id "," "
60401776," ","yuan1978juni@gmail.com "," "
60401773," ","smaypkteminabuan@gmail.com ","http://smaypkteminabuan.co.id "
69830536," ","Rahman29sakura@gmail.com ","http://smkyapisteminabuan.sch.id/ "
60401652," ","lodowyk.alexander@gmail.com "," "
60401667," ","suhadi_andung@yahoo.com "," "
60403717," "," "," "
60401660," ","sdinpres152mlabolo@gmail.com "," "
60401673," ","sdinpres135klamit@gmail.com "," "
69965320," ","sdpersiapanalma@gmail.com "," "
60401681," ","sdypkefatakofalit@gmail.com "," "
60401182," ","makbon@yahoo.co.id "," "
60401323," ","bainkete@yahoo.co.id "," "
60401334," ","malawor@yahoo.co.id "," "
60401321," ","malamkarta@yahoo.co.id "," "
69728506," ","telokdore@yahoo.com "," "
69983687," "," "," "
60401312," ","kuadas@yahoo.co.id "," "
60401303," ","alasasbaken@gmail.com "," "
60401305," "," "," "
60404150," ","malagasi@yahoo.co.id "," "
69893083," ","smpn24kabsor@yahoo.com "," "
60401354," ","SMPN1MAKBON@yahoo.co.id "," "
60404163," ","makbon_negeri1@yahoo.com "," "
60401164," ","sdinpreswanurian@yahoo.com "," "
60401328," ","sdn7kabsor@gmail.com "," "
60403571," ","ypk.kaas.sorong@gmail.com "," "
60401310," ","ypk.klarion.sorong@gmail.com "," "
60401353," ","a9133757660110023@gmail.com "," "
69973451," ","sman11.kab.sorong@gmail.com "," "
60401178," ","serlinlikumahua@yahoo.co.id "," "
60401148," ","rahmanuddin45@ymail.com "," "
60401330," ","sdnegeriklamugun@yahoo.co.id "," "
60401332," ","sdnegerimaladuk@yahoo.co.id "," "
69971161," ","sdnegeri26sorong@gmail.com "," "
60403572," ","ypk.eden.sorong@gmail.com "," "
60401309," ","sdypkeucharistia@gmail.com "," "
60401311," ","sdypkklawana@yahoo.com "," "
69819765," ","smpn3klamono@gmail.com "," "
60403411," ","smpnklamono@yahoo.co.id "," "
60403364," ","sman1klamono_kabsorong@yahoo.com ","http://sman4kabsorong.mysch.id/ "
60401171," ","sdinpres20@yahoo.com "," "
60401185," ","sdkuinpres32@gmail.com "," "
60401186," ","sd33@yahoo.com "," "
60401187," ","sdinpres78.majaran@yahoo.com "," "
60401188," ","sd79majaran@gmail.com "," "
60401195," ","sdinpres38matawolot@yahoo.com "," "
60401197," ","sdinpres95matawolot@gmail.com "," "
60401301," ","priagungfajar@yahoo.com "," "
60401134," ","www.sd108_malaus@yahoo.com "," "
60403849," ","sdmuhammadiyah478@gmail.com "," "
69901086," ","ramdanar41@gmail.com "," "
60404157," "," "," "
60401350," ","smpguppisalawati94@gmail.com "," "
60404161," ","salawatismpnempat@yahoo.com "," "
69815461," ","smpnsalawati@gmail.com "," "
60401359," ","smpn9kab.sorong@gmail.com "," "
60401352," ","frido_siringoringo@yahoo.co.id "," "
60702903," "," "," "
60403398," ","SMASGUPPISALAWATI@gmail.com "," "
60401367," ","sma.n1.kabupaten.sorong@gmail.com ","http://www.sman1kabsor.sch.id "
60403850," ","jokosusilo239@yahoo.co.id ","http://www.smkmuh-salawati.info "
69827810," ","smkn2kab.sorong69827810@gmail.com "," "
60401165," "," "," "
60401176," ","sdinp53makbusun@gmail.com "," "
60401177," ","sdinpres54makbusun@yahoo.com "," "
60401179," ","nuryantoyanto888@gmail.com "," "
60401180," ","sdinpres28kabupatensorong@gmail.com "," "
60401181," ","sdinpres29kabupatensorong@gmail.com "," "
60401184," ","waryanto12@gmail.com "," "
69987037," "," "," "
69821179," ","sdlabschool@gmail.com "," "
60403535," ","sdmuh_makotyamsa@yahoo.co.id "," "
60404153," ","sdnegeriklain@yahoo.co.id "," "
69982173," ","Kampwen32@gmail.com "," "
60401307," ","ypk.imanuel.yeflio@gmail.com "," "
60724569," "," "," "
60724567," "," "," "
60729598," "," "," "
60403482," ","smpit.nurulyaqin@yahoo.com ","http://smpit-nurulyaqin.sch.id "
60403603," ","smplabunimudasorong@gmail.com "," "
60401362,"0 ","smpn2kabupatensorong@gmail.com "," "
69815441," ","smpnmayamuk@gmail.com "," "
69853421," "," "," "
60727658," "," "," "
60702901," "," "," "
69830662," ","smalabs12@gmail.com ","http://www.labschoolsorong.co.id "
60403581," ","sma_mayamuk@yahoo.com ","http://www.example.com "
69728512," ","smapgri.kab.sorong@gmail.com ","http://yayasanpgri.go.id "
60403365," ","smk.modellink.srg@gmail.com ","http://www.smkmodellinksorong.sch.id "
69977564," "," "," "
60404184," "," "," "
69851122," "," "," "
69886319," "," "," "
60401172," ","sdinpres48kasimsele@gmail.com "," "
60401190," ","sdinpres80malabam@gmail.com "," "
60401327," ","sdnegerikasimle@gmail.com "," "
69954896," ","sdn27kabsorong@yahoo.com "," "
60403744," ","sdypkklayas@gmail.com "," "
60401314," ","sdypkseget@gmail.com "," "
60403568," ","sdypktanjungsuka@gmail.com "," "
60401357," ","smpnegeri5kabupatensorong@gmail.com "," "
60403402," ","smanegerisatuseget@gmail.com "," "
60401183," ","sdinpres_waimon@yahoo.com "," "
60401142," ","sdinpresklasegunsegun@yahoo.com "," "
60401145," ","sdinpres57kab.sorong@gmail.com "," "
60401146," ","sdinpresmajemau_segun@yahoo.com "," "
60401149," ","agustamayor@yahoo.com "," "
60401315," "," "," "
60401360," ","smp1_negerisegun@yahoo.com "," "
69830661," ","sman10kabsrg@yahoo.com ","http://www.sman10kabsorong.go.id "
60401191," ","yus_zaini@yahoo.co.id "," "
60401152," ","sdinpres18waliam@gmail.com "," "
60401158," ","sdinpres9kabsorong@gmail.com "," "
60401173," ","sdnegerisailolof@yahoo.com "," "
60401335," ","sdn_maralol@yahoo.co.id "," "
60403847," ","sd_ypkjulbatan@yahoo.co.id "," "
60403731," ","sdypksakapul@gmail.com "," "
60403579,"(0951)33561 ","smpnegeri17kabsor@gmail.com "," "
69951956," ","smp28waliam@gmail.com "," "
69822828," ","smansailolof@gmail.com ","http://www.smansailolof.go.id "
60401157," ","sdinpres1kabupatensorong@gmail.com ","http://sdinpres1kabsorong.blogspot.com "
69854718," ","sdalmaarif1.klabinain@yahoo.com "," "
60401162," ","sdinpres12kabsorong@gmail.com "," "
60401163," "," "," "
60401166," ","sdinpres15malawele@gmail.com "," "
60401167," ","sdInpres16kabsor@gmail.com "," "
60401168," ","sdinprestujuhbelaskabsorong@yahoo.com "," "
60401139," ","sd122wasi@gmail.com "," "
60401141," ","sdinpres124unfai@yahoo.com "," "
60401147," ","sdinpres59kabupatensorong@gmail.com "," "
60401150," ","sitiaminah.anshari@yahoo.co.id "," "
60401151," ","sdinpres63kabupatensorong@gmail.com ","http://sdinpres63kabsorong.blogspot.com "
60401302," ","sdmuhammadiyahaimas@gmail.com "," "
69823289," ","sdmuhmalawili@gmail.com "," "
60404151," ","sdnegeriklalin2@gmail.com "," "
60403370,"Tidak Ada ","sdnegerikm26klasubuk@yahoo.co.id "," "
60401308," ","sdypk_inamo@yahoo.com "," "
69823278," ","sdyppksantostevanus@gmail.com "," "
69961283," ","sditmutiarainsan.sorong@gmail.com "," "
60724563," "," "," "
60724564," "," "," "
60401351," ","smpmuh.aimas@gmail.com "," "
60401361," ","smpn3sorong@gmaail.com ","http://smpn1kabsorong.sch.id "
60401358," ","smpn10aimas@yahoo.com "," "
60403404," ","smpn11kab.Sorong@yahoo.com "," "
69899256," "," "," "
69950711," ","smpn26.kabsrg@yahoo.com "," "
60403366," ","smpypkbethelaimas@gmail.com "," "
60403576," ","petrusvandiepensmpseminari2019@gmail.com "," "
69853420," "," "," "
69853419," "," "," "
60727655," "," "," "
69787128," ","smptkdiaspora@yahoo.com "," "
60403487,"- ","smakkhaspapua@yahoo.com "," "
60401366," ","smansaa@gmail.com ","http://www.sman2kabupatensorong.Sch.Id "
60403599," ","smayppkseminari@gmail.com ","http://sma-yppk.pvd.com "
60403397," ","smaypkbethelaimas@yahoo.co.id ","http://smaypkbethel.com "
60401368,"09513121170 ","smkmudasorong@gmail.com ","http://www.smkmudasorong.sch.id "
60402062,"- ","smknsatuaimas@yahoo.co.id ","http://www.smkn1kabsorong.sch.id "
69728516,"0 ","smktunasrajawalisorong@gmail.com ","http://smktunasrajawalisorong.mysch.id/# "
60403598," ","smkpengharapan.ypkaimas@gmail.com ","http://smkpengharapan.ypkaimas@gmail.com "
60702896," "," "," "
69983637," "," "," "
60404162," ","smtkdiaspora@gmail.com "," "
60403570," ","sdnegeri94batupayung@yahoo.com "," "
60401140," ","sdinpres52@gmail.com "," "
60401143," ","sdinpres129saluk@gmail.com "," "
60401154," ","sdinpres07kabsor@gmail.com "," "
60401155," ","sdinpres27sailala@gmail.com "," "
69980417," ","sdnegeri28kabupatensorong@gmail.com "," "
69980499," ","sdnegeri29kabupatensorong@gmail.com "," "
60403362," ","paulus_kushendratmo@yahoo.co.id "," "
69856227," ","kabsmpnegeri23@gmail.com "," "
60401159," ","sdinpres34indiwi@gmail.com "," "
60402093," ","sdn6kabsor@gmail.com "," "
60401133," ","bonariretta70@gmail.com "," "
60401144," ","tarsa@gmail.com "," "
69991789," "," "," "
60401325," ","sdn.hobart.sorong@gmail.com "," "
69815319," ","KLAWAKSMPN@GMAIL.COM "," "
60401160," ","sdinpres35luwelala@gmail.com "," "
60404155," ","ypk.dasri.sorong@gmail.com "," "
60404156," ","ypk.klatim.sorong@gmail.com "," "
69983686," ","smpnegeri30kabsorong@mail.com "," "
69821212," ","iesalghuroba@yahoo.co.id "," "
60401169,"- ","sd_inpres18@yahoo.com "," "
60401170," ","istamar050866@gmail.com "," "
60401174," ","sdinpres51mariyai@yahoo.com "," "
60401175," ","sdinp52mariyai@gmail.com "," "
60401136," ","inpresempatdelapan@gmail.com "," "
69919526," ","sdnegeri25kabupatensorong@gmail.com "," "
60401322," ","sdnegeri27mariyai@yahoo.com "," "
60401320," ","sdyppkstpaulusklamesen@gmail.com "," "
60724565," "," "," "
69854338," "," "," "
60724566," "," "," "
60727104," "," "," "
60727103," "," "," "
69947848," ","syarifuddin08yunuskadang@gmail.com "," "
69980504," "," "," "
69822411," ","smpmuhammadiyah2mariyai@gmail.com "," "
60401363," ","smpndelapansorong@yahoo.com "," "
60702900," "," "," "
69881763," "," "," "
60401365," ","smamuh.aimas369@gmail.com ","http://www.sma_muhammadiyah_aimas@blogspot.com "
60403396," ","smandaaimas@yahoo.com ","http://smanegeri5kabupatensorong.sch.id/ "
60404164," "," "," "
60401153," ","klayili@yahoo.co.id "," "
69854720," ","kalasuat@yahoo.co.id "," "
69960319," "," "," "
60403763," ","malalilis@yahoo.co.id "," "
60403912," ","lestaridwi994@gmail.com "," "
69815471," ","smp_satapklayii@yahoo.com "," "
69938942," ","imanuelriry01@gmail.com "," "
60401342," ","sdnegerisiwis@gmail.com "," "
60401339," ","sdnegeriselekobo@gmail.com "," "
60401306," ","sdypksiondella@gmail.com "," "
69954516," ","smpnegeri29kabupatensorong@gmail.com "," "
60401198,"- ","sd96klasari@gmail.com "," "
60401199," ","sdinpres42kabsor@yahoo.com "," "
60401300," ","sdinpres98klafdalim@gmail.com "," "
60401137," ","jayusmanagus@gmail.com "," "
60401138,"0 ","sd50kabsor@yahoo.com "," "
60401331," ","sdnegeriklawoton@gmail.com "," "
60403566," ","melkiasarobaya08@gmail.com "," "
60403420,"- ","smpn14kabupatensorong@gmail.com "," "
69854740," ","smpnegerimoisegen@gmail.com "," "
69787892," ","marthensosang1@gmail.com "," "
60403485," ","sma.eklesia@gmail.com "," "
60403403," ","nixsen_lintang@yahoo.com ","http://sman1moraid.sch.id "
60403518," ","ypk.silo.mega@gmail.com "," "
60401326," ","sdnsgeri_intimpura@yahoo.com "," "
60401135," ","sdinpres114disfra@gmail.com "," "
69938941,"0 ","smpnegeri27@gmail.com "," "
60401304," ","sdypkbuk@gmail.com "," "
69815322," ","smp_satapbuk@yahoo.com "," "
60401189," ","sdinpresdelapanmega@gmail.com "," "
60401340," ","sdselewok@yahoo.com "," "
69982033," ","amelyaulala@gmail.com "," "
60401355," ","smpnegeri7kab.Sorong@gmail.com "," "
60401329," ","sdn.klagulu.sorong@gmail.com "," "
60401336," ","lyermina@yahoo.com "," "
60404159," ","smpn2klamono@yahoo.co.id "," "
60401858,"041140265 "," "," "
60401851," ","achmad.sugianto17@gmail.com "," "
60401810," "," "," "
60403859," ","asra.muhamad@yahoo.com "," "
60401821," ","sdypklahairoibiga@gmail.com "," "
60403498," ","smpn18rajaampat@gmail.com "," "
60401869," ","smpn4rajaampat@yahoo.com "," "
60402057," ","smaguppirajaampat@gmail.com "," "
69942219," ","smkn3r4@gmail.com "," "
60401797," ","sdinpres22atkari@gmail.com "," "
60401788," "," "," "
60401857," "," "," "
60403858," ","sdpersiapansalafen@yahoo.co.id "," "
60401818,"041140265 "," "," "
69827755," "," "," "
60401861," ","smpn3rajaampat@gmail.com "," "
60401877," ","smantwora@gmail.com ","http://www.smantwora.com "
60401794," ","sdinpres25tolobi@yahoo.co.id "," "
60403862," "," "," "
60401822," ","sdypkdeer@yahoo.com "," "
60401823," ","sdypkdibalal@yahoo.com "," "
60403794," ","smp_persiapandibalal@yahoo.com "," "
60401871,"041140265 ","smpnegeri7kofiau@gmail.com "," "
69787132," ","npsn69787132@mail.com "," "
60403781,"- ","sujonopither@yahoo.co.id ","http://60403781.siap-sekolah.com "
60401782,"041140265 ","Primawan_Operator@yahoo.com "," "
60401814,"041140265 ","Sdn21Usahajaya@yahoo.co.id "," "
60401827,"041140265 ","sdypkebenhaezerlimalas@gmail.com "," "
60401843,"041140265 "," "," "
60401875," ","smpnegeri15rajaampat@gmail.com "," "
69963993," ","smpypk_limalas@yahoo.com "," "
60404141," ","sman12rajaampat@gmail.com ","http://sma.persiapan.folley.co.id "
60401795," ","sdinpres14@gmail.com "," "
60401798," ","sdinpres15wamegabaru@gmail.com "," "
60401785," "," "," "
60401856," ","sdn12yefman@gmail.com "," "
69728440," ","sdpersiapanwarisapo@yahoo.co.id "," "
69963197," ","sdnegeri39@yahoo.com "," "
69963680," ","sdpersiapanwaipele@gmail.com "," "
60401862," ","smpn13rajaampat@yahoo.com "," "
60403793," ","smppersiapansamate@gmail.com "," "
60402058,"- ","smkn1r4s@gmail.com "," "
60401801," "," "," "
60401853," ","sdn1saonek@gmail.com "," "
60401808," ","friwen@yahoo.com "," "
60401838," ","bonifaidan@yahoo.com "," "
60401847," "," "," "
69819757," "," "," "
60401864,"041140265 ","rajaampatsmpn.1@yahoo.com "," "
69944693," ","smpneg.yenbeser@gmail.com "," "
60403855," ","sdmumes@gmail.com "," "
69963196," ","sdpersiapanwarengkris@gmail.com "," "
60401817," ","sdyapislopintol@yahoo.com "," "
60401840," "," "," "
60401844," "," "," "
60401863," ","smpn12rajaampat@yahoo.com "," "
60403853," "," "," "
60401783," ","yenbuba@yahoo.com "," "
60401787," ","mayorobed@yahoo.com "," "
60401790," ","sdarborek@yahoo.com "," "
60401811," ","sdnegeri3kabui@yahoo.com "," "
60403417," ","yordanfalaidji@yaho.com "," "
60401848," ","nikodemus_amunauw@yahoo.co.id "," "
60401874," ","smpn9r4@yahoo.com "," "
60401802," ","oskarngarbingan@yahoo.com "," "
69787897,"http://sdm.data.kemd ","sdnegeri07gagbaru@gmail.com "," "
60403854," ","sdbianci@gmail.com "," "
60403502," ","sdnegeri6waisilip@yahoo.com "," "
60401833," ","efatamutus@yahoo.co.id "," "
60401841," "," "," "
60401867," ","antonniuswaenanto@gmail.com "," "
60403784," ","sman.6.rajaampat@gmail.com ","http://www.sman6rajaampat.sch.id "
60401796," ","sdinpres11r4@gmail.com "," "
60401799," ","sdinpres12kapadri@gmail.com "," "
60401806," ","sdnegeri11andey@yahoo.com "," "
69728432," ","frengki_wanma@yahoo.com "," "
60401825," ","sd.ypk.betfage.kabare@gmail.com "," "
60401866,"041140265 ","nurfarida.najib@gmail.com "," "
60404147," ","smpnasukweri@gmail.com "," "
60403783," ","sma5rajaampat@yahoo.com "," "
60401784," ","sdinpres13reni@yahoo.com "," "
60401836," ","hendrik_mayor@yahoo.com "," "
60401829," ","sd.ypk.elim.meosbekwan@gmail.com "," "
60401849," ","sdypkyenkawir@gmail.com "," "
60404144," ","mrochim19@gmail.com "," "
69977563," "," "," "
60401793," ","sdpuper@yahoo.com "," "
60401791," ","inpres8@gmail.com "," "
60401800," ","sdinpres9yenbekaki@yahoo.com "," "
60403856," ","sdypkmaranatha_yensner@yahoo.com "," "
60401865,"041140265 ","yohanisschmaniagasi@yahoo.co.id "," "
60404139," ","smaurbinasopen@yahoo.co.id ","http://www.sman10rajaampat.sch.id/ "
60401845," ","sdypkedenwarkori@yahoo.com "," "
60401832," ","rumbewas@gmail.com "," "
60401846," ","nimsuruan_r4@yahoo.com "," "
60403499," ","smpn17r4@yahoo.com "," "
60404142,"0 ","smanegeri11r4@gmail.com "," "
69728446," "," "," "
60401813," "," "," "
60401831," ","manggara@gmail.com "," "
60401828," ","sdypkimmanuelmanyaifun@yahoo.com "," "
60401835," ","sd_ypkpniel@yahoo.com "," "
60403779," ","smpn19rj4@gmail.com "," "
60401860," ","smpsypkpniel_paam@yahoo.com "," "
60401859,"041140265 "," "," "
69787896," "," "," "
60403861," "," "," "
69787895," "," "," "
60403796," ","husenalkadry@gmail.com "," "
60729797," "," "," "
60403782," ","smanegeri4rajaampat@gmail.com "," "
60403863," ","sdnpulautikus@gmail.com "," "
60403864," ","sd1korano@yahoo.com "," "
60401830," ","sdypkwejim@yahoo.co.id "," "
60403780," ","smpn20rajaampat@gmail.com "," "
60404143," ","ainsteven35@gmail.com ","http://smawejim.com "
69976674," ","rian.rizky76@gmail.com ","http://sdaisyiyah.com "
60401855," ","sdn2waisaiR4@yahoo.com "," "
69728398," ","sdn29perum100@gmail.com "," "
69728416," ","sd35kimindores@gmail.com "," "
60403851," "," "," "
60403852," "," "," "
69728412," ","sdyppksantamariaregina@gmail.com "," "
69728409," ","hendromambrasar@yahoo.com "," "
69986923," "," "," "
60401868,"041140265 ","smpn14rajaampat@yahoo.com "," "
60403792," ","smpn21rajaampat@yahoo.com "," "
69979064," ","maria.regina.sch.id@gmail.com "," "
60404145," ","smpypk.alfaomega.waisai@gmail.com "," "
69963516," "," "," "
60401876,"- ","sman1_r4@yahoo.co.id "," "
60404140," ","smapersiapamoko@yahoo.co.id "," "
69942220," ","smkdkvkhidirraja@gmail.com "," "
60403788,"09513173218 ","smkn2_rajaampat@yahoo.com ","http://smkn2rajaampat.com "
69830685," ","smkypkbukitzaitun@gmail.com "," "
69983638," "," "," "
60401805," ","sdinpres6waifoi@yahoo.com "," "
60401803," ","elite.sandi@yahoo.com "," "
60401779," ","sdnegeriwarimak@yahoo.com "," "
60401807," ","sdnegeri8arawai01@gmail.com "," "
60401809," "," "," "
60401826," ","sdypkkabilol@yahoo.com "," "
60404148," ","smp_go40@yahoo.com "," "
60403416," ","sdypkebenhaezerarefi@gmail.com "," "
60401850," ","sdypk_lahairoi@yahoo.com "," "
60403501," ","fransyappen@yahoo.co.id "," "
60403785," ","sman7r4@gmail.com ","http://www.sma7r4.com "
60401786,"041140265 ","Dariusap44@gmail.com "," "
60401815,"041140265 ","sd_negeri_13_wailebet@yahoo.co.id "," "
60403857,"0 ","sdkalwal@gmail.com "," "
69728397," ","sdpersiapanwayom@yahoo.co.id "," "
60401842," ","sdebenhaezersolol@yahoo.com "," "
60404146," ","smpnegpersiapanwayom@yahoo.com "," "
60401804," ","sariyaniani14@gmail.com "," "
60401780," ","sd.inpreskalobo17@gmail.com ","http://www.inpres17kaloboblogspot.com "
60401781," ","sdinp18waijan@gmail.com "," "
60401816," ","yapiskalobo@yahoo.co.id "," "
60401872," ","rwidodo33@yahoo.co.id "," "
69941562," "," "," "
60403786," ","smanegeri8rajaampat@gmail.com "," "
11003343," "," "," "
60401837," ","sdypkbethelrauki@gmail.com "," "
69984621," ","smppersiapansupnin@gmail.com "," "
69964063," ","sdabidon@gmail.com "," "
60401824," "," "," "
60401870," ","smpnegeri8rajaampat@gmail.com "," "
60403787," ","sman9rajaampat@gmail.com ","http://www.sman9rajaampat.co.id "
60401792,"041140265 ","makdalena_sauyai@yahoo.com "," "
69979151," ","sdpersiapanweiman@gmail.com "," "
60401819," ","sdypkamdui@yahoo.com "," "
60401873,"- ","smpn6r4@yahoo.com "," "
60403367," ","niskapapua@gmail.com "," "
69787905," "," "," "
69728611," ","sdyppkasesfef12@yahoo.com "," "
60403413," ","cempefef@gmail.com "," "
69899492," "," "," "
60404176," ","edwinrosely1@mail.com "," "
69728600," ","sdnruvewes@yahoo.com "," "
69728603," "," "," "
69728612," ","sayapokiar@gmail.com "," "
69728601," ","tititarnoldus@gmail.com "," "
69728594," "," "," "
69728596," ","sdnbamusbama@gmail.com "," "
69728592," "," "," "
69787907," "," "," "
60404174," ","satap.yembun@yahoo.com "," "
60404173," ","smpsatapbamusbama@yahoo.com "," "
69899493," ","smkn1yembun@gmail.com "," "
69728597," "," "," "
69979239," ","sdnegkwesefo13@gmail.com "," "
60401313," ","sdypkkwoor@yahoo.co.id "," "
69728610," ","sdypkimanuelsukwes@yahoo.com "," "
69888672," ","smpnkwoor1@gmail.com "," "
69888658," ","sdasausapor@gmail.com "," "
69962803," "," "," "
69728598," ","sdinpres09sausapor@gmail.com "," "
69728593," ","bikar660@gmail.com "," "
60401316," ","sdypkwerur@yahoo.id.com "," "
60404168," ","budiyanaika@gmail.co.id "," "
69888661," ","sdypkmaranatha@yahoo.com "," "
69728608," ","werbes123@yahoo.com "," "
69899798," "," "," "
69888664," ","smpasausapor@gmail.com "," "
60401356," ","smpneg1.sausapor@gmail.com "," "
69899946," ","smpnbansum@gmail.com "," "
60403412," ","smpypkimmanuelwerurmar@gmail.com "," "
69952900," ","sypkwerur04@gmail.com "," "
60404175," ","smansasausapor@gmail.com ","http://smansasausapor.com "
69728595," "," "," "
69728604," ","sdnwaibem@gmail.com "," "
60404166," ","sdnwarmandi@yahoo.com "," "
69728607," ","sdypksaubebalaharoi@gmail.com "," "
60404172," ","smpnsatapabun@gmail.com "," "
60402158," ","sdinpres03saukorem@yahoo.com "," "
60402156," ","sdsamfarmun@yahoo.com "," "
60402169," "," "," "
60401487," ","sdypk06bethelimbuan@yahoo.com "," "
60401481," ","Y4k0m1n4@gmail.com "," "
60401498," ","sdypkwefiani@yahoo.com "," "
69903657," ","ade27gokil@yahoo.co.id "," "
60400181," ","smpn8amberbaken@yahoo.co.id "," "
60402065," ","sma_amberbaken@yahoo.co.id "," "
60401374,"0 ","sdakmuri@yahoo.com "," "
60402142," "," "," "
60402148," ","sd_inp.nekori@gmail.com "," "
69899498,"0 ","sdwasanggon@yahoo.com "," "
60402181," "," "," "
60402172,"0 "," "," "
60402170,"0 "," "," "
60401393," "," "," "
60400179,"0 ","smpnegeri9kebar@gmail.com "," "
69899495,"0 ","smanegeritigakebar@yahoo.com "," "
69899945," ","smkkebar@gmail.com "," "
60401372," "," "," "
60401482," ","sdsantoyohanes.asiti@gmail.com "," "
60401496," ","sdsantoyoseph.senopi@gmail.com "," "
60403708," ","smpnegeri23senopi@yahoo.com "," "
69979228," "," "," "
60402206," ","sd102wansnembri@gmail.com "," "
60401377," ","sdinpres32arfu@yahoo.com "," "
60401383," "," "," "
60401469," ","sdinp82waru@gmail.com "," "
69979241," "," "," "
69979504," "," "," "
69979474," "," "," "
69979240," "," "," "
60403728,"0 ","smpnmubrani@ymail.com "," "
69992434," "," "," "
69899497," "," "," "
69899496," "," "," "
69888704," "," "," "
69979473," "," "," "
60401653," "," "," "
69981032," "," "," "
60401728,"- "," "," "
60401677," ","sdypkkocuwer@yahoo.com "," "
69906320," "," "," "
60401740," ","sdyppkborry@yahoo.com "," "
60401744," ","kokasmaybarat@gmail.com "," "
60401767,"- "," "," "
60403921," ","smanaifat4648@gmail.com ","http://www.sma1aifat.com "
60401746," ","sdyppkmaan@gmail.com "," "
60401739," "," "," "
60403949," ","fayzofflores@gmail.com "," "
60401747," ","yanuariustaa1984@gmail.com "," "
60401771," ","smpnegeri1aifat17@gmail.com "," "
60401658,"- ","sdinpres140aitremsawin@gmail.com "," "
60401737," "," "," "
60401743," ","lukassyama@yahoo.com "," "
60401742," ","sdyppkaisawiatkamat@gmail.com "," "
60401738," ","sdyppkayata@yahoo.com "," "
60403821," "," "," "
60401698," "," "," "
69988993," "," "," "
60401709," ","sdypkkisor@yahoo.com "," "
60403943," ","sdyppksabah@yahoo.com "," "
60403829," ","smpn1aitinyobarat@yahoo.com "," "
60401649," "," "," "
60401651," "," "," "
60401665," ","sdinpresaitinyo@gmail.com "," "
60403814," "," "," "
69965216," ","sdyppkaitinyo@yahoo.com "," "
60401735," ","sdypkyaksoro@yahoo.co.id "," "
60401705," ","yusaksutarmansutarman@yahoo.co.id "," "
60401761," ","marthen.tandisinding@yahoo.com "," "
60402072," ","kemesflesince@gmail.com "," "
69980782," ","sman2.aitinyobarat@gmail.com "," "
60403816," "," "," "
60403817,"- "," "," "
60403934," ","sdypkfategomi@yahoo.com "," "
60401657," ","sdin14ayamaru@yahoo.com "," "
60401659," "," "," "
60403939," "," "," "
60403945," ","yosinahoway@gmail.com "," "
60401721," ","sdypksauf@yahoo.co.id "," "
69899730," "," "," "
60401706," "," "," "
60401724," ","sdypksembaro@yahoo.com "," "
60401762," ","smpnegeri1ayamaru@yahoo.com "," "
60401774," ","sman1ayamaru@gmail.com "," "
60401723," "," "," "
60401736," ","levinakareth44@yahoo.com "," "
60401763," ","smp_ayut@yahoo.com "," "
60403824," ","smknegeriayamaru@yahoo.co.id ","http://www.smknegeriayamaru.go.id "
60403947," ","sdypkkambuaya@yahoo.co.id "," "
60401769," "," "," "
60401664,"- ","sdseni@yahoo.com ","http://www.sdseni@yahoo.com "
60401755," ","sulexpireni@yahoo.co.id "," "
60403950," "," "," "
60403813," "," "," "
60401749," "," "," "
60403830," ","SMPMARE@yahoo.co.id "," "
60401696," ","sd_ypkeway_64@yahoo.co.id "," "
60403818," ","sdypkerokwero@yahoo.com "," "
60403819," ","sdypk@yahoo.com "," "
60403826," ","nurhamyak@gmail.com "," "
60403382," "," "," "
60403942," "," "," "
69899782," "," "," "
60403951," ","john.jitmau@yahoo.com "," "
60403815," ","sdypkkambusabo@yahoo.com "," "
60403827," ","smp_ypk_Jitmau@yahoo.co.id "," "
69967153," "," "," "
60403812," "," "," "
60401756," ","sdnmapura@yahoo.com "," "
60401680," ","urkambuaya@yahoo.com "," "
60403383," ","vinsen_bana@yahoo.co.id "," "
60403822," ","sdyppkkahrio@yahoo.com "," "
60403828," ","smpn1aifattimur@gmail.com "," "
60401648," "," "," "
60402175," ","sdsakumi@gmail.com "," "
60403774," ","sdtuabyam@gmail.com "," "
69991683," "," "," "
60402196," ","sdtumbrok@gmail.com "," "
60403871," ","smpnanggigida@gmail.com "," "
69883616," ","natsir.prayudi@gmail.com "," "
60401410," ","sdmembey@gmail.com "," "
60403901," "," "," "
60402177," "," "," "
69787893," ","sdimbesiba@gmail.com "," "
69864715," "," "," "
69944288," ","smanegeri06membey@gmail.com "," "
60401423," "," "," "
60401389," ","sdinp99duhubea@gmail.com "," "
60402233," ","sdtomstera@gmail.com "," "
60402236," ","lubianus@gmail.com "," "
69900823," "," "," "
69979679," ","sdnsamuelkobrey@gmail.com "," "
60401511," ","sdyppgisururey@gmail.com "," "
60401544," ","ssururey@yahoo.com "," "
69883617," "," "," "
60401446," ","sdsneremer@gmail.com "," "
60401387," "," "," "
60402153," ","sdinpres.cirnohu@gmail.com "," "
60402152," ","sdinpres.dendameh@gmail.com "," "
60402155," ","sdinpres.sirgemeih@gmail.com "," "
60403889," "," "," "
69973743," "," "," "
69987171," ","sdmiseda@gmail.com "," "
60402192," ","ALEX@YAHOO.ID.COM "," "
60402193," "," "," "
69949301," "," "," "
60403508," "," "," "
60401381," ","sdawigau@gmail.com "," "
60403904," ","sdkanyuh@gmail.com "," "
60401515,"Belum ada ","SDYPPGITRIDAGA@GMAIL.COM "," "
60401512,"- ","sdyppgitaige@yahoo.co.id "," "
69866762," "," "," "
69947375," ","smpn14tridaga@gmail.com "," "
60403875," ","fadaiyahizma@gmail.com "," "
69899998," ","smknegeri1anggi@gmail.com "," "
60403882," ","sdcingga@yahoo.com "," "
69973737," "," "," "
60401500," ","salmondem@gmail.com "," "
60403872," ","smpcatubouw@gmail.com "," "
69965485," ","subbagu2mkepegawaian@gmail.com "," "
69872348," ","sdmeidodga@gmail.com "," "
69873965," "," "," "
69938770," "," "," "
69939237," "," "," "
69888777," ","welemdowansiba@gmail.com "," "
60401513," ","sdtestega@gmail.com "," "
60403876," ","smp.testega@yahoo.com "," "
60401394," "," "," "
60402204," ","sdmbenti@gmail.com "," "
60402201," "," "," "
60402235," "," ","http://bingwoyut.com "
60402202," "," "," "
60403896," "," "," "
69900832," ","sdingramhim@gmail.com "," "
69872349," ","sdnegri15mainda@gamil.com "," "
60401507," ","yppgiminyambouw@gmail.com "," "
60401501," ","sdyppgidemaisi@gmail.com "," "
69865663," ","smpn_11demaisi@yahoo.com "," "
60401547," ","smpn17minyambouw@gmail.com "," "
60403909," ","smanminyambouw@gmail.com "," "
60401420," "," "," "
60403772," "," "," "
60403891," "," "," "
60403892," "," "," "
69870667," ","sdn37kwok@gmail.com "," "
69864706," "," "," "
69939236," "," "," "
69989969," "," "," "
69955237," "," "," "
60403621," ","jhanysamma777@gmail.com "," "
69943853," ","smanegeri5hingk@gmail.com "," "
60401458," ","yesab62@gmail.com "," "
60403773," ","sdsutebey@gmail.com "," "
69976836," ","sd34inyomusi@gmail.com "," "
69976839," "," "," "
60401504," ","sdirai@gmail.com "," "
60400180," ","kandamarlina@gmail.com "," "
60403427," ","sma_negeri_anggi@yahoo.com "," "
69947386," ","smkn2anggi@gmail.com "," "
60402162," "," "," "
60401419," ","sdinpresnuhuwey@gmail.com ","http://www.sdnuhuwey@gmail.com "
60401436," ","sdinpres30ransikimansel@gmail.com "," "
60401385," ","sdinpres37ransiki@gmail.com "," "
60401476," ","dinaspendidikanmansel@gmail.com "," "
60401437," ","sdinpres_51@gmail.com "," "
60401492," ","sdypk03ransiki@gmail.com "," "
60401514," ","yppgitubou@yahoo.com "," "
60400163,"- ","smpn2ransiki@yahoo.co.id ","http://www.smpn_2ransiki.co.id "
60403507,"- ","ypkransikismp@gmail.com "," "
60400138," ","sman1ransiki@yahoo.co.id "," "
60403906,"098031198 ","smkypklachairoiransiki@gmail.com ","http://www.smk.sch.id "
60401443," ","sdinp.08oransbari@gmail.com ","http://sdinpres08oransbari.blogspot.com "
60401404," ","sdinp09orb@gmail.com "," "
60402094," ","welemanari@gmail.com "," "
60401464," "," "," "
60401416," ","triajabal@gmail.com "," "
60401472," ","SDINP71WTR@GMAIL.COM "," "
60401406," ","SDINP87MASABUI@gmail.com "," "
60401489," ","herniypk12@yahoo.co.id "," "
60400178," ","smpnoransbari@gmail.com "," "
60403525," ","dwismaorba@gmail.com ","http://smanorba.sch.id "
69786695," "," "," "
60402219," ","sdaryawenmoho@gmail.com "," "
60401509," ","sdyppgineney@gmail.com "," "
60401499," ","sdyppgi_benyas@yahoo.co.id "," "
60401539," ","smpyppgineney@yahoo.com "," "
69787175," ","smanegerinenei@gmail.com ","http://smanegerinenei07.blogspot.co.id "
60401395," ","sdinpres14isim@gmail.com "," "
60403622," "," "," "
60401388," ","sdinpres_dembek@yahoo.co.id "," "
60401390," ","sdinpres62gayabaru@gmail.com "," "
60401445," "," "," "
60401409," ","sdinpres88mawi@gmail.com "," "
60403898," ","sdinpresnij@gmail.com "," "
60403775," ","sdypk22imanuel@gmail.com "," "
60403873," ","smpnmomiwaren@yahoo.co.id "," "
69889080," ","Smpnsatap88mawi@gmail.com "," "
60401540," ","smp_syalom@yahoo.co.id "," "
60403914,"- ","sman.momiwaren@gmail.com "," "
60403526," ","smaksyalom@gmail.com ","http://www.pesat.org "
60403771," ","imbangsasoloa89@gmail.com "," "
60400427," ","sdalirsyadsorong@yahoo.co.id "," "
60403531," ","sditalizzahsorong@yahoo.com ","https://alizzahsorong.sch.id/ "
69855677," ","ritasembo@gmail.com "," "
60400323,"- ","sd_inpres109perumnas@yahoo.co.id ","http://www.sdinpres109perumnas.indo9.com "
60400338,"0951(321773) ","sd_inpres17@yahoo.com "," "
60400335," ","sdinpres25sorong@gmail.com "," "
60400302," ","sdinpres68@yahoo.co.id "," "
60402032,"0 ","sdn6.klablim@yahoo.co.id "," "
69858457," ","sdypkkharisma@yahoo.com "," "
60400405," "," "," "
60400406,"082-238227894 ","sdypkklasaman1@yahoo.com "," "
60400465," ","sdyppkk_moria@yahoo.com "," "
69995269," "," "," "
69854337," "," "," "
60724574," "," "," "
60727099," "," "," "
60727102," "," "," "
69966273," ","smpbpkotasorong@gmail.com "," "
60400361,"0951-323031 ","smp5kotasorong@yahoo.co.id "," "
60403615,"0951- ","smp_n@yahoo.co.id ","http://www.smpnusantara.sch.id "
69952048," ","peritawan050288@gmail.com "," "
60403552," ","smpyppkkmoria_1995@yahoo.co.id "," "
69760804,"- ","arifsrg@yahoo.co.id ","http://www.smpnegeri10kotasorong.com "
69815448," ","smpitalizzahsorong@yahoo.com "," "
60727652," "," "," "
60403811," "," "," "
60727654," "," "," "
60702908," "," "," "
60403474," ","averos_sains@yahoo.co.id ","http://www.smaaveros.sch.id "
60400314," ","ficeloppies@yahoo.com ","http://www.smapapua.yahoo.com "
60403705," ","smamoriasorong@gmail.com "," "
60400380,"0951323621 ","smkn3.kt.sorong@gmail.com ","http://www.smkn3ktsorong.sch.id "
60403606,"0951335182 ","smk4ksrq@yahoo.co.id ","http://www.smkn4sorong.sch.id "
60403476," ","Smkn5sorong@yahoo.com ","http://smkn5kotasorong.mysch.id "
60403916," ","smkjimero512@gmail.com ","http://www.example.c "
60400381,"(0967)3137911 ","pelayaranamparisorong@yahoo.com "," "
60403614,"0 ","smkti.yatis2007@gmail.com ","http://www.smktiyatis.net "
60728193," "," "," "
60400393,"0951(323963 ","sdannuryapis@yahoo.co.id "," "
60400483,"0951 ","sdinpres103hbm@yahoo.co.id "," "
60400343,"TIDAK ADA ","SDINP117@YAHOO.COM "," "
60400339,"0951 (322603 ","sdinpres16.kampungbaru@gmail.com "," "
60400337,"0951324709 ","inpresduaklawasi@yahoo.com "," "
60403602,"- ","Ferdinandus@gmail.com "," "
60400331," ","sdinpres65kotasorong@gmail.com "," "
60400400,"0951 329908 ","skkk_sorong@yahoo.com "," "
60400395,"0951(322701) ","Sd_muhammadiyah1@yahoo.com "," "
60400475," ","sdn19_kampungbaru@yahoo.co.id "," "
60400461,"- ","sdnegeri21klawasikotasorong@yahoo.com "," "
60400448,"0951(324331) ","dikdaskotasorong@yahoo.co.id "," "
69787910," ","sdn23sorong@yahoo.co.id ","http://www.60402030.siap-sekolah.com "
60400474," ","sdnegeri1.kpbaru@gmail.com ","http://google.com "
69969687," ","primaryschoolchristtheking@gmail.com "," "
60400411," ","sdypk1syaloom@gmail.com "," "
60400437,"0951 (328881 ","sdypkvirafidim@rocketmail.com "," "
60400471," ","sd.kristusraja2@gmail.com "," "
60400466," ","tupanfransiskus@yahoo.com "," "
60400467," ","sdyppk_stwillibrordus1@yahoo.com "," "
60400387," ","smpabtkotasorong@gmail.com "," "
60400363,"- ","SMPN1SRQ@MAIL.COM "," "
60403616," ","smpoikoumenekotasorong@yahoo.com "," "
60403608,"0951 - 3173184 ","smpdonboscosorong@gmail.com "," "
60400310," ","sorongsmaabt@yahoo.com "," "
60400318,"0951-324576 ","sma.ampera.kotasorong@gmail.com ","http://sma-ampera-kotasorong.sch.id "
60403645," ","smuypk_ebenhaizer@yahoo.com "," "
60400346," ","smaypkdua@yahoo.com "," "
60403609," ","smk_n2sorong@yahoo.co.id ","http://www.smkn2sorong.sch.id "
60400388,"0951-324630 ","smkypkimanuelkotasorong@gmail.com "," "
60404134,"(0951) 326626 ","supm.sorong@gmail.com ","http://www.supmsorong.kkp.go.id "
69888597," "," "," "
69991473," "," "," "
69980591," ","cintakasih123789@gmail.com "," "
60400332," ","amelia_tahrin@yahoo.com "," "
60400457," ","ahmadbinmaidi@yahoo.com "," "
60400304," "," "," "
60400303," ","ameliaelisabeth3@gmail.com "," "
60400442," "," "," "
69787909," ","sdypk2kpbaru@yahoo.com "," "
60400472,"(0951321982 ","kristusraja1@gmail.com ","http://sdsyppkkristusraja1-son.sch-id.net/ "
60727100," "," "," "
60400383,"0951(324576) ","smp.ampera61@yahoo.com ","http://www.ampera.com "
69984993," ","luqmanalhakimsmpintegral@gmail.com "," "
60400362," ","smpnegeriduakotasorong@gmail.com "," "
60400355," ","smp_pgriktsorong@yahoo.com ","http://smppgrisorong.sch.id/ "
69820105,"0951323390, 322908 ","memtati@yahoo.co.id "," "
60400378,"321707 ","smanegeri1sorong@gmail.com ","http://sman1kotasorong.sch.id "
60400313,"0 ","smapgrisorong@gmail.com "," "
60400320," ","sdinpres5doom@gmail.go.id "," "
60400344," ","sd.inpres56soop@gmail.com "," "
60402031,"tidak ada ","sdnegeri5raam@gmail.com "," "
60400402," ","sdyapisdoom@gmail.com "," "
69787911," "," "," "
60400408," ","ritta1974@yahoo.com "," "
60400469,"0951(323701) ","yppkstellamarisdoom@yahoo.com "," "
69827756," "," "," "
60400348,"0 ","smpgotongroyong@ymail.com "," "
60400364,"Belum ada ","smpnegeri1dum@yahoo.co.id "," "
60400357,"0 ","siswanto.s.o.q@gmail.com "," "
60400315," ","sman4ktsrg@gmail.com ","http://sman4kotasorong.sch.id "
69728520," ","sdberkatsorong@yahoo.com "," "
60400325," ","sdinpres102kotasorong@yahoo.co.id "," "
60400340," "," "," "
60400322," ","sdinpres46klagete@yahoo.com "," "
60400307,"0951(325068) ","sdinpres50@gmail.com "," "
69893485," ","sdistianahtrpd@gmail.com "," "
69986075," ","bcb.elementary@gmail.com "," "
60400441,"0 ","sdn25klagete@yahoo.com "," "
60400460,"- ","sdn28bambukuning@gmail.com "," "
60400403," ","sdypkelimmalanu@gmail.com "," "
60403534," ","sdyppkmaterdei@gmail.com ","http://www.sdmaterdei@gmail.com "
69986458," "," "," "
60727101," "," "," "
60402035,"0951321111 ","smpbukitzaitun@yahoo.co.id "," "
60400360," ","smpn6kotasorong@gmail.com "," "
60400349," ","Smp.Usdatara@Yahoo.co.id "," "
60404179," ","velovethzya@gmail.com "," "
69941563," "," "," "
69979447," ","smptkjimero512@gmail.com "," "
60404133," ","smaoikoumene553@gmaiil.com ","http://www.smaoikoumenekotasorong "
69878251," ","smausdatara@yahoo.co.id "," "
69944064," ","smaitperadaban@gmail.com ","http://smaitperadaban.sch.id "
60400377," ","sma2sorong@gmail.com ","http://www.sman2sorong.sch.id "
60403607,"0951324342 ","smkn1bpsorong@yahoo.com ","http://www.smkn1sorong.net "
60404132,"0 ","smknusantarasorong@yahoo.com ","http://www.smknusantara.sch.id "
60400415,"0951(321033) ","sdkita@gmail.com ","http://www.sdaljihad.wordpress.com "
69787913," ","sdinpres113klaligi@gmail.com "," "
60400321,"0951 "," "," "
60400328," ","sdinprestujuhempat.malawei@yahoo.com "," "
60400327,"0951 (322832) ","sdinpresmalawei@gmail.com "," "
60400413,"0951 ","yellowflash894@gmail.com "," "
60400463," ","sdnegeri2remu@yahoo.co.id "," "
60400449,"0951 ","sd.negeri26@yahoo.co.id "," "
60400450," ","dikdaskotasorong@yahoo.co.id "," "
60400368,"0951(334311) ","smpguppi@gmail.com ","http://WWW.SMPGUPPI.COM/ "
60400347," ","smpnegerisembilan@ymail.com ","http://www.smpn9sorong.sch.id "
60400353," ","smpqubasrg@yahoo.co.id "," "
60400358," ","mpypk_sorong@yahoo.com "," "
60400351," ","smpyppsiloam@yahoo.co.id "," "
60702907," "," "," "
69849633," ","smaypp_siloam@yahoo.com "," "
60403707,"0951326700 ","sman3kotasorong@gmail.com ","http://sman3kotasorong.sch.id "
60400317," ","smaguppisorong@yahoo.com "," "
69886460," ","smkanalis87@yahoo.com "," "
60702895," "," "," "
69985786," "," "," "
60400396," ","sdmuhammadiyah2.jaya@gmail.com "," "
69962822," ","cibskotasorong@gmail.com "," "
69983683," ","smp.istianah@yahoo.com "," "
60400356," ","smpalaminsorong@gmail.com "," "
60402040," ","alamin.oke@gmail.com ","http://www.smamuhalamin.sch.id "
60403712," ","smagust_sorong@yahoo.com ","http://www.smagustsorong.tk "
60400389,"0951326612 ","smkputrasamudera3@gmail.com ","http://www.smkp putra samudera .com.id "
60400342," ","sd-inpres126suprau@yahoo.com "," "
60400341," ","inpres136saoka@gmail.com "," "
60400453," ","vanvandy@gmail.com "," "
60403719," ","smp7kotasorong@gmail.com "," "
60400430,"0951(322951) ","sdadventsorong@gmail.com ","http://www.sekolahadventsorong.com "
69862417," ","sdn3hbm@yahoo.co.id "," "
60400407,"0951321222 ","Apengka74@gmail.com "," "
60400392,"0 ","sdypkvefatasorong@yahoo.com "," "
69827757," "," "," "
60400420," "," "," "
60400385,"0951322951 ","sa_academy@ymail.com ","http://www.sekolahadventsorong.com "
60727653," "," "," "
60702906," "," "," "
60400319,"322951 ","sa_academy@ymail.com ","http://www.sekolahadventsorong.com "
