NPSN,"Fax ","Email ","Website "
40500116,"- ","sdn_satu_tilamuta@yahoo.co.id "," "
40500131,"- ","sdn02tilamuta@gmail.com "," "
40500107," ","sdn03tilamuta@gmail.com "," "
40500171," ","sdn04tilamuta@gmail.com "," "
40500168,"- ","sdnlimatilamuta@gmail.com "," "
40501685," ","sdnenamtilamuta@yahoo.com "," "
40500119," ","sdn07tilamuta@gmail.com "," "
40500172," ","sdn.08tilamuta@gmail.com ","http://sdn8tilamuta.blogspot.com "
40500250," ","sdn09tilamuta@yahoo.co.id "," "
40500108," ","sdnsepuluhtilamuta@gmail.com "," "
40500188,"0 ","sdn11lahumbo@yahoo.com "," "
40500256,"- ","sdn12tilamuta@gmail.com "," "
40500254," ","sdn013tilamuta@gmail.com "," "
40500244,"0 ","sdn14tilamuta@gmail.com "," "
40500252," ","sdn15_tilamuta@yahoo.co.id "," "
40500253," ","berjatyo@gmail.com "," "
40500198," ","sdn17tilamuta@gmail.com "," "
60724134," "," "," "
60724135," "," "," "
60724133," "," "," "
40500155,"(0443)2212111 ","smpn1tilamuta@gmail.com ","http://www.smpn1tilamuta.sch.id "
40500161," ","smp2tilamuta@ymail.com "," "
40501667," ","smpntigatilamuta@yahoo.co.id "," "
40501676," ","smpn4tilamuta@gmail.com "," "
40501709,"0 ","smp5satuataptilamuta@gmail.com "," "
40501827," ","smpenamtilamuta@ymail.com "," "
40503145," "," "," "
40503146," "," "," "
69899904," ","sma2tilamuta@gmail.com ","http://www.sma2tilamuta@gmail.com "
40500179,"04432216453 ","smansatil@ymail.com ","http://www.smansa-tilamuta.sch.id "
40500181,"0432 ","info@smkn1boalemo.sch.id ","http://www.smkn1boalemo.sch.id "
40503117," "," "," "
40503118," "," "," "
40500134,"0 ","sdn01paguyaman@gmail.com "," "
40500112,"0 ","sdn02paguyaman@gmail.com "," "
40500145,"- ","sdn03paguyaman@gmail.com "," "
40500130," ","sdn04paguyaman@gmail.com "," "
40500102," ","sdn05paguyaman@yahoo.co.id "," "
40500176," ","sdnenampaguyaman@yahoo.co.id "," "
40500169," ","sdn7paguyaman@gmail.com "," "
40500104," ","sdn8paguyaman@gmail.com "," "
40500190," ","sdnsembilanpaguyaman@gmail.com "," "
40500200,"0 "," "," "
40500192," "," "," "
40500224," ","sdn12paguyaman@gmail.com "," "
40500246," ","sdntigabelaspaguyaman@rocketmail.com "," "
40500241," ","sdn14paguyaman@gmail.com "," "
40500247,"0 ","sdn15_paguyaman789@gmail.com "," "
40500187,"0 ","sdn16paguyaman@gmail.com "," "
40500223," "," "," "
40500197,"0 ","sdndelapanbelaspaguyaman@gmail.com "," "
40500232," ","sdn19_paguyaman@yahoo.com "," "
40501656,"0 ","desakputusriwanti@yahoo.com "," "
40500227," "," "," "
40500229," ","sdn22paguyaman@gmail.com "," "
40500226," ","r23_paguyaman@yahoo.com "," "
40501661,"0 ","sdn.paguyaman24@gmail.com "," "
40501662,"0 ","sdn25paguyaman@yahoo.co.id "," "
40501695," ","sdn26paguyaman@gmail.com "," "
40501917," ","darmonzain@gmail.com "," "
69755856," ","salmalaiya7@gmail.com "," "
69754338," ","sdnduapuluhsembilan@yahoo.com "," "
69754631," ","sdn30paguyaman@gmail.com "," "
60724128," "," "," "
60724129," "," "," "
60724131," "," "," "
60724130," "," "," "
40500153," ","smpnsatupaguyaman@yahoo.co.id "," "
40501877," ","smpn10sepuluh_paguyaman@yahoo.com "," "
69755443," ","smpnegeri11@gmail.com "," "
69964953," ","smn12paguyaman@gmail.com "," "
40500160," ","smpndua.paguyaman@yahoo.co.id "," "
40500163," ","smpn3paguyaman@yahoo.com "," "
40501669," ","smpnivpaguyamansatuatap@yahoo.com "," "
40501679," ","smpnlimapaguyaman@gmail.com "," "
40501673,"0 ","smpn6paguyaman@gmail.com "," "
40501834," ","smpn7paguyamanboalemo@ymail.com "," "
40501707," ","salmaantu@yahoo.co.id "," "
40501699,"0 ","smpn9paguyaman@gmail.com "," "
69972180," ","SMPsalafiyahbp_Paguyaman@yahoo.com "," "
40503143," "," "," "
40503144," "," "," "
69986565," ","sma2paguyaman@gmail.com "," "
40500178,"0 ","smanegeripaguyaman@yahoo.co.id ","http://www.sman1paguyaman.sch.id "
40502732,"- ","smkndua.paguyaman@gmail.com ","http://www.smkn2paguyamanboalemo.sch.id "
40503115," ","smkn3pag@yahoo.co.id "," "
40501682," ","smkn1paguyaman@gmail.com "," "
69788224," "," "," "
40503116," "," "," "
40500132," ","sdn01.mananggu@yahoo.co.id "," "
40500173," ","sdnduamananggu@yahoo.co.id "," "
40500109," ","sdntigamananggu@gmail.com "," "
40500105," ","sdn04mananggu@gmail.com "," "
40500118," ","sdn05mananggu@gmail.com "," "
40500166," ","sdnnolenammananggu@yahoo.com "," "
40500240,"0 ","sdn07mananggu@yahoo.co.id "," "
40500221," ","sdn08mananggu@gmail.com ","http://sdn08mananggul.com "
40500199," ","Sdnnolsembilanmananggu@yahoo.co.id "," "
40500136," ","sdnegeri10mananggu@gmail.com "," "
40501833," ","sdn.11.mananggu.boalemo@gmail.com ","http://sdn.11.mananggu.boalemo.com "
40501651," ","indrie15.adam@gmail.com "," "
40502709," ","sdn13mananggu@gmail.com "," "
60724127," "," "," "
40500152,"0 ","smpnegerisatumananggu@yahoo.com "," "
40500159," ","smpndumngu@gmail.com "," "
40501665," ","smpnsatapmananggu@yahoo.co.id "," "
69989072," "," "," "
40503142," "," "," "
40501782,"0 ","sma_mananggu@yahoo.co.id "," "
40500164,"- ","smk_mananggu@yahoo.com ","http://smkn1mananggu.sch.id "
40500183," ","sdnsatudulupi@yahoo.com "," "
40500147," ","sdnduadulupi@ymail.com "," "
40500170,"0 ","sdntigadulupi@yahoo.com "," "
40500143,"0 ","lilisuriyani@yahoo.com "," "
40500174," ","sdn05dulupi@gmail.com "," "
40500175," ","sdnenamdulupi@yahoo.com "," "
40500249," ","sdn07dulupi@gmail.com "," "
40500239," ","sdn08dulupi@gmail.com "," "
40500251," ","sdnsembilandulupi@gmail.com "," "
40500135,"0 ","haispakaya444@gmail.com "," "
40500137," ","sdnsebelasdulupi@gmail.com "," "
40500233," ","sdnduabelasdulupi@yahoo.com "," "
40501828," ","lifran.djibu@gmail.com "," "
40501687," ","sdnempatbelasdulupi@gmail.com "," "
40501689," ","sdnlimabelasdulupi@yahoo.com "," "
40501691," ","sdn16dulupi@gmail.com "," "
40501693," ","sdntujuhbelasdulupi@yahoo.com "," "
69952013," ","sdn18dulupi@gmail.com "," "
69989146," "," "," "
60724126," "," "," "
60724125," "," "," "
40500151," ","smp1dulupi@gmail.com "," "
40500158," ","smp.neg2dulupi@gmail.com "," "
40501664," ","smpntigadulupi@yahoo.com "," "
40501668," ","dapodiksmpn4dulupi@gmail.com "," "
40501703," ","smpn5dulupi@gmail.com "," "
40501705," ","smpenam.dulupi@yahoo.com "," "
40502196," ","smp7dulupi@yahoo.com "," "
40502743,"0 ","smpn8dulupi2018@yahoo.com "," "
69754632," ","smpn9dulupi@gmail.com "," "
40503141," "," "," "
40501681," ","smandulupi@gmail.com "," "
69755444," ","smkn1dulupi@yahoo.co.id "," "
40500113,"0 ","sdn001.wonosari@gmail.com "," "
40500103," ","sdn02wonosari78@gmail.com "," "
40500185," ","sdntigawonosari@yahoo.co.id ","https://www.sdn03wonosari.sch.id "
40500193," ","sdn04wonosari46@gmail.com "," "
40500114," ","sdn05wonosari@yahoo.co.id "," "
40500195," ","sdn06wonosari@gmail.com "," "
40500186," ","sdn07wonosari@gmail.com "," "
40501815,"  0 ","sdn08wonosari@gmail.com "," "
40500255,"0 ","Sdn09.wonosari@gmail.com "," "
40500196," ","sdn10wns@yahoo.co.id "," "
40500201," ","sdn11wonosari@gmail.com "," "
40500194," ","sdn12wonosari@yahoo.com "," "
40500242," ","sdn_13_wonosari@yahoo.co.id "," "
40500191," ","kartonnusi@yahoo.co.id "," "
40500231," ","sdn15wonosari@yahoo.com "," "
40500140," ","sdn16wonosari@gmail.com "," "
40501653," ","sdn17wonosari@yahoo.com "," "
40501654," ","Sueb6364@gmail.com "," "
40501655,"0 ","sdn19wns@yahoo.com "," "
40501657," ","sdn20wonosari@gmail.com "," "
40501658,"- ","sdnduasatuwonosari@yahoo.com "," "
40501659," ","nurfinbiya@gmail.com "," "
40501660," ","sdnduatigawonosari86@ymail.com "," "
40501871," ","sdn24wonosari@gmail.com "," "
40501891,"0 ","sdn25wonosari@gmail.com ","http://www.sdn25wonosari.com "
40502089," ","sdedrik89@gmail.com "," "
40502090,"0 ","sdnduatujuhwonosari@gmail.com "," "
40502091,"0 ","yasa2128@gmail.com "," "
40502092," ","ibrahimohamad13@gmail.com "," "
69755445," ","andrislakoro@gmail.com "," "
69966797,"- ","sdn31wonosari@gmail.com "," "
60724136," "," "," "
40500156," ","smpnsatuwonosarissn@yahoo.co.id "," "
40502194," ","suniatysucipto@yahoo.co.id "," "
69754630," ","smpn11satapwns@yahoo.com "," "
69945627," ","smpnegeri12wonosari@gmail.com "," "
40500162,"0 ","Smpn2wonosari@yahoo.co.id "," "
40500182," ","smpntigawon@gmail.com "," "
40501677," ","smpnempatwonosari@gmail.com "," "
40501672," ","smpnlimawonosari@gmail.com "," "
40501674,"0 ","smpn6wonosari@gmail.com "," "
40502744," ","abdurrahmandjaena@gmail.com "," "
40501713," ","smpn8wonosari@gmail.com "," "
40502195," ","smpnegerisembianwonosari@gmail.com "," "
40503147," "," "," "
69976548," "," "," "
69899979," ","sma2wonosari@gmail.com ","http://www.sman2wonosari "
40500180,"1 ","sman1.wonosari@yahoo.com ","http://www.smawon.com "
40502705," ","smkduawonosari@yahoo.co.id "," "
40500149,"0 ","smkn1wonosariboalemo@ymail.com ","https://www.smkn1won.sch.id "
69881533," "," "," "
40500220," ","sdnsatubotumoito@gmail.com "," "
40500117," ","sdn02botumoito@gmail.com "," "
40500133," ","sdn03botumoito@gmail.com "," "
40500177," ","sdnegeri04botumoito@gmail.com "," "
40500142," ","sdn5botumoito@gmail.com "," "
40500101," ","sdn06botumoito@gmail.com "," "
40500110," ","sdn07botumoito@gmail.com "," "
40500248," ","sdn08botumoito@gmail.com "," "
40500243,"- ","anismantu73@gmail.com "," "
40500225," ","sdnsepuluhbotumoito@gmail.com "," "
40501832,"0 ","sdn11botumoito@gmail.com "," "
40501650," ","botumoito12sdn@gmail.com "," "
40501652," ","sdn13botumoito@gmail.com "," "
40502692," ","sdn14botumoito@yahoo.co.id "," "
40502693," ","Rahmin.dunggio@yahoo.co.id ","http://pgribotumoito.blogspot.com "
69755442," ","sdn16botumoito@yahoo.com "," "
60724124," "," "," "
40500150," ","smpn01botumoito@gmail.com "," "
40500157," ","smpn2botumoito@gmail.com ","http://smpn2botumoito.blogspot.com "
40502212," ","smp3botumoito@gmail.com "," "
40501921," ","smpnivbotumoito@yahoo.co.id "," "
40501922," ","smpn05botumoito@gmail.com "," "
40502676," ","smpnegerienambotumoito@gmail.com "," "
40503140," "," "," "
40501680," ","smanbtm@yahoo.com ","http://smanbotu.com "
69899902," ","smknegeribotumoito@gmail.com "," "
40500115," ","sdnegeri01paguyamanpantai@gmail.com ","http://www.sdnegeri01paguyamanpantai@gmail.com "
40500167,"085342149681 ","sdn02pagpantai@gmail.com "," "
40500100,"0 ","sdn03pagpantai@gmail.com "," "
40500257," ","sdn4pagpantai@gmail.com "," "
40500144," ","sdn05pagpantai@gmail.com "," "
40500235," ","sdn06pagpantai@gmail.com "," "
40500106,"0 ","sdn07.paguyamanpantai@gmail.com "," "
40501829," ","sdn08paguyamanpantai@gmail.com "," "
40501830,"0 ","sdn09paguyamanpantai@gmail.com ","http://www.sdn09paguyamanpantai.123website.co.id "
60724132," "," "," "
40500154," ","smpn1pag.pantai@gmail.com "," "
40501675,"0 ","smp2pp@gmail.com "," "
40501701,"- ","nanang1sahrain@gmail.com "," "
40501670," ","smpn4pagpai@yahoo.com "," "
40501671," ","kadirpomolango89@gmail.com ","http://smpn5stap.web.id "
40502674,"Tidak ada ","mudindoank9@gmail.com ","http://www.smpn6pagpantai.blogspot.com "
40503114," ","smansatupaguyamanpantai@yahoo.co.id "," "
40500148," ","smkn1paguyamanpantai2004@gmail.com "," "
40500684," ","arini_mohamad@gmail.com "," "
40500638," "," "," "
40500290," "," "," "
40500633," ","sdn12batudaapantai@gmail.com "," "
40500496," ","sdn3batudaapantai@gmail.com "," "
40500292,"- ","sdn4batudaapantai@gmail.com "," "
69863287,"0 ","sdn6batudaapantai@mail.com "," "
40500274,"- ","Sdn.7batudaapantai@gmail.com "," "
40500464," ","affarharun@yahoo.com "," "
40500493," ","sdn08bp@yahoo.com "," "
40500623," ","sdndua_batpan@yahoo.com "," "
40500583," "," "," "
60724145," "," "," "
60724148," "," "," "
40500378," ","smp1batudaapantai@yahoo.com "," "
40500396,"- ","smpn2batpan@yahoo.com "," "
40502432," ","smpn3satapbatudaapantai@gmail.com "," "
40501861,"0 ","momyharun@gmail.com "," "
40502438," ","smpnlimasatapbatudaapantai@yahoo.co.id "," "
40503138," "," "," "
69980061," ","smanbatudaapantai@gmail.com ","http://facebook.Sman1Batudaapantai.com "
40502672," ","smkn1_batudaapantai@yahoo.co.id "," "
40502706," ","smkpariwisatabubohu11@yahoo.com "," "
40503126," "," "," "
40501472," ","sdn01batudaa@gmail.com "," "
40500305," ","sdniluta@yahoo.co.id "," "
40500512," ","yuni_sriwahyunilaginda@yahoo.com "," "
40502398,"0 ","sdn03batudaa@gmail.com "," "
40500486,"- ","sdn5.batudaa@gmail.com "," "
40500686,"0 ","lbaruadi@ymail.com "," "
40502407," ","sdn8batudaa@yahoo.co.id "," "
40500516," ","sdnsembilan.batudaa@gmail.com "," "
40500285," ","sri_marhayulya@yahoo.co.id "," "
40500611," ","sdn_6_batudaa@yahoo.com "," "
60726869," "," "," "
60724144," "," "," "
40501523," ","smpmuhbatudaa@yahoo.com "," "
40500379,"0 ","smpn1batudaa@gmail.com "," "
40501893,"- ","smpn2batudaa@yahoo.com "," "
40500461,"0 ","smamuh_batudaa@yahoo.com ","http://smambat.sch.id "
40502460," ","smkn1batudaa@gmail.com ","http://www.smkn1Batudaa.sch.id "
40500286,"0 ","sdn1tibawa@yahoo.com ","http://sdn1tibawa.ac.co.id "
40500616," "," "," "
40500549," ","sdntibawa12@gmail.com "," "
40500463,"0 ","sdn14tibawa@yahoo.co.id ","http://sdn14tibawa.sch.id "
40500599," ","sdn16.tibawa@gmail.com "," "
40500330," ","sdn17tibawa@yahoo.com "," "
40500521," ","sdn18tibawa@yahoo.com "," "
40500360," "," "," "
40500326,"0 ","duatibawa@yahoo.com "," "
40500612,"0 ","selvyhalada5@gmail.com "," "
40500498," ","sdnegeri22tibawa@gmail.com "," "
40500303,"-  ","sdnduatiga@yahoo.co.id "," "
40500422,"0 ","rianti_1992@yahoo.co.id "," "
40500419,"- ","sdnduaenamtibawa@yahoo.co.id "," "
40501486," ","sdn27tibawa@yahoo.com "," "
60726167," "," "," "
40500518," ","sdntigatibawa@yahoo.com "," "
40500663,"- ","sdn4tibawa@gmail.com "," "
40500325," "," "," "
40500581," ","salmakyusuf@gmail.com ","http://sdn7tibawasekolahdasar.com "
40500668,"- ","sdndelapantibawa@ymail.com "," "
40500620," ","sdn9tibawa@gmail.com "," "
40502203," ","sditpermata.ummat@yahoo.co.id "," "
40500677,"- ","sdnsepuluhtibawa@yahoo.co.id "," "
40500574,"0 ","watidjama@yahoo.com "," "
40500637," ","sdn15tibawa@gmail.com "," "
40500687," ","maryamfarmasi@gmail.com "," "
40500502," ","itinanwar@yahoo.com "," "
40502210," ","sdn28tibawa@gmail.com "," "
40500529," ","kaharudindj@gmail.com "," "
60726872," "," "," "
60724163," "," "," "
40500377," ","smpn01tbw@gmail.com "," "
40502421,"0 "," "," "
40502423,"- ","yolandahusuna@yahoo.com "," "
40502425," ","smpn12tibawa@yahoo.com "," "
40502427," ","smpn13tbw@yahoo.co.id "," "
40500405," ","SMPN2TBW@gmail.com "," "
40501528," ","smpn3sataptibawa@gmail.com "," "
40501537," ","cica_taurus@yahoo.co.id "," "
40502442," "," "," "
40502447,"0 ","selvyhalada5@gmail.com "," "
40502450," ","supriadiharun92@gmail.com "," "
40502454,"- ","smpn8tibawa@gmail.com "," "
40502458,"0 "," "," "
69985569," "," "," "
69787279," "," "," "
40503162," "," "," "
60727341," "," "," "
40500457,"0435-890190 ","sman1tibawa@yahoo.co.id ","http://sman1tibawa.sch.id "
60728034," "," "," "
40503133," "," "," "
40500588," ","sdn01boliyohuto@yahoo.co.id "," "
40500618," ","sdn10boliyohuto@yahoo.co.id "," "
69863288," ","sdn11boliyohuto@yahoo.co.id "," "
40500576," ","sdn12boliyohuto@yahoo.co.id "," "
69970180," "," "," "
69970181," ","salimintotamu@gmail.com "," "
40500318," ","sdn2boliyohuto@yahoo.com "," "
40500609,"- ","sdn03boliyohuto@yahoo.co.id "," "
40500354," ","SDN4BOLl@yahoo.co.id "," "
40500654," ","sdn5boliyohuto@yahoo.co.id "," "
40502403," ","sdn6boliyohuto@yahoo.co.id "," "
40500237," "," "," "
40500664," ","sdn9boliyohuto@yahoo.co.id "," "
69786881," ","sditcendekia@yahoo.co.id "," "
40500564," ","sdn08boliyohuto@yahoo.co.id "," "
60724141," "," "," "
60724165," "," "," "
60724142," "," "," "
60724143," "," "," "
40500367," ","smpnegeri1boliyohuto@gmail.com ","http://www.spensaboliyohuto.sch.id "
69786880," ","spendu.boliyohuto@gmail.com "," "
40502443," ","smpnegeri3satapboliyohuto@yahoo.com "," "
40501865," ","smpnegeri04boliyohutogorontalo@gmail.com ","http://smpn4boliyohuto.blogspot.com/ "
40502439," ","smpboliyohuto@yahoo.co.id "," "
69888535," ","smpn6.boliyohuto@yahoo.com "," "
40503151," "," "," "
40503149," "," "," "
40500450," ","smanboliyohuto@gmail.com ","http://www.sman1boliyohuto.sch.id "
69829540," ","smkcendekiab@yahoo.com "," "
40503124," "," "," "
40502669,"(0435) 88216 ","lukmanulhakimsdit@yahoo.com "," "
40500644,"- ","sdmuh.2limboto@gmail.com "," "
40500643," ","sd.muh3limboto@gmail.com "," "
40500642," ","sdmuh4lbt@gmail.com "," "
40500641," ","sdmuhammadiyah1limboto@gmail.com "," "
40500671,"- ","urianto.pulukadang@yahoo.com "," "
40501497," ","sdn12limboto@gmail.com "," "
40501484," ","sdn13limboto@yahoo.co.id ","http://sdn13limboto.mysch.id/ "
40500495," "," "," "
40500683," "," "," "
40500268," ","sdn18limboto@gmail.com "," "
40500482," ","sdnsembilanbelaslimboto@yahoo.com "," "
40500327,"- ","dapodik.sdn2limboto@gmail.com "," "
40500635," ","sdn20limboto@yahoo.com "," "
40500487,"0 "," "," "
40500659," ","sekolahdasarnegeri_limboto@yahoo.com "," "
40500634,"0 ","sdn24limboto@gmail.com "," "
40501498," ","daryatno75@gmail.com "," "
40500500," "," "," "
40501466," ","sdn27limboto@gmail.com "," "
40500328,"Tidak Ada ","sdn3lbt@gmail.com "," "
40500530," ","sdn4limboto@yahoo.co.id "," "
40501464," ","sdnlimboto5@ymail.com "," "
40502703,"0 ","sdn6limboto@yahoo.com "," "
40500276," ","SDN9LIMBOTO@YAHOO.CO.ID "," "
40500288,"- ","sdn1limboto@gmail.com "," "
40500341,"0 ","sdn10lbt@gmail.com "," "
40500570," ","sdn16lbt@gmail.com "," "
40500673," ","sdntujuhbelaslimboto@gmail.com "," "
40500597," ","operatordapodik263@yahoo.com "," "
40500277," ","sdn7limboto2013@gmail.com "," "
40500428," ","sdn8limboto@gmail.com "," "
60724151," "," "," "
60724153," "," "," "
60724152," "," "," "
40500370,"0435-880163 ","smpn1limboto2013@gmail.com ","http://www.smpn1limboto.sch.id "
40500412,"0435-882011 ","spendu_limboto@yahoo.co.id ","http://smpn2limboto.sch.id/ "
40500400," ","smpn3limboto@yahoo.co.id "," "
40500404," "," "," "
40501547,"0 ","smpn5sataplimboto@gmail.com "," "
40501551," ","ramahabdullah99@gmail.com ","http://smpn6sataplimboto.id "
40502448,"0 ","smp7limboto@gmail.com "," "
40501896," ","smpn8limboto@gmail.com "," "
40501869," ","smpn9limboto@yahoo.co.id "," "
69969009," ","smpitlukmanulhakim@gmail.com "," "
69774638," ","smp.IslamIntegral@gmail.com "," "
40503155," "," "," "
40503156," "," "," "
40500453,"0435881062 ","smansa@smansalimboto.sch.id ","http://smansalimboto.sch.id "
40500458,"085256566529 ","info@sman2limboto.sch.id ","http://www.sman2limboto.sch.id "
40500380,"04358831008 ","smkn.limboto79@gmail.com ","http://smkn1limboto.sch.id "
40500473,"(0435) 880193 ","smkn_2lbt@yahoo.com "," "
40500366," ","smktekmuhlimboto@yahoo.co.id "," "
40503128," "," "," "
69849447," "," "," "
40503129," "," "," "
40500688," ","sdn01telaga@gmail.com "," "
40500264,"0 ","sdn_sebelastelaga@ymail.com "," "
40500613," ","rsbisdn.2bulila@gmail.com "," "
40500436," ","sdn3telaga@gmail.com "," "
40501912," ","sdn5telaga100@gmail.com "," "
40500590," ","sdn7telaga@yahoo.com "," "
40500525," ","sdn10telaga@gmail.com "," "
40501483," ","irfan_syah18@rocketmail.com "," "
40500484,"0 ","sdn4telaga@gmail.com "," "
40500284," ","abdullahyusufsaleh@yahoo.com "," "
40500320," "," "," "
40500513," ","sdn9telaga@gmail.com "," "
60724162," "," "," "
69976546," "," "," "
40500375,"0 ","spensa_telaga@yahoo.com ","http://www.smpn1telaga.org "
40500417,"(0435) 838809 ","nurain_nusi@yahoo.com "," "
40500402,"0 ","smpn3telaga@gmail.com ","http://www.example.com "
40501903,"0 ","smp4tlg@yahoo.co.id "," "
40501904,"0 "," "," "
40502682,"0 "," "," "
69988215," "," "," "
40500455,"0 ","smantelaga@gmail.com ","http://smatelaga.sch.id "
40500459,"0435-838032 ","www.smk_almamater@yahoo.com "," "
40501577,"0435 838445 ","smkgong@yahoo.com ","http://www.smkgotongroyong.co.cc "
40500665,"- "," "," "
40500553,"0 ","sdn.10bongomeme@gmail.com "," "
69786879," ","sdn11bongomeme@gmail.com "," "
40500538,"0 ","SD24bongomeme@Yahoo.co.id "," "
40500475,"0 ","sdn13bongomeme@gmail.com "," "
40500507,"0 ","sdn14bgm@gmail.com "," "
40501480," ","sdnbongomeme16@gmail.com "," "
40502396," ","sdn17bgm@yahoo.com "," "
69725258," ","yulinda_ahudulu@yahoo.co.id "," "
40500435," ","sdn02bongomeme@yahoo.co.id "," "
40500047," ","kharismawibisono@yahoo.co.id "," "
40500584," ","sdn10bongomeme@yahoo.com "," "
45000310," ","sdn5bongomeme@gmail.com "," "
40500622," ","sdn7bongomeme@yahoo.co.id "," "
40500503,"0 ","sdn9bongomeme@yahoo.co.id "," "
40500314," ","sdn15bmm@gmail.com "," "
40500685," ","sdn13bongomeme@yahoo.co.id "," "
40500043,"0 ","sdn15bongomeme@yahoo.com "," "
60724149," "," "," "
60724150," "," "," "
40502417," ","smpnbongomeme1@gmail.com "," "
40500398," ","ajis.suleman@yahoo.com "," "
40501549," ","smpn3satapbongomeme@gmail.com "," "
40501553," ","smp6bongomeme@gmail.com "," "
40501556," ","sanceuno17@gmail.com "," "
40502451," ","smpn.6stp@gmail.com "," "
40502695," ","smpn10satapbongomeme@yahoo.com "," "
40502694," ","smpn8satapbgm@gmail.com "," "
40502696," ","gunawanzakaria70@gmail.com "," "
40503153," "," "," "
40503154," "," "," "
69953290," ","bgm1sman46@yahoo.com "," "
60728641," "," "," "
40503127," "," "," "
40500361," ","sdn1pulubala@yahoo.co.id "," "
40502402," ","sdn10pulubala@yahoo.com "," "
40500350," "," "," "
40500339,"0 ","sdn14plb@gmail.com "," "
40501467,"0 ","sriwiwins.husain_a@yahoo.co.id "," "
40501489," ","sdn_pulubala17@yahoo.com "," "
40500421," ","rista_doank@ymail.com "," "
40500491," ","mimin.Thalib@yahoo.Com "," "
40500681," ","sdn2pulubala@yahoo.com "," "
40500514,"0 ","sdn20pulubala@yahoo.com "," "
40500563," ","sdn21pulubala@gmail.com "," "
40500653," ","sdn22plbtomula@yahoo.com "," "
69787756," ","23pulubala@gmail.com "," "
40501501,"0 ","roeshlanrachman@yahoo.com "," "
40500605," ","uno.asna@yahoo.com "," "
40500466,"0 ","ishakalfin@gmail.com "," "
40500353," ","sdn5pulubala@gmail.com "," "
40500608,"Tidak ada ","sdn6pulubala@yahoo.co.id "," "
40500337,"0 ","sdn7pulubala@yahoo.co.id "," "
40500628," ","sdn8pulubala@gmail.com "," "
40501494,"- ","sdn9plbutiye@yahoo.com "," "
40500438,"0 ","firmansyah.bungi@yahoo.co.id ","http://wwwsdn11pulubalamyschid.mysch.id/ "
69787755," ","sdnduabelaspulubala@yahoo.com "," "
40500324," "," "," "
60726871," "," "," "
60724159," "," "," "
40500373," ","smpn1pulubala@gmail.com "," "
40502420," ","smpn10pulubala@gmail.com "," "
40502422," "," "," "
40502424,"- "," "," "
40502426," ","smp13satappuulbala@yahoo.com "," "
40502689," ","smpn14pulubala@yahoo.com "," "
40502741,"0 "," "," "
40502688," ","satap16pulubala@gmail.com "," "
69786615,"0 "," "," "
40500415,"0 ","taroskhan@gmail.com "," "
40502431," ","smpn3_pulubala@yahoo.com "," "
40501527," ","sdn21pulubala@gmil.com "," "
40502441," ","hernitaohi@yahoo.co.id "," "
40502446,"- ","smpn6stpplb@yahoo.com "," "
40502449," ","smpntujuhsatappulubala@yahoo.com "," "
40502452," ","rusmin_husain@yahoo.com "," "
40502457," ","smp9satappulubala@yahoo.co.id "," "
69953289," ","sman1pulubalaoke@gmail.com ","http://sman1pulubala.co.id "
40501856,"0435 ","smk.pulubala@gmail.com ","http://www.smkpulubala.com "
40500424," ","tolangohula75@gmail.com "," "
40500269," ","sdn.gandasari01@yahoo.com "," "
40500533," ","sdn-10tolangohula@yahoo.co.id "," "
40501473," ","sdntolangohula@yahoo.co.id "," "
69787760," ","sdn13tolangohula@yahoo.co.id "," "
40500569," ","sdn5tolpastibisa@yahoo.com "," "
40500531," ","sdn8tolangohula@yahoo.co.id "," "
69787762," ","sdnItol@yahoo.co.id "," "
40501477," ","sdn12tolangohula@gmail.com "," "
69878014," ","tolangohula14@gmail.com "," "
69878015," "," "," "
69888730," ","indrawati_patila@yahoo.com "," "
40500289," ","sdntolangohula@gmail.com "," "
40500655," ","sdn6tolangohula@gmail.com "," "
69787759," ","sdn7tol@Yahoo.co.id "," "
40500558," ","abdulkadir09tol@gmail.com "," "
60724137," "," "," "
60724123," "," "," "
60724167," "," "," "
69976545," "," "," "
60724166," "," "," "
40500383," ","smpmuh1tolangohula@gmail.com "," "
40501521,"- ","smpmuh2tolangohula@gmail.com "," "
40500391," ","smpsatu_tolangohula@yahoo.com "," "
40501864," ","smpn02tol@gmail.com ","http://smpn02tolangohula.wordpress.com "
40501538," ","smpn4.tolangohula@gmail.com "," "
40501867," ","sunaryodaud90@gmail.com "," "
69774637," ","tolangohula14@gmail.com "," "
69872346," "," "," "
40502751," ","smpn_3sataptolangohula@yahoo.co.id "," "
40502416," "," "," "
40503163," "," "," "
40503139," "," "," "
40501859," ","sman1tolangohula@yahoo.co.id ","http://sman1tolangohula.sch.id "
40500460," ","smamuhtol@yahoo.com ","http://smamuhtol.sch.id "
69787753," ","sdn1mootilango@gmail.com "," "
40501474," ","sdnsepuluh_mootilango@yahoo.com "," "
40501476," ","sdnsebelasmootilango@gmail.com "," "
69787754," ","sdn.duabelasmootilango@yahoo.co.id "," "
40501465," ","sdn13mootilango@gmail.com "," "
40502761,"0 ","sdn.14_mootilango@yahoo.co.id "," "
40502752," "," "," "
69970211," ","sdn16mootilango@gmail.com "," "
40500670," "," "," "
40501471," ","sdn5mootilango@gmail.com "," "
40500443," ","sofyantanggomo91@gmail.com "," "
40501491,"0 "," "," "
40502395,"- "," "," "
40500624," ","sdntigamootilango@gmail.com "," "
40500356," ","4mootilango@gmail.com "," "
40501475,"- ","sdndelapanmootilango@yahoo.co.id "," "
40501492," ","zenabnasirmasa@gmail.com "," "
60726870," "," "," "
60724158," "," "," "
60724156," "," "," "
60724157," "," "," "
40502413," ","fatmahabubakar9@gmail.com "," "
40500372," ","smpnmootilango@gmail.com "," "
40500414," ","supritno.m@gmail.com "," "
40502675," ","smpnsatap3mootilango@gmail.com "," "
40501913," ","smpempatsatapmootilango@gmail.com "," "
40502440," ","smpn5satapmootilango123@gmail.com "," "
40502445," ","smpn6satapmootilango@gmail.com "," "
40502690," "," "," "
69772614,"0 ","smpn8satap@gmail.com "," "
40503159," "," "," "
69992365," "," "," "
69895273," "," "," "
69953513," ","smanegeri1mootilango@gmail.com "," "
40501858," ","smknmootilango@gmail.com ","http://smkn1mootilango.sch.id "
69994860," "," "," "
40500298," ","sdn4telagabiru@yahoo.co.id "," "
69787758,"- ","telagabirusdn1@gmail.com "," "
40500469," ","sdn10tlgb123@gmail.com "," "
40400560," ","sdn12telagabiru@gmail.com "," "
40500307,"0 ","sdn13telagabiru@gmail.com "," "
40500295," ","sdn15telagabiru@gmail.com "," "
69787757," ","sdn_telagabiru@yahoo.co.id "," "
40500308,"0435- ","ratnohalim@yahoo.com "," "
40502411,"- ","sdn19telagabiru@gmail.com "," "
40500306,"0 ","sdnduatlgbiru@gmail.com "," "
40500481," ","nudjulsimbala@yahoo.co.id "," "
40500667," ","sdn21telagabiru@gmail.com "," "
69830376," ","sdn.22telagabiru@yahoo.co.id "," "
40500587,"0 ","sdn3telagabiru@yahoo.co.id "," "
40500317,"0 ","sdn5_telagabiru@yahoo.o.id "," "
40500362,"0435 ","sdn7telagabiru@gmail.com "," "
40500266,"- ","sdn8tlg.biru@gmail.com "," "
40500349," ","salma.saba51@yahoo.co.id "," "
40500427," "," "," "
40500631," ","sdnegeri11telagabiru@gmail.com "," "
40500297,"0 ","sdn14telagabiru@gmail.com "," "
40500566," ","sdn.6tlgb@gmail.com "," "
40500376," ","spensa_telagabiru@yahoo.co.id ","http://www.smpn1telagabiru.sch "
40500406," ","smpntlgbiru2@yahoo.com "," "
40501533," "," "," "
40501542," "," "," "
40501554," "," "," "
40501863,"0 ","smpn7tb@yahoo.com "," "
40502453,"0 ","smp8satap.telagabiru@gmail.com "," "
40500418," ","smpn_widyakrama@yahoo.com "," "
40501550," ","smpn5sataptelagabiru@gmail.com "," "
40503161," "," "," "
69983094," "," "," "
40501857," ","sma1telagabiru@yahoo.co.id ","http://www.sman1telagabiru.sch.id "
69986160," ","smkadakabgorontalo@gmail.com "," "
40500636," ","sdn1_limbotobarat@yahoo.com "," "
40500474," ","sdnsepuluhlimbotobaratk@yahoo.com "," "
40500439," ","sdn11limbotobarat@gmail.com "," "
40500585," ","sdnduabelaslimbotobarat@yahoo.co.id "," "
40500315,"0 ","sdn13limbar@gmail.com ","http://www.sdn13limbar@gmail.com "
40500561," ","sdn15_limbotobarat@yahoo.com "," "
40500262," ","sdnenambelas_limbotobarat@yahoo.com "," "
40500672," ","sdndua_limbotobarat@yahoo.com "," "
40500431,"0 ","rahayuabudi03@gmail.com "," "
40501485," ","sriyuyantimoito@yahoo.co.id "," "
40500630," ","sdn5limbotobarat@gmail.com "," "
69787752," ","sdnenamlimbar@gmail.com "," "
40500472," ","sdntujuh_limbotobarat@yahoo.com "," "
40500674," ","ronipaudi@yahoo.com "," "
40500534,"0 ","sdn14limbotobarat@yahoo.co.id "," "
40500477," ","sdn17_limbotobarat@yahoo.com "," "
40500640," ","marleniasiari@gmail.com "," "
60724155," "," "," "
60724154," "," "," "
40500388," ","smpmuhammadiyahpone@yahoo.com "," "
40500371," ","smpnegeri1_limbotobarat@yahoo.com "," "
40500413,"0 ","smpn2limbotobarat@yahoo.co.id "," "
40500401," ","spentig_limbar@yahoo.com "," "
40501894,"0 ","SIDIKDOMILI@yahoo.co.id "," "
69895272," "," "," "
40503158," "," "," "
40503157," "," "," "
40501855," ","smanlimbar@yahoo.co.id "," "
40503130," "," "," "
40503131," "," "," "
69970210," "," "," "
40500526,"0 ","sdnduabiluhu@yahoo.co.id "," "
40500294," ","sdn3biluhu@yahoo.co.id "," "
40500335," ","sdn5biluhu@gmail.com "," "
40500273," "," "," "
40500300," ","sdn7biluhu72@gmail.com ","http://www.sdn7biluhu.sch.id "
40500309," ","sdn08.biluhu@gmail.com "," "
69725260," ","sdn09.biluhu@gmail.com "," "
40500603,"0 ","sdnsatubiluhu@yahoo.co.id "," "
40500682," ","sdn_4biluhu@yahoo.com "," "
40500408," ","smpn1biluhu@yahoo.co.id "," "
40502430," ","smpn2satapbiluhu@gmail.com "," "
40502433," ","smpntigasatap_biluhu@yahoo.com "," "
40502436," ","david_igirisa28@yahoo.co.id "," "
40503152," "," "," "
40500449," ","sman.1biluhu@yahoo.co.id ","http://sman.1biluhu@yahoo.co.id "
40500645," "," "," "
40500610," "," "," "
40500657," ","sdn10tabongo@yahoo.co.id "," "
40500579," ","sdn11tabongo64@yahoo.com "," "
69970209," "," "," "
40500602," "," "," "
40500425," "," "," "
40500334," ","sdn04tabongo@gmail.com "," "
40500355,"0 ","sdn05tabongo@yahoo.co.id "," "
40500557," ","suantiatintahir@gmail.com "," "
40500532," ","nuningyusnikarima@yahoo.co.id "," "
40500656," ","sdnsembilan_tabongo@yahoo.com "," "
40500540," "," "," "
60724160," "," "," "
40502756," ","smpn2sataptabongo@gmail.com "," "
40502742,"0 ","smpn3stptbg@gmail.com "," "
69953250," ","smpntabongo@gmail.com "," "
60728602," "," "," "
40503132," "," "," "
40501470," ","sdnlima_asparaga@yahoo.com "," "
40500548,"(0435) ","ruslinamala@yahoo.co.id "," "
40500515,"0 ","Sdn2asparaga22@yahoo.com "," "
40500573,"- ","sdntigaasparaga@yahoo.co.id "," "
40500489," "," ","http://www.sdn_4asparaga@ymail.com "
40500528," ","sdntujuhasparaga@yahoo.com "," "
40502749,"(0435)881712 ","sdn8asparaga@gmail.com "," "
40502755,"0 ","sdnsepuluh.asparaga@yahoo.co.id "," "
40501482," ","sdn6.asparaga@yahoo.com "," "
40502754," ","sdn9asparaga@gmail.com "," "
60724140," "," "," "
60724139," "," "," "
40500394,"0 ","smpn1asparaga@yahoo.co.id "," "
40502429,"0 ","smpn2asparaga@yahoo.com ","http://www.smp2satapasparaga.com "
40502415," ","witha_2395@yahoo.com "," "
40502435," ","smpn4stpasparaga@yahoo.com "," "
69786612," ","smpn5satapasparaga@yahoo.co.id "," "
69786616,"0435 ","ichalramadanto125@gmail.co.id "," "
40503148," "," "," "
40502189," ","sman1asparaga@gmail.com ","http://sman1asparaga.blogspot.co.id "
40500625," "," "," "
40500467," ","sdn10tilango@gmail.com "," "
40500357," ","sdn2tilango45@gmail.com ","http://sdn2tilango.sch.id "
40500293," ","sdn3tilango@gmail.com "," "
40500522," "," "," "
40500304," ","sdn5tlgo@gmail.com "," "
40500658," ","sdntujuhtilango@yahoo.co.id "," "
40500429," ","sdndelapantilango@yahoo.co.id "," "
40500426,"0 ","sdnenam.tilango@yahoo.co.id "," "
40500265," ","RADJIKU_HENDRIK@YMAIL.COM "," "
60724164," "," "," "
40500386," ","smpmuhtlgo@yahoo.co.id "," "
40502419," ","sriagustina@yahoo.com "," "
69787041," ","sman1tilango@gmail.com ","http://www.sman1tilango.sch.id "
40500604," ","sdn1talagajaya@gmail.com "," "
40500299,"0 ","SDN3_Talagajaya@yahoo.co.id "," "
40500281," ","sdn4talagajaya@gmail.com "," "
40500261,"- ","sdn.5.talagajaya@gmail.com "," "
40500476," ","sdn6tj.2bunggalo@gmail.com "," "
40500259,"- ","sdn7.talagajaya@gmail.com "," "
40500336," ","sdn2talagajaya@gmail.com "," "
60724161," "," "," "
40501862,"0 ","smpn.talagajaya@gmail.com "," "
60727340," "," "," "
60728033," "," "," "
40500465," ","sdnegeri1bilato@gmail.com "," "
40500272,"- ","SalmalamatiD411@gmail.com "," "
40500302," ","sdnegeri3bilato@gmail.com "," "
40502671," "," "," "
40500260," ","sdnegeri5bilato@gmail.com "," "
40500600," ","sdnegeri6bilato@gmail.com "," "
40500331," ","sdnegeri7bilato@gmail.com "," "
60726165," ","sdn8bilato@yahoo.com "," "
40500409," ","smp01bilato@yahoo.co.id "," "
40500397," ","smpn2bilato@gmail.com "," "
69759083," ","smpnegeri3satapbilato@gmail.com "," "
40501866," "," "," "
40503150," "," "," "
69787169," ","sman1_bilato@yahoo.com ","http://sman1bilato.sch.id "
40503125," "," "," "
40500287,"0 ","sdn1BONGOMEME@yahoo.co.id "," "
40500552," ","sdnsembilanbelasbongomeme@yahoo.co.id "," "
69786882," ","sdnsebelas_dungaliyo@yahoo.com "," "
40500577," ","sdn_23bongomeme@yahoo.co.id "," "
40500556," ","sdn27bongomeme@yahoo.co.id "," "
40501479,"Tidak Ada ","sdn31bongomeme@yahoo.co.id "," "
69725359," ","sdn15dungaliyo@gmail.com "," "
40500591," ","ririnmohi19@gmail.com "," "
40500316," ","sdn03dungaliyo@gmail.com "," "
40500586," ","SDN4.DUNGALIYO@gmail.com "," "
40500267," ","sdn5dgly@yahoo.com "," "
40500278,"- ","sdn11bongomeme@yahoo.co.id "," "
69786883," ","sdn16_bgm@yahoo.com.id "," "
40500545," ","SDN_18bongomeme@yahoo.com "," "
69786884," ","sdn9_bongomeme@yahoo.com "," "
40500368," ","smpn1dungaliyo@yahoo.com "," "
40501805,"000000000000000 ","smp4_bongomeme@yahoo.com "," "
40502455," ","smpn9satapbongomeme@yahoo.com "," "
40502697,"0 ","smp4dungaliyo@yahoo.com "," "
40500451,"0435890350 ","sman1dungaliyo97@gmail.com ","http://www.sma1dungaliyo.sch.id "
40502673,"0000000 ","www.smkn1bongomeme@gmail.com "," "
40500717," ","www.sdn01popayato@yahoo.co.id "," "
40500697," ","sdn02pop@gmail.com "," "
40500693," ","sdn03popayato@yahoo.com "," "
40500755," ","sdntorosiaje@yahoo.com "," "
40500710,"belum ada ","sdn05popayato@gmail.com ","http://www.sdn05popayato@gmail.com "
40500763," ","sdn06popayato@yahoo.com "," "
40500811," ","sdn07popayato@yahoo.com "," "
40500813," ","sdinp.bumibahari@gmail.com "," "
40501637," ","sdntorosiajejaya@yahoo.com "," "
40501841," ","sdn10popayato@yahoo.com "," "
69725785," "," "," "
40500761,"- ","smp1pop@yahoo.co.id "," "
40501645," ","smp2popayato@yahoo.com "," "
69857281," ","smpn3popayatosatap@yahoo.com "," "
40503174," "," "," "
40500745," ","ismuhuamirudin@gmail.com ","http://smansapop.com "
40502030," ","smkngrpopayato@gmail.com ","http://smkn1popayato.sch.id/ "
69725844," "," "," "
40500714," ","sdn01marisa@gamail.com "," "
40500750,"0 ","sdn02marisa.phwt@gmail.com "," "
40500754," ","sdn03marisa@gmail.com "," "
40501630," ","sdn04marisa@yahoo.com "," "
40500709," ","sdnpalopo@yahoo.co.id "," "
40501631,"0 ","sdn06marisa@gmail.com "," "
40500805," ","sdinppohuwato@yahoo.com "," "
40500812," ","sdn08marisa@yahoo.com "," "
40501837," ","sdn09marisa@yahoo.com "," "
60724175," "," "," "
69971473," ","smpislamnurulquran@gmail.com "," "
40500729," ","info@smpn1marisa.sch.id "," "
40501641," ","smpn2marisa75.marisa@gmail.com "," "
69753811,"- ","smpnegeri3marisasatuatap@gmail.com "," "
69830371," ","smpn4marisa@yahoo.com "," "
60727351," "," "," "
60727352," "," "," "
40500759,"0443210093 ","smanegeri1marisa@gmail.com ","http://sman1marisa.sch.id "
40500744,"0443-2215561 ","smk1_marisa2000@yahoo.co.id ","http://www.smkn1marisa.sch.com "
40502727," ","smkih.marisa@gmail.com ","http://www.smkihmarisa.sch.id "
69881534," "," "," "
69888675," ","madinatulilmi@yahoo.com "," "
40500716,"0 ","sdn01paguat@yahoo.co.id "," "
40501632," ","alfiantyladiku@gmail.com "," "
40500752,"0 "," "," "
40500707,"0 "," "," "
40500713,"- ","sdn1libuo@yahoo.com "," "
40500691,"- ","sdnbumbulan@yahoo.com "," "
40500700,"0 ","sdnbunuyo@yahoo.com "," "
40501635," ","sdn08paguat@gmail.com "," "
40500724,"- ","paguatsdn09@gmail.com "," "
40500824,"0 ","sdn10paguat@yahoo.com "," "
40500808," ","sdn11paguat@yahoo.com "," "
40500704,"0 ","sdn12paguat@yahoo.com "," "
40501624,"0 ","sdn13paguat@yahoo.com "," "
40501842,"0 ","sdn14paguat@yahoo.com "," "
69823277,"- ","sdn15paguat@yahoo.com "," "
60725128," "," "," "
60724176," "," "," "
40500730,"0 ","smp1paguat@gmail.com "," "
40500742," ","smpnegeri2paguat@gmail.com "," "
40501647,"0 ","smpnegeri3paguat182@gmail.com "," "
60725185," "," "," "
69726441," "," "," "
40500760," ","smanegeri.1.paguat@gmail.com "," "
69982542," ","smkmuhammadiyahutamapohuwato@yahoo.com "," "
60729881," "," "," "
40500726," ","sdn.01.lemito@yahoo.co.id "," "
40500727," ","sdn02lemito@yahoo.com "," "
40501633," ","sdn_lemito@yahoo.co.id "," "
40500718," ","sdn_sukadamai@yahoo.co.id "," "
40500757," ","sdn_05lemito@yahoo.co.id "," "
40500720," ","sdn06-lemito@yahoo.co.id "," "
40500831," ","sdn_07lemito@yahoo.go.id "," "
40502723," ","sdn-08lemito@yahoo.co.id "," "
69830429," ","sdn09lemito@yahoo.com "," "
69833108," ","sdn_10lemito@yahoo.co.id "," "
69727189," "," "," "
60729583," "," "," "
40500728," ","SMPN.1LEMITO@gmail.com "," "
40501640," ","smpn_2sataplemito@yahoo.co.id "," "
69787765," ","nurhayida_ishak@ymail.com "," "
60725188," "," "," "
40500758," ","smansalemito33@gmail.com "," "
69726765," "," "," "
40500712," ","sdn01randangan@ymail.com "," "
40500703,"0 ","sdn02randangan@gmail.com "," "
40500772,"0 ","sdn03randangan2014@gmail.com "," "
40501621," ","sdinp.banuroja@yahoo.co.id "," "
40500827," ","sdn05randangan@yahoo.co.id "," "
40501627," ","sdinp.patuhu@ymail.com "," "
40500807,"- ","sdn07randangan@yahoo.co.id "," "
40500769," ","sdn08randangan@gmail.com "," "
40500725," ","sdn09randangan@yahoo.com "," "
40500749," ","sdn10randangan@gmail.com "," "
40502011," ","sdnmotsel@ymail.com "," "
69827627," ","sdn12randangan@yahoo.co.id "," "
60726877," "," "," "
40500733," ","smpnsaturandangan@yahoo.co.id "," "
40500739,"0 ","smpn2randangan@yahoo.co.id "," "
40501639," ","smpn3randangansatap@gmail.com "," "
40501642," ","smpn4randangansatuatap@gmail.com "," "
69949649," ","smpn5randangansatap@yahoo.com "," "
40503175," "," "," "
40503176," "," "," "
40501649," ","sman1_randangan@yahoo.com ","http://smarandangan.blogspot.com "
69888733," ","smkkesmuhrdgn11@gmail.com "," "
40500743,"08134027544 ","smksalafiyahsyafiiyah@gmail.com ","http://smksalafiyahrandangan.com "
60730196," "," "," "
40500753," ","sdn01patilanggio@yahoo.com "," "
40501620," ","sdn02patilanggio@yahoo.com "," "
40500767," ","jeis.polamolo@gmail.com "," "
40500817," ","yusrin961@gmail.com "," "
40500809," ","sdn05patilanggio@yahoo.com "," "
40501897,"- ","sdn06patilanggio@yahoo.com "," "
69861169," ","citrakaluku94@gmail.com "," "
69830482," ","sdn_08patilanggio@yahoo.com "," "
60726876," "," "," "
69881984," "," "," "
40500731,"- ","smpn1patilanggio@yahoo.com "," "
40501835,"0 ","smpnegri2.patilanggio.satap@gmail.com "," "
40501898,"0 ","smpn3ptlg@yahoo.com "," "
60727353," "," "," "
40502684," ","smkn1patilanggio@yahoo.com "," "
69976550," "," "," "
40500802," ","sdinpres_pancakarsa1@yahoo.co.id "," "
40500803," ","titikmunawaroh627@yahoo.co.id "," "
40500832,"- ","sdn03taluditi@yahoo.co.id "," "
40500818," ","sdn04_taluditi@yahoo.co.id "," "
40501625,"- ","sdinpresmakartijaya@yahoo.com "," "
40500756," ","sdn06taluditi@gmail.com "," "
40501839," ","sdn07taluditi@gmail.com "," "
69755194," ","sdn08taluditi@gmail.com "," "
69819430," ","sdn09taluditi@gmail.com "," "
40500734,"0 ","smpnsatutaluditi@yahoo.co.id "," "
40500740,"0 ","smpn2tldt@gmail.com "," "
40501813,"- "," "," "
69857284," ","smpn4taluditisatap@yahoo.com "," "
40501878,"- ","smk_taluditi@yahoo.co.id ","http://smkn1taluditi.sch.id "
40500748," ","sdn01popbar@gmail.com "," "
40500701,"SDN 02 Popayato Bara ","sdn_dudewulo@yahoo.com "," "
40500771," ","isnain34@gmail.com "," "
40500766,"Tidak ada ","sdn-04popayatobarat@gmail.com "," "
40500833," ","sdinpres_padengo@yahoo.com "," "
40500774," ","sdn06popayatobarat@gmail.com "," "
40501840,"- ","sdnmolosipat_utara@yahoo.com "," "
69773527,"- ","sdkelasjauh.molosipat@yahoo.com "," "
69854141," "," "," "
69726695," "," "," "
69727598," "," "," "
40500738,"- ","smpn1popbar@gmail.com "," "
40501648,"- ","smpn.2popayatobarat@gmail.com "," "
69857278," ","smpntigapopbar@yahoo.co.id "," "
69726442," "," "," "
60727354," "," "," "
69946877," ","sman1popbar18@gmail.com "," "
69726764," "," "," "
40500719,"- ","sdn01popayatotimur@yahoo.com "," "
40500746," ","sdn02poptim@Yahoo.com "," "
40501626," ","sdn03popayatotimur@yahoo.co "," "
40500747,"- "," "," "
40500768," "," "," "
40500773,"- ","sdinptahele@yahoo.com "," "
40500828,"- "," "," "
40500764," ","sdn08poptim@gmail.com "," "
40500770," ","sdn09popayatotimur@gmail.com "," "
69830483," "," "," "
69854142," "," "," "
40500732,"- ","smpn.1poptim@gmail.com "," "
40501899," ","smpn2poptim@yahoo.com "," "
40501923," ","smpn3poptim1233@yahoo.com "," "
69946954," ","smkn1popayato@yahoo.com "," "
40500721," ","sdn01wanggarasi@yahoo.com "," "
40501628," ","sdn02wanggarasi@gmail.com "," "
40500821," ","sdinpres_bukitharapan@yahoo.co.id "," "
40500779," ","sdn04wanggarasi@gmail.com "," "
40500775," ","sdn05wanggarasi@yahoo.com "," "
40500830," ","sdn06wanggarasi2@gmail.com "," "
40500695," ","sdn07wanggarasi@yahoo.com "," "
40502726," ","sdndelapan_wanggarasi@yahoo.co.id "," "
40500735," ","smpnegeri1wanggarasi@yahoo.com "," "
40501643," "," "," "
40501646," ","smpn2wanggarasi@yahoo.com ","http://www.smpn2wgg.com "
69982057," ","smamuhammadiyahpohuwato@gmail.com "," "
40502739," ","smknwanggarasi@yahoo.com ","http://www.smknwanggarasi.com "
40501943," ","sdalkhairaatbuntulia@yahoo.com "," "
40502691,"- ","sditalizzah@yahoo.com "," "
40500699,"- ","sdn_buntulia_utara@yahoo.com "," "
40500702,"0 ","sdn1hulawa@yahoo.co.id "," "
40501636,"- ","sdn03buntulia@yahoo.co.id "," "
40501838," "," "," "
40500826,"- ","415.hp18@gmail.com "," "
40501623,"- ","sdn06buntulia@yahoo.com ","http://sdn06buntulia.mysch.id "
40501622,"- "," "," "
40502010,"- ","hutinosdn@yahoo.com "," "
69774614," ","sdn09_buntulia@yahoo.com "," "
69933962," ","smpit.alizzah@gmail.com "," "
40500741,"- ","smpn1buntulia@yahoo.com "," "
40501909," ","smpn2buntulia@gmail.com "," "
40503173," "," "," "
40502029,"210025 ","sman1.buntulia@gmail.com "," "
60730012," "," "," "
40500711," ","sdnduhiadaa01@gmail.com "," "
40500698,"0 ","sdn02_duhiadaa@yahoo.com "," "
40501634," ","sdn03duhiadaa@yahoo.com "," "
40501618," ","sdn04duhiadaa@yahoo.co.id "," "
40501619," ","sdn05duhiadaa@yahoo.co "," "
40500822," ","sdinpresbulili@yahoo.com "," "
40500825," ","sdn07duhiadaa@yahoo.com "," "
40501638," ","sdn08duhiadaa@yahoo.co.id "," "
69815427," ","melisa_almas@yahoo.com "," "
69986396," "," "," "
40500736," ","smpn01duhiadaa@gmail.com "," "
40501902,"- ","smpniiduhiadaasatap@ymail.com "," "
69753815,"- ","irwantalib62@gmail.com "," "
40502095,"0443210121 ","smkn1.duhiadaa@yahoo.co.id "," "
40500705," ","sdnkarangetang@gmail.com "," "
40500806," ","Wawanmuhsin1@gmail.com "," "
40500751," ","sdn03dengilo@yahoo.co.id "," "
40500801," "," "," "
40500706," "," "," "
40501843," ","sdn06dengilo@gmail.com "," "
69964851," ","sdn07dengilo@yahoo.com "," "
69726694," "," "," "
40500737,"0 ","smpn1dglo@gmail.com "," "
40501644,"0 "," "," "
40502094,"0 ","smk_dengilo@yahoo.co.id ","http://www.smkn1dengilo.sch.com "
40500962,"- ","sdnduatapa@yahoo.co.id "," "
40500857," ","sdn3tapa@gmail.com "," "
40500839,"- ","sdn4tapa_kabbonebolango@yahoo.co.id "," "
40500864," ","sdn5tapa@gmail.com "," "
40500858," ","sdn7_tapa@yahoo.co.id "," "
40500835," ","sdn_6tapa@yahoo.co.id "," "
40501586," ","sdn8Tapa@yahoo.com "," "
40501587," "," "," "
40503171," "," "," "
40500896," ","smanegeri1tapa@gmail.com ","http://sman1tapa.sch.id "
40503122," "," "," "
40500955," "," "," "
40500902," ","endang_kasim@yahoo.co.id "," "
40500925,"0 ","sdn7kabila@gmail.com "," "
40500846,"0 ","sdn1kabila@gmail.com "," "
40500984," ","ucitahmad_sdn10_kbl@yahoo.com "," "
40500994," "," "," "
40500867,"- ","sdn12kabila@gmail.com "," "
40500966," ","sdn13kabila@gmail.com "," "
40500982," ","sdn14kabila@gmail.com "," "
40500899,"0 ","sdn15kabila@gmail.com "," "
40500845,"0435 ","sdn.duakabila@yahoo.com "," "
40500978," ","sdnvkabila@gmail.com "," "
40500838,"- ","irma_abdulrahman@gmail.com "," "
40500908," ","sri.rahayu201235@ymail.com "," "
40500875," ","Sdnsembilankabila@ymail.com "," "
60724172," "," "," "
40500879," ","smpnkabila@yahoo.co.id "," "
69757217," ","smpn2.kabila@yahoo.co.id "," "
69971571," ","smpn3kabila@gmail.com "," "
69976549," "," "," "
40500914,"0435824443 ","sman_kabila@yahoo.co.id ","http://www.sman1kabila.sch.id "
60728802," "," "," "
40500904,"- ","Sdnsuwawa2016@gmail.com "," "
40500988," ","sdn1suwawa@gmail.com "," "
40500969," "," "," "
40500842," ","sdntigasuwawa@yahoo.co.id "," "
40500837,"0 ","haniigirisa@ymail.com "," "
40500927," ","sdn6suwawa@gmail.com "," "
40500923," ","sdn7suwawa.07@gmail.com "," "
40500985," ","hapri_djama@yahoo.com "," "
69964397," "," "," "
40500880," ","smpnsatusuwawa@yahoo.co.id "," "
40500889," ","smpn2suwawa@gmail.com "," "
40501595,"000 ","smpn3sww@yahoo.co.id ","http://smpn3sww.schl.id "
40500897," ","smanegeri1.suwawa@gmail.com ","http://www.smanegeri1.suwawa@gmail.com "
40500912,"04358591740 ","smatwirabhakti@yahoo.co.id ","http://www.smatwb.sch.id "
40500876,"(0435) - ","smkn1suwawa@gmail.com ","http://smkn1suwawa.sch.id/ "
40500989," ","sdnsatubonepantai@gmail.com "," "
40500968," ","sdn2bpbb@gmail.com "," "
40500862," ","sdn3bonepantai@gmail.com "," "
40500868," ","sdn04bonepantai@gmail.com "," "
40500920," ","irawan.muhammad@ymail.com "," "
40500992," ","sdn11bonepantai@gmail.com "," "
40501847," ","adamhusain6@gmail.com "," "
40501846," ","sdn13bonepantai@gmail.com "," "
40500905,"0 ","sdn5bonepantai@gmail.com "," "
40500901," ","fernavandisuhartomooduto@yahoo.co.id "," "
40500906," ","sdn7bonepantai@gmail.com "," "
48500911," ","sdn8bpbb@gmail.com "," "
40500979," ","sdn09bonepantai@gmail.com "," "
60724169," "," "," "
69988772," "," "," "
40500878," "," "," "
40501596," ","smpn2satap.bp@gmail.com "," "
40501831," ","smpn3satapbonpan@gmail.com "," "
69860524," ","abasbalex@gmail.com "," "
40503165," "," "," "
40500913," ","smansabonepantai@gmail.com ","http://www.sman1bonepantai.sch.id "
40500895," ","smkn1_bonepantai@yahoo.co.id ","http://smkn1bonepantai.blogger.com "
40500871," ","sdnsatubulut@gmail.com "," "
40500870," "," "," "
40500910,"- ","sdntiga_bulut79@yahoo.com "," "
40501592,"0 ","sdnbulangoutara4@gmail.com "," "
40501582," ","sdn5bulangoutara@gmail.com "," "
40500919," "," "," "
40500934," ","vickyibrahim93@gmail.com ","http://www.sdn7but@gmail.com "
40500918," ","sdndelapanbulangoutara@yahoo.co.id "," "
40500885," ","smpnegeri1-bulangoutara@yahoo.co.id "," "
40501593," "," "," "
40501819," ","sekolahsmp3satap@gmail.com "," "
40500877," ","smknegeri1bulangoutara@yahoo.co.id ","http://smkn1bulangoutara.sch.id "
69978764,"- ","sd.i.bintangmahardika@gmail.com "," "
40500855," ","sdn1tilkab@gmail.com "," "
40500854," ","sdn2tilkab@gmail.com "," "
40500964,"0 ","sdn3tilongkabila01@gmail.com "," "
40500859," ","sdn4tkbl@gmail.com "," "
40500852,"- ","sdn6tilongkabila@yahoo.co.id ","http://sdn6tilongkabila.blogspot.sg "
40500922," ","sdela1973@gmail.com "," "
40500849," ","Sdn5tilongkabila@yahoo.com "," "
40500909," ","sdn7tilongkabila@gmail.com "," "
40500933," ","sdn09tilongkabila@gmail.com "," "
60724174," "," "," "
40500887," ","smpn1tkbl@yahoo.co.id "," "
40501601," ","smp2sataptkbl@yahoo.com "," "
60727339," "," "," "
40503172," "," "," "
60728785," "," "," "
69991835," "," "," "
40500903," "," "," "
40500874," ","sdn_3botupingge@yahoo.com "," "
40500853," "," "," "
40500977," "," "," "
69881983," "," "," "
40500883," ","smpn1botupingge@yahoo.com "," "
40503167," "," "," "
40501817," ","smknmdlgtlo@yahoo.co.id ","http://smknmodelgorontalo.mysch.id "
60728803," "," "," "
40500974," ","sdn1kabilbone@gmail.com "," "
40501844," ","sdn.10kabilabone@gmail.com "," "
40501845," ","sdnsebelaskabilabone@yahoo.com "," "
40500972," ","sdn2kabilabone123@gmail.com "," "
40500958," ","ridwansengopakaya@yahoo.co.id "," "
40500956,"0 ","sdn4kabilabone4@gmail.com "," "
40500863," "," "," "
40500926," ","kabilabone.sdn.7@gmail.com "," "
40500930," ","sdn8kabilabone01@gmail.com "," "
40500847," "," "," "
40500954,"- ","sdn9kabilabone@gmail.com "," "
60726867," "," "," "
60724173," "," "," "
69979501," "," "," "
40500892," ","smpnegeri1kabilabone@gmail.com "," "
40501594," ","kono.guslan@yahoo.com "," "
40501887,"0 ","smpnsatapkabilbone@gmail.com "," "
40503169," "," "," "
69856944," ","smkkprimautama17@gmail.com "," "
40503121," "," "," "
40500961," ","Sdnsatubone@yahoo.co.id "," "
40500856," ","sdndua_bone@yahoo.co.id "," "
40500959,"0 ","ssdntigabone@ymail.com "," "
40500873," ","sdnempatbone@yahoo.co.id "," "
40500900," ","sdn5bone@yahoo.co.id "," "
40500935," "," "," "
40500917," ","irwannai783@yahoo.com "," "
40500931," ","sdndelapan_bone@yahoo.co.id "," "
40500981," ","www.SdnSembilanBone@gmail.com "," "
60724168," "," "," "
40500882," ","smpsatubone@yahoo.co.id "," "
40501598," ","smpnegeri2satuatapbone@gmail.com "," "
40501886," ","smpn3satapbone@yahoo.co.id "," "
40503164," "," "," "
40501606," ","smanegerisatubone@rocketmail.com ","http://sman1bone.sch.id "
40500965," ","imran_iant@ymail.com "," "
40500860," ","sdn_2boneraya@yahoo.com "," "
40500866," ","sdn03boneraya@yahoo.co.id "," "
40500960," ","sdn04boneraya@gmail.com "," "
40500986," ","sdn.5boneraya@gmail.com "," "
69961301," "," "," "
60724170," "," "," "
40500886," ","smpn1boneraya01@gmail.com "," "
40503166," "," "," "
40502033," ","smkboneraya@rocketmail.com "," "
40500990," ","sdn1bulangoselatan@yahoo.com "," "
40500967,"- ","selfiyanti-djafar@yahoo.com "," "
40500869," "," "," "
40500836," "," "," "
40501581," ","sdn_5bulsel@yahoo.co.id "," "
40501585,"- ","artonyahya@yahoo.co.id "," "
40501584," ","SDN7BULANGOSELATAN@YAHOO.COM "," "
69947075," ","spensa.bulsel@gmail.com "," "
69899890," ","smknegeri_bulangoselatan@yahoo.co.id ","http://www.smkn1bulangoselatan.sch.id "
40500976," ","sdn1bultim@gmail.com "," "
40500970," "," "," "
40500963," ","bultim3sdn@gmail.com "," "
40501583," ","sdnbulangotimur@gmail.com "," "
60728588," "," "," "
40501818," ","smp1bultim@yahoo.co.id "," "
40500881,"0435824810 ","spensa.tapa@gmail.com ","http://www.smpn1tapa.sch.id "
40503168," "," "," "
40501588," "," "," "
40501590," "," "," "
40501589," "," "," "
40501591,"0 ","sdn4bul@yahoo.com "," "
40500932," ","sdn5_bulango_ulu@yahoo.co.id ","http://www.sdn5bul.ulu.com "
40502211," ","sdnenam_bulangoulu@yahoo.com "," "
40500891," "," "," "
40501820," ","smpn2satapbulangoulu@gmail.com "," "
40501880," "," "," "
69899889," ","sman1bulangoulu@gmail.com "," "
40500921," ","Angki.djafar@gmail.com "," "
40500850,"- ","Irsalbiga@gmail.com "," "
40500872," ","sdn2suwawaselatan@gmail.com "," "
40500841," ","sdn3suwawaselatan@yahoo.com "," "
40500843," ","sdn4suwsel@gmail.com "," "
40500915,"xxxx ","smpn1swwsel@gmail.com "," "
40501597," ","smpn2satapswwsltn@yahoo.com "," "
40500840," ","sdnsatu_suwawatimur@yahoo.com "," "
40500907," ","sdn2suwawatimur@gmail.com "," "
40500924," ","Sdn3suwawatimur@yahoo.co.id "," "
40500993,"- ","sdn5_suwawatimur@yahoo.co.id "," "
69990586," "," "," "
40500884,"0 ","www.abdulrahmankiayi@gmail.com "," "
40501599," ","Smpnegerisatapsuwawatimur@gmail.com "," "
69964400," ","smpsatapsutim@gmail.com "," "
40502032,"0 ","sman1swwtimur@gmail.com ","http://smanswwtimur.co.id "
40500975," ","sdn1sww-teng@yahoo.com "," "
40500971," ","sdn2suwawatengah@yahoo.com "," "
40500844," ","agustismail63@gmail.com "," "
40500929," ","sdn05suwawatengah@gmail.com "," "
40501889," "," "," "
40500928," ","zenabanwar28@yahoo.co.id "," "
60726868," "," "," "
69899891," ","smp1suwteng@gmail.com "," "
40503170," "," "," "
40500957,"- ","sdnsatubulawa@gmail.com "," "
40500973,"o ","sdn2bulawa@yahoo.com "," "
40500851,"0 "," "," "
40501892," ","sdn4bulawa@gmail.com "," "
40501881," ","sdn.limabulawa@gmail.com "," "
60724171," "," "," "
40500894," ","mulyaindra41@yahoo.co.id "," "
69964399," "," "," "
40500898," "," "," "
40500983," "," "," "
40500893," ","smpn2suwtim@gmail.com "," "
69877616," ","sman1pinogu@gmail.com ","http://smansapinogu.com "
40500627," ","ocktha_vhita@yahoo.com "," "
40500646," ","ivanpanto17@gmail.com "," "
40501803," ","sdn11anggrek@gmail.com "," "
60729069," ","sdn12_anggrek@yahoo.com "," "
69758287," ","sdn1datahu@yahoo.co.id "," "
69787764," ","sdn_ilohelumaanggrek@yahoo.co.id "," "
69773559," ","dudepobotongo@yahoo.co.id "," "
60729081," "," "," "
40500420," ","SDN_2_ANGGREK@YAHOO.COM "," "
40500359," ","sdn3anggrek@yahoo.com "," "
40500301," ","sdnegeri.4anggrek@gmail.com "," "
40500445," ","sdn05.anggrek@yahoo.co.id "," "
40500263," ","sdn_6anggrek@yahoo.com "," "
40500648," ","sdnegeri7anggrek@yahoo.co.id "," "
40500480," ","sdn8_anggrek@yahoo.com "," "
40501488," ","motilangoanggrek@yahoo.com "," "
60724177," "," "," "
40501812," ","Smpn-enamanggrek@yahoo.co.id "," "
40501876,"- ","smpnegeri.5anggrek@gmail.com "," "
40500389," ","smpnsatuanggrek@yahoo.com "," "
40500393," ","smpnegeri2anggrek@gmail.com "," "
40501532,"0 ","smpn3satapanggrek@yahoo.com ","http://www.smpn4anggrek.net "
40501794," ","smanrek@gmail.com ","http://smansixgorut.sch.id "
40501578,"0435 ","smkn1anggrek@yahoo.co.id "," "
40500598," ","sdnsatu.atinggola@yahoo.com "," "
40500546,"- ","sdnsepuluh.atinggola@yahoo.co.id "," "
40500311," ","yunangpolapa@yahoo.co.id "," "
40500571,"- "," "," "
40500580,"- ","sdntigaimana@yahoo.co.id "," "
40500494," "," "," "
40500662," ","kaida_polapa@yahoo.co.id "," "
60729085," ","atinggola.s@yahoo.com "," "
40502027,"- ","sdn2kotajinutara@gmail.com ","http://40502027.siap.-sekolah.com "
40500280," ","sdnduaatinggola@yahoo.com "," "
40500675," ","sdntiga.atinggola@yahoo.co.id "," "
40500275," ","sdnempat.atinggola@yahoo.co.id "," "
40500517," ","sdn5atinggola@gmail.com "," "
40500329," ","sdn6atinggola@gmail.com "," "
40500432," ","sdntujuh.atinggola@yahoo.co.id "," "
40500342," ","agusalim.dunggio@yahoo.co.id "," "
40500510," ","wilan.uluma@yahoo.co.id "," "
60724178," "," "," "
40501785,"- ","orhyzaky1010@gmail.com "," "
40501874," "," "," "
40502074," ","smpn6atinggola@gmail.com "," "
40500390," ","smpn1.atinggola@yahoo.co.id ","http://www.smpn1atinggola.sch.id "
40501536," ","smpduaatinggola@yahoo.com "," "
40501545,"081340269740 ","smpn3atinggola@gmail.com "," "
60725189," "," "," "
40500448,"0 ","sman3gorut@gmail.com ","http://www.sman3gorut.sch.id "
69961761," ","sdilukmanalhakim@gmail.com "," "
40500596," ","sdn1kwandang@yahoo.com "," "
40500601," ","sdn10kwandang@gmail.com "," "
40501499," ","sdn_moluotiga@yahoo.co.id "," "
40500358,"0 ","Sdn12kwandang@yahoo.co.id "," "
40500279," "," "," "
40500651," ","sdn14kwandang@gmail.com "," "
40501487," ","kwandang15sdn@gmail.com "," "
40500660,"0 ","ALDI.MOHAMAD@YMAIL.COM "," "
40500560,"0 ","friske.basiru@yahoo.com "," "
40500523," ","sdn18kwandang@yahoo.co.id "," "
40500499," ","ulisdunggio@yahoo.com "," "
40500332,"- ","sdnduakwandang@gmail.com "," "
40500505," ","buangabdul12@gmail.com "," "
69760678,"- ","sdn21kwandang@yahoo.com "," "
60729079," ","ifhan.yunus@yahoo.co.id "," "
60729072," ","sdnsatumasuru@yahoo.co.id "," "
60729077," ","sdduaempatkwandang@yahoo.co.id "," "
40500594," ","sdn3kwandang@gmail.com "," "
40500347," ","undur_gaul@yahoo.co.id "," "
40500626," ","sdntitidu@gmail.com "," "
40500338," ","sdn6kwandang@gmail.com "," "
40500312," ","abjul.rusni@yahoo.com "," "
40500607," ","Sdn8_kwd@gmail.com "," "
40500271,"0 "," "," "
69726270," "," "," "
69976547," "," "," "
60724181," "," "," "
60724180," "," "," "
69976551," "," "," "
40500381," ","miftahulhudasmp@yahoo.co.id ","http://www.smpmiftahulhudakwandang01.wordpress.com "
40500387,"04423110923 ","smpmuhammadiyahkwd@gmail.com "," "
40500369," ","smpnsatu_kwandang@yahoo.com "," "
40500411," ","smp.negeri.2.kwandang@gmail.com "," "
40501793,"0 ","smpn7satap@yahoo.co.id "," "
40501546," ","smpn_4kwandang@yahoo.com "," "
40501872," ","smpn8satap_kwandang@yahoo.com "," "
60727344," "," "," "
40500452,"- ","smansagorut@yahoo.co.id ","http://www.smanegeri1gorut.sch.id "
40501795," ","smanligorut@gmail.com "," "
60729084," ","sma7gorontaloutara@yahoo.com "," "
69923430," ","smkkesehatangorut@yahoo.com ","http://smk.kesehatan.muhammadiyah.gorut.go.id "
60728036," "," "," "
40500689," ","sdn1sumalata@gmail.com "," "
60729078," ","sdn10sm@gmail.com "," "
60729075,"0 ","risman.samsi92@gmail.com "," "
60729076," ","yunangsiingke@gmail.com "," "
69827534," ","adolfryo@ymail.com "," "
69943833," ","sdn14sm@gmail.com "," "
40500270,"0 ","sdnduasumalata@yahoo.co.id "," "
40500258," ","sdnegeritigasumalata@gmail.com "," "
40500614,"0 ","sdnegeri4sumalata@gmail.com "," "
40500488,"0 "," "," "
40500547,"0 ","sdn6sumalata@gmail.com "," "
40500572,"0 ","sdn01kikia@gmail.com "," "
40502762,"0 ","puncakmandiri01@gmail.com "," "
40501496,"0 ","timo.ishak@gmail.com ","http://sdn3bulontiotimur-kwd.sch-id.net "
60724182," "," "," "
60726874," "," "," "
40502071,"0 ","smpn4sumalata123456@gmail.com "," "
40501783," ","smpntigasumalata@yahoo.co.id "," "
40501784,"0 ","smpnegeri472@yahoo.com "," "
40500374," ","smpnegerisumalata@yahoo.com "," "
60727346," "," "," "
40500454," ","sman2gorut@gmail.com ","http://sman2gorontaloutara.sch.id "
69827646,"- ","smkn3gorut@gmail.com ","http://smkn3gorontaloutara.blogspot.com "
40501478," ","sdn1toltengah02@gmail.com "," "
40500490," ","pestupes68@gmail.com "," "
40501802," ","sdn2tolinggulaulu@gmail.com "," "
69733874," ","tolinggulasdnduabelas@yahoo.co.id "," "
69773558," ","sdntigabelastolinggula@yahoo.co.id "," "
69830535," ","nurlelatowanastain@gmail.com "," "
69944487," ","sdnlimabelastolinggula@yahoo.co.id "," "
40500462," ","sdn2tolinggula@gmail.com "," "
40500497," ","sdn1tolinggulapantai@yahoo.co.id "," "
40500539," ","sdntolinggula@gmail.com "," "
40500565," ","sdnlimatolinggula@ayhoo.co.id "," "
40500649,"0 ","sdn2_tolpantai@yahoo.com "," "
40500524," ","sdn.limbato@yahoo.co.id "," "
40500535,"0 ","sdn1papualangi@gmail.com "," "
40500562," ","sdnsembilan_tolinggula@yahoo.com "," "
60724183," "," "," "
40501539," ","smpn2tolinggula@gmail.com "," "
40501790," ","lapanda54@yahoo.co.id "," "
40501873," ","smplimatolinggula@yahoo.co.id "," "
40502658," ","smpn8sataptolinggula@gmail.com "," "
40500392," ","smpnegeri1tolinggula@gmail.com "," "
40501530," ","smpn3sataptolinggula@yahoo.co.id "," "
60727347," "," "," "
40501796," ","sman4gorut@gmail.com "," "
40500669," ","sdnsatugentuma@yahoo.co.id "," "
40502028," ","andrizal_hiola@yahoo.com "," "
40500434," "," "," "
40500621," ","sumiyatibakari9@gmail.com "," "
40500340," ","sdn4gentumaraya@yahoo.com "," "
40500541," ","sdn5gentuma@gmail.com "," "
40500351," "," "," "
40500506," ","sdn7gentumaraya@yahoo.com "," "
40500578," ","Narniiaanty@yahoo.co.id "," "
40500559," ","rahmatadjilahu@gmail.com "," "
69995393," "," "," "
60724179," "," "," "
40500407,"0 ","gentuma_raya@yahoo.co.id "," "
40501792,"0 ","smpn3gentuma@gmail.com ","http://smpn3gentuma.com "
40501804," ","smpn3satap@yahoo.com "," "
60729082," ","smpn4gentumaraya@gmail.com "," "
60727342," "," "," "
60727343," "," "," "
40501882," ","smaislamalakhyaar@gmail.com "," "
40502099,"- ","smkn1gentumaraya@gmail.com ","http://smkn2gorontaloutara.sch.id "
60728035," "," "," "
40500690," ","ngabito.nurdin@yahoo.com "," "
40500606," "," "," "
40500323,"0 ","sd.negeri.3.tomilito@gmail.com "," "
40500615,"0 ","sdn2.dambalo@yahoo.com "," "
40500478,"0 ","roysatiawan21@yahoo.com "," "
40501811," ","aping.batel22@gmail.com "," "
40500344," ","sdn2_tanjungkarang@yahoo.com "," "
40500399,"0 ","wartenhairama@yahoo.com "," "
40501791," "," "," "
40502060," ","smp3tomilito@gmail.com "," "
69788500," "," "," "
69827644," ","smkn4gorut@gmail.com "," "
40502101," ","smkstarunabahari@gmail.com ","http://www.smktarunabahari.blogspot.com "
40500592," ","sdn1ponelo@yahoo.com "," "
40500322," ","sdnduaponelo@yahoo.co.id "," "
40501500," ","sdn3ponelokepulauan@yahoo.com "," "
60730227,"(0442)310205 ","sdn_satutihengo@yahoo.com ","http://sdn_satutihengo.com "
69830645," "," "," "
69944784," ","sdn6ponkep@yahoo.com "," "
40500403,"- ","smpnegeri4kwandang@yahoo.co.id "," "
40502663," ","smpnegeri9kwandang_satap@yahoo.co.id "," "
60730229," ","sman8gorut@gmail.com "," "
40500595," ","sdn1monano@yahoo.com "," "
40500468," ","sdn2monano@yahoo.com "," "
40501463," ","sdn1dunu@yahoo.com "," "
40500508," ","fentilatif@yahoo.co.id "," "
40501495," "," "," "
40500313," ","sdn2dunu@ymail.com "," "
40500509,"- ","sdn1.monas@yahoo.com "," "
69733872," ","uharmuksin01@yahoo.com "," "
69733873," ","sdn9monano@gmail.com "," "
60726873," "," "," "
40501540," ","yahyamanderos@yahoo.com "," "
40501786,"0 ","smpn5angg@yahoo.com "," "
40502072," ","smpn3monano@gmail.com "," "
60730228," ","smpn9_anggrek@yahoo.co.id "," "
60727345," "," "," "
60728037," "," "," "
40500283," ","sdnbiau1@gmail.com "," "
40500554," ","normaseri@gmail.com "," "
40500544," ","sdn2biau@yahoo.co.id "," "
69860517," ","sdn4biau@yahoo.co.id "," "
40501801," ","sdn1didingga@yahoo.co.id "," "
69873591," ","sdnenam@gmail.com "," "
69873695," ","nahrul_monoarfa@yahoo.co.id "," "
40500395," ","smp1biau@yahoo.co.id "," "
40501788,"Tidak Ada ","smpnduabiau@yahoo.co.id "," "
69880251," ","smansepuluhgorut@yahoo.co.id ","http://www.sman10gorut.sch.id "
40501810," ","SDNSATUDULUKAPA@YAHOO.COM "," "
40500282," ","sdn02sumalatatimur@gmail.com "," "
40500471," ","sdn3sumalatatimur@yahoo.com "," "
40500617," "," "," "
40500550," ","sdnlima.sumalatatimur@yahoo.com "," "
40500479," ","sdn1deme2@yahoo.com "," "
40500676," ","SDN7SUMALATATIMUR@YAHOO.COM "," "
60729073," ","sdn8sumalatatimur@yahoo.com "," "
60729074," ","sdn09sumalatatimur@gmail.com "," "
40500416," ","smpn1sultim@gmail.com "," "
40501787,"0 ","smpn2sumtim@gmail.com "," "
40502070," ","smpnegeri3sumtim@gmail.com "," "
69827645,"- ","smanegeri9gorut@gmail.com ","http://www.sman9gorut@wordpress.com "
40501348," ","sdn1kotabarat@gmail.com "," "
40501329,"0435 8297248 ","sdnsepuluhgtlo@yahoo.com "," "
40501327," ","sdn11kotabarat@yahoo.com "," "
40501349," ","sdn12kotabarat@gmail.com "," "
40501195," ","kotabaratsdn13@gmail.com "," "
40501350," ","kotabaratsdn14@gmail.com "," "
40501351,"0 ","sdnlimabelas15@gmail.com "," "
40501188," ","santiatyusulu@yahoo.co.id "," "
40501185," ","Sdn17kotabarat@yahoo.com "," "
40501352," ","sdn2kotabarat@gmail.com "," "
40501353," ","sd.3.kotabarat@gmail.com "," "
40501356," "," "," "
40501096," ","sdn5kotabarat@gmail.com "," "
40501087," "," "," "
40501363," ","sdn7kobar@gmail.com ","http://sdn7kotabarat.sch.id "
40501108,"0 ","Sdn08.kotabarat@gmail.com "," "
40501104," ","sdn9kotabarat@yahoo.com "," "
60729424," ","sdintegralhidayatullah.gtlo@yahoo.com ","http://www.sdihidayatullahgtlo.schoolmedia.id "
60724184," "," "," "
60724186," "," "," "
69964646," ","smpit.moos@gmail.com "," "
40501057," ","smpmduagorontalo@yahoo.com "," "
40501078," ","smp14_gorontalo@yahoo.co.id "," "
40501075," ","smpn4.gtlo@gmail.com "," "
60729262," "," "," "
60729263," "," "," "
69982308," ","smait.moos@gmail.com "," "
40501084,"0435823504 ","duagorontalosman@yahoo.co.id ","http://sman2gorontalo.sch.id "
40502652," ","smkn5_bisa@yahoo.co.id ","http://smkn5gorontalo.net "
69849448," "," "," "
40501338,"- ","sdalhuda23@gmail.com "," "
40501337,"(0435) 823049 ","santamariasdkatolik@gmail.com "," "
40501342," ","sd_lab_ung@yahoo.com "," "
40501053,"- ","abdullah.isqak@yahoo.com "," "
40501049," ","sdnkotaselatan29@gmail.com ","http://www.sdn29kotaselatan.sch.id "
40501042," ","sdn30ksgtlo@gmail.com "," "
40501007," ","sdn31kotaselatan@yahoo.co.id "," "
40501354," ","sdn32.kotaselatan@yahoo.co.id "," "
40501355," ","sdn33kotaselatan@gmail.com "," "
40500998," ","sdn34kotaselatan@gmail.com "," "
40501011," ","sdn35kotaselatan@yahoo.co.id "," "
40501020," ","sdn36ktselatan@gmail.com "," "
40501019," ","sdn37kotaselatan@gmail.com "," "
69878013," ","sd.sains.al.irsyad14@gmail.com "," "
60724187," "," "," "
60729151," "," "," "
60729587," "," "," "
40501061," ","edichrist34@gmai.com ","http://www.smpkatoliksantamaria@sch.id "
40501070,"0435823407 ","smpn1ktgtlo@gmail.com "," "
40501077,"0435821945 ","smpnegeri2gorontalo@yahoo.com "," "
40501074," ","smpnegeri5kotagorontalo@ymail.com ","http://smpn5kotagorontalo.sch.id "
40501073,"0 ","smp6gorontalo@gmail.com ","http://www.smp6gorontalo.com "
40501072," ","smpn.7_gorontalo@yahoo.co.id ","http://www.smp7gorontalo.sch.id "
60727348," "," "," "
60727349," "," "," "
40501083,"821455 ","sman3_gorontalo@yahoo.co.id ","http://www.sman3gorontalo.sch.id "
40501102,"827913 ","smamuhammadiyahkotagorontlo@yahoo.com ","http://smamuhammadiyahkotagorontalo.com "
40501101," ","smaprasetya@yahoo.co.id ","http://smaprasetya-gorontalo.sch.id "
40501064,"0435/822489 ","smka2gto@yahoo.co.id ","http://www.smk2gorontalo.sch.id "
40501067,"(0435)821662 ","smkbinatarunagorontalo@gmail.com ","http://www.smkbinatarunagorontalo.ac.id "
40503135," "," "," "
60728804," "," "," "
40501344," ","Sdmuhammadiyah40@gmail.com "," "
40501364," ","sdn100kotautara@gmail.com "," "
40501365," ","sdn101kotautara@gmail.com "," "
40501366,"0 ","kotautarasdn@yahoo.co.id "," "
40501367," ","SDN_103KU@YAHOO.CO.ID ","https://sdn103gtlo.schoolmedia.id "
40501368," ","sdnku104@gmail.com ","https://sdn104gtlo.schoolmedia.id/web/ "
40501369," ","rusdin_jabar@yahoo.co.id "," "
40501370," ","sdn106kotautara@gmail.com "," "
40501371," ","rustamdjafar92@gmail.com "," "
60706085," "," "," "
60725129," "," "," "
60724189," "," "," "
40501069," ","SMP_Muhammadiyahiii@yahoo.co.id "," "
40501080," ","smp-negeriduabelas@yahoo.co.id "," "
60728913," "," "," "
60727350," "," "," "
40501068,"827123 ","sman4gorontalo@yahoo.co.id ","http://sman4gorontalo.sch.id "
60728038," "," "," "
60730013," "," "," "
40501388," ","sdn60kt@gmail.com "," "
40501389," ","sdn61kt@gmail.com "," "
40501390," ","sdn62kotim@gmail.com "," "
40501391," ","sdnegeri.63kotatimur@yahoo.co.id "," "
40501392," ","sdn64kotatimur@gmail.com "," "
40501393," ","sdn65kotatimur65@gmail.com "," "
40501394," ","sdn66kotatimurgtlo@gmail.com "," "
40501395," ","sdn67kotim@gmail.com "," "
40501396,"0435 - 82512 ","sdn68kotim@yahoo.com "," "
40501397,"- ","sdn69kotatimur@gmail.com ","http://sdn69kotatimur.sch.id "
40501398," ","sdn70kotatimur@gmail.com ","http://www.sdn70kotatimur.sch.id "
40501399," ","sdn71kotim@gmail.com "," "
40501400," ","sdn72kotim@gmail.com ","http://www.sdn72kotatimur.sch.id "
40501401," ","sdntujuhtiga@yahoo.co.id "," "
40501402," ","sdn74kotatimur@gmail.com ","http://www.sdn74kotatimur.sch.id "
40501403,"0 ","sdn75kotim@gmail.com "," "
69733877,"0435827914 ","sekolah.alazhar43@gmail.com "," "
60724188," "," "," "
40501058,"0435823407 ","smpmuhammadiyah1gorontalo@yahoo.com "," "
40501081,"0 ","smp11gorontalo@yahoo.com ","http://smpn11gorontalo.sch.id "
69946940," ","sman5gto@gmail.com "," "
40501085,"0435821247 ","smansa51@gmail.com ","http://sman1gorontalo.sch.id "
40501372," ","sdndungingi18@gmail.com ","https://www.sdn18dungingi.sch.id "
40501373," ","sdn19dunging11@gmail.com "," "
40501374,"- ","sdn20dungingi@gmail.com ","http://sdn20dungingi.sch.id "
40501375," ","sdnn21dungingi21@gmail.com "," "
40501376," ","sdn22dg@gmail.com ","http://sdn22dungingi.sch.id "
40501377,"- ","sdn23.dungingi@gmail.com "," "
40501378,"- ","dungingisdn24@gmail.com ","http://www.sdn24dungingi.sch.id "
40501039," ","dungingi.sdn25@gmail.com ","http://sdn25dungingi.sch.id "
40501035,"- ","sdn26dungingi@yahoo.co.id "," "
40501030," ","dungingi27123@gmail.com "," "
60724185," "," "," "
40501082,"0435821108 ","gorontalo.smpnegeri10@gmail.com ","http://www.smpn10kotagorontalo.sch.id "
60729261," "," "," "
40503134," "," "," "
69981276," ","sd_alhijrahgorontalo@yahoo.com "," "
40501404," ","sdn76kotatengah@gmail.com "," "
40501406,"- ","Sdnno78ktg@yahoo.com "," "
40501407," ","sdn79ktg@yahoo.com "," "
40501408,"Tidak Ada ","sdn80koteng@gmail.com "," "
40501409," "," "," "
40501410," ","sdn82kotatengah@gmail.com "," "
40501411," ","sdnno83kotatengah@rocketmail.com "," "
40501412," ","sdn84koteng_gorontalo@yahoo.co.id "," "
40501413," ","sdn85kotatengah@gmail.com "," "
40501414," ","sdn86ktg@gmail.com "," "
40501415," ","sdn87ktg@gmail.com "," "
40501416," ","sekolah_sdn88ktg@yahoo.co.id ","http://www.sdn88kotatengah.sch.id "
40501405,"- ","sdn77koteng@gmail.com ","https://sdn77gtlo.sikad.id "
69727082," "," "," "
60726875," "," "," "
60729150," "," "," "
40501076," ","smpneg3_gorontalo@yahoo.co.id "," "
40501071,"0435823329 ","smpn8gtlo@gmail.com "," "
69949345," ","smktridharma.ung@gmail.com ","http://smk.com "
40501063,"0435-823276 ","stm3_2006@yahoo.co.id ","http://www.smkn3gorontalo.sch.id "
40501062,"0435825293 ","smkn4gorontalo@gmail.com ","http://smkn4gorontalo.sch.id "
40502737,"0435829925 ","smkkesehatangorontalo@gmail.com ","http://smkkesehatangorontalo.sch.id "
40501849,"- ","smk.tirtayasa@yahoo.co.id "," "
40501417," ","sekolahdasar89sipatana@gmail.com "," "
40501418," ","sdnsipatana@yahoo.com "," "
40501419,"0 ","sdn91_sipatana@yahoo.com "," "
40501420," ","sdnsipatana@gmail.com "," "
40501421,"- ","sdn93sipatana@gmail.com "," "
40501422," ","sdn94sipatana@gmail.com "," "
40501423," ","sipatana95@gmail.com "," "
40501424,"0 ","ronalahmad96@gmail.com ","http://sdn96gtlo.schoolmedia.id "
40501425," ","sd97_sip@yahoo.co.id "," "
40501426," ","sdn_98sipatana@yahoo.com "," "
40501427," ","iyamhusain710327@gmail.com "," "
40501079," ","smpnegeri13gtlo@gmail.com "," "
60728779," "," "," "
60725187," "," "," "
40501065,"0435822772 ","smkn1gtlo@yahoo.co.id ","http://www.smkn1gorontalo.sch.id "
60725209," "," "," "
40501379,"- ","sdn50dumboraya@gmail.com "," "
40501094," ","sdn.51.dumboraya@gmail.com "," "
40501380," ","sdn52dumboraya@gmail.com "," "
40501381," ","sdn53dumboraya@gmail.com "," "
40501382," ","sdnno54.dumboraya@yahoo.co.id "," "
40501383," ","sdn55dumboraya@gmail.com "," "
40501384," ","sdn56dumbor@yahoo.com "," "
40501385," ","sdn57dr@gmail.com "," "
40501386," ","sdndumboraya58@gmail.com "," "
40501387," "," "," "
40501056," ","smpneg9gorontalo@gmail.com "," "
40501336," ","sdkristenmaesa15@gmail.com "," "
40501016," ","sdntigadelapan_hulontalangi@yahoo.com ","http://www.sdn38hulontalangi.sch.id "
40501015," ","sdn39hulonthalangi@gmail.com ","http://sdn39hulonthalangi.blogspot.com/ "
40501025," ","sdn40hltg@gmai.com "," "
40501357," ","sdnhulontalangi41@gmail.com "," "
40501358," ","wawansiba7@gmail.com ","http://sdn42hltg.co.id "
40501359,"0 ","sdn43hulontalangi@yahoo.com "," "
40501055,"TIDAK ADA ","sdn44hulontalangi23@gmail.com ","http://www.sdn44hulontalangi.sch.id "
40501360," ","sdn45hulontalangi@gmail.com "," "
40501122," ","sdn46hulontalangi@yahoo.com ","http://www.sdn46hulontalangi.sch.id "
40501361,"0 ","Sdn47.hulontalangi@yahoo.co.id "," "
40501097," ","sdn48hulontalangi@gmail.com "," "
40501362," ","sdn49hulontalangi@gmail.com "," "
40501060," ","smpkristenmaesa@yahoo.com "," "
40501825," ","spenlibels15gorontalo@gmail.com "," "
40502651," ","smpneg16_gorontalo@yahoo.co.id "," "
