NPSN,"Fax ","Email ","Website "
69980941," ","sdkcalisa@gmail.com "," "
11001873," ","sdnsatu.binut@yahoo.co.id "," "
11001880," ","sdn003binut@yahoo.com "," "
11001885," ","sdn004.binut@gmail.com "," "
11001895,"0771-483028 ","sdnlima.bintanutara@yahoo.co.id ","http://www.sdn005bintanutara.sch.id "
11001909,"0 ","sdenam_binut@ymail.com "," "
11001939," ","sdn.008bu@yahoo.com "," "
11001947," ","sd009bintanutara@gmail.com "," "
69984256," ","sdn010bintanutara@gmail.com "," "
11003030," ","sdit.bahterainsani@yahoo.com "," "
11003306," "," "," "
69945652," ","mbsbintanutara@gmail.com ","http://www.mbs-bintan.blogspot.com "
11002241," ","Smpn11bintan@ymail.com "," "
11001994," ","smpn12_bintan@yahoo.com "," "
11002246,"0771-81839 ","smpn13bintan@yahoo.com ","http://www.smp13bintan.sch.id "
69945870," ","smpit.bahterainsani@yahoo.com "," "
40503177," "," "," "
11002256," ","info@sman05bintan.sch.id ","http://www.sman05bintan.sch.id "
11002261,"077181792 ","sma_ykpp@yahoo.co.id ","http://SMA-YKPP.WEBS.COM "
11002262,"0771483323 ","esemkamu@yahoo.com ","http://smkmuhbintan.wordpress.com "
11002263,"0771483426 ","info@smkn1bintan.sch.id ","http://www.smkn1bintan.sch.id "
11002266,"0771 81565 ","smkperkapalan@yahoo.com "," "
69983441," "," "," "
11001881," ","sdn001gunungkijang@gmail.com "," "
11001897," ","sdn002.gunungkijang@yahoo.co.id "," "
11001905,"- ","sdngunungkijangs@yahoo.co.id "," "
11001913,"- ","www.sdntelukdalam@gmail.com "," "
11001915,"0 ","ikookklyhariyadi@gmail.com "," "
11001919,"- ","sdnseikawal@yahoo.com "," "
11001928," ","sdn007gunungkijang@gmail.com "," "
11001933," ","sdn008gunungkijang@gmail.com "," "
69912000," ","sdn009gunungkijang@gmail.com "," "
60706075," "," "," "
11002252," ","SMPN20_BINTAN@yahoo.com "," "
69786967," ","smpn27satap@gmail.com "," "
11001966," ","smpnlima_bintan@yahoo.com "," "
69975794," "," "," "
40503178," "," "," "
11003305," ","smkn3bintan@yahoo.co.id ","http://smkn1gunungkijang.sch.id "
11003307," "," "," "
11001872," ","sd001tambelan@ymail.com "," "
11001877,"0 ","sdn.duatambelan@ymail.com "," "
11001883," ","sdnegeri003.tambelan@gmail.com "," "
11001889," ","sdn_004tambelan@yahoo.com "," "
11001894," ","Sdn005tambelan@yahoo.com "," "
11001899," ","sdn.enamtambelan@yahoo.com "," "
11001903," ","mirzaintambelan@ymail.com "," "
11001964,"- ","smpn14.bintan@gmail.com "," "
40503180," "," "," "
11002258," ","ariswidodo1976@gmail.com ","http://11002258.siap-sekolah.com "
11001869,"0 ","sdn001.telukbintan@yahoo.com "," "
11001878,"0 ","sdn002telukbintan@yahoo.com "," "
11001882," ","telukbintan.sdn003@gmail.com "," "
11001887," ","sdntelukbintan004@yahoo.co.id "," "
11001893,"0 ","andackh@gmail.com "," "
11001898," ","sdn006telukbintan@yahoo.co.id "," "
11001904," ","sdn007tanahmerah@gmail.com "," "
11001906," ","sdn008tb@gmail.com "," "
11001912,"0 ","sdn9mansurtelukbintan@gmail.com "," "
11001917," ","sdn10tlkbintan@gmail.com "," "
11001920," ","muhaiyansc@ymail.com "," "
11001925,"0000000000 ","sdn012telukbintan@yahoo.co.id "," "
11001929,"0 ","sdn013_telukbintan@gmail.com "," "
11001930," ","sdn014telukbintan@yahoo.com "," "
60706076," "," "," "
11002253," ","smpn21satap@gmail.com ","http://sekolah.data.kemdikbud.go.id/index.php/chome/profil/40105FBD-31F5-E011-9BC4-116D6108A5DC "
11001965," ","smpn6bintan@yahoo.com "," "
11001963," ","smpn7bintan@gmail.com "," "
69854747," ","smpn28bintan@yahoo.co.id "," "
40503181," "," "," "
11002259," ","smantigabintan@yahoo.co.id ","http://www.sman1Telukbintan.sch.id "
69963195," ","smanduatelukbintan@gmail.com ","http://smanduatelukbintan.sch.id "
11001902," ","anjanxs@gmail.com "," "
11001916," ","yulizarhajriandi@gmail.com "," "
11001921," ","sdn3.teluksebong@gmail.com "," "
11001923," ","sdn004ts@gmail.com "," "
11001927," ","sdn005teluksebong@gmail.com "," "
11002102," ","sdn006teluksebongbintan@gmail.com ","http://sdnegeri006teluksebong.blogspot.co.id/ "
11001936," ","sdn007_teluksebong@yahoo.co.id "," "
11001945,"0 ","sd_008ts@yahoo.co.id "," "
11001951," ","sdn009berakit@gmail.com "," "
69911998," ","sdn010teluksebong@gmail.com "," "
11002238," ","nelfa@tunasbangsabintan.org "," "
69945474," ","sditharmoni@yahoo.com "," "
60706072," "," "," "
69941354," "," "," "
11001995,"0 ","smpn10bintan@yahoo.co.id ","http://www.smpn10bintan.blogspot.com "
11002485," ","smpn24.bintan@gmail.com "," "
11001969,"- ","smpn8_bintan@yahoo.com "," "
11001967," ","naia_ina@yahoo.com "," "
69901705," ","smptb@tunasbangsabintan.org "," "
40503182," "," "," "
11002260,"0 ","sman1teluksebong@yahoo.com ","http://sman1teluksebong.sch.id "
69974387," ","smatb@tunasbangsabintan.org ","https://smatunasbangsalagoi.blogspot.com/ "
11001871," ","sdn001toapaya@yahoo.com "," "
11001876," ","taty.indrayani81@gmail.com "," "
11001886," ","sdntigatoapaya@yahoo.com "," "
11001892," ","sdn004_tpy@yahoo.com "," "
11001907,"0 ","sdn005toapayacikolek@yahoo.co.id "," "
11001924,"0 ","sd006toapaya@gmail.com ","http://www.sd006toapaya@blogspot.com "
11001962,"0 ","smpn17bintan@gmail.com "," "
69941477," "," "," "
40503183," "," "," "
11002257," ","smansatoapaya@gmail.com ","http://adiwiyatasmanda.blogspot.com "
11003313," "," "," "
11001896," ","sdn001mantang@gmail.com "," "
11001910," ","sdn002mantang@gmail.com "," "
11001934," ","sdn003mantang@gmail.com "," "
11001937,"tidak ada ","sdn004mantang@gmail.com "," "
11002004," ","smpn23mantang@gmail.com "," "
11003028,"0 ","ssmpndualima@yahoo.com "," "
69854725," ","sman1mantang@gmail.com "," "
11001901,"0 ","rayslaode@yahoo.com "," "
11001908,"0 ","sdn002bintanpesisir@gmail.com "," "
11001931,"0 ","sdn.003bintanpesisir@gmail.com "," "
11001946,"- "," "," "
11001949," ","tomitarmizi@gmail.com "," "
11001940,"0000000000 ","sdn.006bp@yahoo.com "," "
11001968," ","smpn18bintan@yahoo.com ","http://www.smpn18bintan.sch.id "
11002001," ","smpn19bintan@yahoo.co.id "," "
11002482," ","smpn22satapmapur@gmail.com "," "
11002484," ","sman7bintan@yahoo.co.id ","http://sman7bintan.com "
69953268," ","sman2binsir@gmail.com ","http://sman2bintanpesisir.mysch.co.id "
69982075," ","gracia.bintan@gmai.com "," "
11001900," ","sdn001.lobam@gmail.com "," "
11001932," ","sdn002skl@ymail.com "," "
11001943," ","sdn003serikualalobam@gmail.com ","http://www.sdn003sklbintan.webs.com "
11001950," ","sdn004skl@ymail.com "," "
11001867,"0 ","sdnlimalobam@yahoo.co.id ","http://sdn005skl.blogspot.com "
11002103," ","006sdnskl@gmail.com "," "
69854721," ","sdn007skl@gmail.com "," "
69945471," ","sdit.annahl@yahoo.com "," "
11001998," ","smpn_15bintan@yahoo.com "," "
11002002,"0 ","bintansmp16@gmail.com "," "
40503179," "," "," "
69873700," ","smkmaritim@yahoo.co.id "," "
69854734," ","smkn4bintan@yahoo.co.id ","http://smkn4bintan.blogspot.com "
11001955,"- ","sdi_alhasanah@yahoo.com "," "
69830522," ","tkia.sdia42bintan@gmail.com "," "
11001874," ","sdn002_bintim@yahoo.com "," "
11001879,"0 ","sdn003_bintim@yahoo.com "," "
11001914," ","sdn006bintantimur@yahoo.co.id ","http://11001914.siap-sekolah.com "
11001918," ","windyaffriadi@gmail.com "," "
11001922," ","sdn.008bintantimur@yahoo.com "," "
11001926," ","sdnegeri009bintim@gmail.com "," "
11001935,"0 ","sdn.010_bintantimur@yahoo.co.id "," "
11001938," ","sdn011.bintim@yahoo.co.id "," "
11001941," ","duabelas_sdn@yahoo.com "," "
11001942," ","nabilfir82nur@gmail.com "," "
11001944,"- ","srijayantimayangsari558@gmail.com "," "
11001948," ","sdn015bintim@yahoo.co.id "," "
11001952," ","sdn016bintim_016@yahoo.com "," "
11001953,"0000000000 ","sdn017bintim@gmail.com "," "
11001954,"0 ","Sdn018bintims@yahoo.com "," "
69978391," ","sdn019bintim@gmail.com "," "
69945648,"0771462849 ","sekolahsurya.kijang@gmail.com "," "
69757369," "," "," "
60706074," "," "," "
60706073," "," "," "
69888770," ","Smpia34bintan@gmail.com "," "
11001991," ","smpn1bintan@gmail.com "," "
11001993," ","smpnegeriduabintan@yahoo.com "," "
69872347," ","smpn26bintan@yahoo.co.id "," "
11001996,"- ","smpnegeritigabintan@yahoo.com "," "
11002003," ","adi_susanto1001@yahoo.com ","http://www.smpn4bintan.sch.id "
11003394," "," "," "
69983268," "," "," "
69888766,"- ","yayasan.nabil@yahoo.co.id ","http://www.alazharbintan.blogspot.com "
11002255,"0 ","smansatubintan@yahoo.co.id ","http://www.sman1bintan.sch.id "
11002481," ","smkndua_bintan@yahoo.co.id ","http://www.smkn2-bintan.sch.id "
11002265,"0771-311014 ","smk_perikanankelautan@yahoo.co.id "," "
11003312," "," "," "
11001004," ","sdn001moro@yahoo.com "," "
11001016,"- ","sdn002moro@gmail.com "," "
11001035," ","sdn003_moro@yahoo.com "," "
11001037,"- ","sdn004moro@gmail.com "," "
11001046," ","sdn_005niurpermai@yahoo.co.id "," "
11001056," ","sulastri_setonggeng@yahoo.com "," "
11001060," ","sdn007rawajaya@yahoo.co.id "," "
11001065," ","sdn008sugie@gmail.com "," "
11001077," ","sdn010selatmie@yahoo.com "," "
11001082," ","sdn011pulaumoro@yahoo.com "," "
11001085," ","nazammuddin70@gmail.com "," "
11000184," ","tigabelas.sdnegeri@yahoo.com "," "
11001088," ","sdn.014.moro@gmail.com "," "
11001090,"- ","sdn015moro@yahoo.com "," "
11001094," ","sdn016sugie@gmail.com "," "
11000168," ","sdn017moro45@gmail.com "," "
11001097,"- ","sdnegeri018moro@gmail.com "," "
11001098," ","sdnegerinolsembilanbelas.moro@gmail.com "," "
11001100," ","sdn020moro@ymail.com "," "
11002488," ","azmansdn_021@yahoo.com "," "
11001108," ","sdsno.009serojamoro@yahoo.com "," "
11000266," "," "," "
11002137," ","nanangpratino@gmail.com "," "
11002140,"- ","smpn04satapmoro@yahoo.co.id "," "
11002141," ","smp5satapmoro@gmail.com "," "
11002142," ","rynaanzelina8990@gmail.com "," "
11002514," ","djunimansugie@yahoo.com "," "
11002515,"0 ","adamsriharyati@yahoo.com "," "
11000208," ","smpn.1moro@yahoo.com "," "
11001142," ","smpn2moro@yahoo.co.id "," "
69989334," "," "," "
40503205," "," "," "
11000224,"- ","sma_moro@yahoo.com ","http://www.sman1moro-sch.id "
11003223," ","smandumoro@ymail.com ","http://00000.com "
11002144,"0779511033 ","smkn1moro@ymail.com ","http://www.smkn1moro.go.id "
11001007," ","sdn001tanjungbatu@gmail.com "," "
11001014,"(0779)431564 ","sdn002tg.batukota@gmail.com "," "
11001022," ","sdn003kundur@gmail.com "," "
11001030," ","Sdn_004kundur@yahoo.com "," "
11001036,"0779 ","sdnfive.kundur@gmail.com "," "
11001043," ","dark_unicorn81@yahoo.co.id ","http://sekolahdasar006kundur.mysch.id "
11001057,"0 ","sdnegeri008@yahoo.com "," "
11001062," ","Sdn009sungaiungar@yahoo.co.id "," "
11001066," ","sdn009kundur.1@gmail.com "," "
11001071," ","sdn010.kundur@gmail.com "," "
11001079," ","sdn011kundur@gmail.com "," "
11001084," ","sdn012kundur@gmail.com "," "
11001086,"0779-431044 ","sdn_013kundur@yahoo.co.id "," "
11001087," ","Sdn016_tanjungbatukota@yahoo.com "," "
11000188," ","sdn015kundur@yahoo.com "," "
11000189," ","sdn016.kundur@gmail.com "," "
11001095," ","sdn017kundur@gmai.com "," "
11000265," "," "," "
69983928," "," "," "
11000267," "," "," "
11000271," "," "," "
11000273," "," "," "
11002513," ","smpn3_satapkundur@yahoo.com "," "
11000207," ","smpn01kundur@gmail.com ","http://www.smpn1kundur.sch.id "
11000210,"0779-21314 ","smp2kundur@yahoo.co.id "," "
40503199," "," "," "
40503200," "," "," "
11000241," ","sman_satu_kundur@yahoo.com ","http://sman1kundur.sch.id "
11002028," ","sman3_kundur@yahoo.co.id ","http://www.sman3kundur.sch.id "
11002031,"0 ","sman5kundur@gmail.com ","http://www.sman5kundur.sch.id "
11000205,"- ","smkbm_kundur@yahoo.com "," "
11003315," "," "," "
11001006," ","sdn001.karimun@gmail.com "," "
11001010,"327371 ","sdn002karimun@gmail.com "," "
11001019,"0 ","sdntigatelukair@yahoo.co.id "," "
11001028," ","sdnempat_tanjungbalai@yahoo.com "," "
11000312," ","muhammadrizli@gmail.com "," "
11001041," ","sdn006_tanjungbalaikarimun@yahoo.co.id "," "
11001047,"- ","sdn007_k@yahoo.co.id "," "
11001059," ","sdn008karimun82@yahoo.com "," "
11000285," ","sdn010karimun@yahoo.co.id "," "
11000287," ","sdnnolsebelastelukairkarimun@yahoo.co.id "," "
11000292," ","sdn012karimun@yahoo.com "," "
11000294," ","sdn_013@yahoo.co.id "," "
11000254," ","sds.santuyusuf59karimun@gmail.com "," "
11001080,"077723461 ","mahabodhi_sd@yahoo.com "," "
11001120," "," "," "
11001121," ","sds016_muhammadiyah_karimun@yahoo.co.id "," "
11002783,"0777-324253 ","sditdarulmukmin@yahoo.com ","http://www.darulmukmin-karimun.com "
11003060," ","yayasan.avicenna@gmail.com "," "
69978221," "," "," "
11000268," "," "," "
11000272," "," "," "
11002139," "," "," "
11000206,"0777-21234 ","smpn1_karimun@yahoo.com "," "
11000209," ","smpn_02_krm@yahoo.co.id "," "
11000220," ","smpn3karimun@gmail.com "," "
11001145,"0 ","smpsmahabodhikarimun@yahoo.com "," "
11001146," ","smpmuhammadiyahkarimun@gmail.com ","http://smpmuhammadiyahkarimun.blogspot.com "
11001147,"0 ","smp_sty@yahoo.co.id "," "
11001148," ","smpsvidyasasana@yahoo.com "," "
69775679," ","smpit_darulmukmin@yahoo.co.id ","http://www.darulmukmin-karimun.sch.id "
40503198," "," "," "
11000223," ","AdmTU_smandaka@yahoo.com "," "
11002033," ","smaswastamahabodhi@yahoo.com ","http://www.smamahabodhi.com "
11002034,"- ","smasantoyusup@yahoo.com ","http://smasty.mysch.id/ "
11003035,"- ","smkvidyasasana@yahoo.co.id ","http://smksvidyasasana-karimun.sch.id/ "
11002145,"326206 ","smkyaspika@yahoo.co.id ","http://smkyaspika.com/ "
11003314," "," "," "
11001003," ","satumerals@yahoo.com "," "
11001008," ","sdn_meral@yahoo.co.id "," "
11001018," ","sdn_003srm@yahoo.co.id "," "
11001026," ","sdn_004meral@yahoo.co.id "," "
11001102," ","sdn_006meral@yahoo.co.id "," "
11001068," ","ekosaputra367@ymail.com "," "
11000291," ","sdn012meralkota@yahoo.co.id "," "
11001078," "," "," "
11001081," ","rahmatul_khairan@yahoo.com "," "
11001101," ","sds005_cahaya_karimun@yahoo.co.id "," "
11000252," ","sds007oel@yahoo.com "," "
11001109,"Tidak Ada ","sdsbinabangsameral@gmail.com "," "
69931730," ","methodistkarimun@yahoo.com "," "
11000270," "," "," "
11001133,"- ","smpn1mk@hotmail.com "," "
11002787," ","smpnegeri2meral@gmail.com "," "
11001149," ","smpn5meralkarimun@gmail.com "," "
60726065," ","smpalhimmah@gmail.com "," "
11002489,"- ","smpsbb2008@gmail.com "," "
40503204," "," "," "
40503203," "," "," "
11002027," ","tu_sman3@yahoo.com ","http://www.sman3-tbk.sch.id "
69881360,"- ","widya_karimun@yahoo.com ","http://www.sekolahwidyabatam.sch.id "
11003316," "," "," "
11001002,"325336 ","sd1kapling@yahoo.com "," "
11001013," ","sdn002_tebing@yahoo.com "," "
11001020," ","sdn003telukuma@ymail.com "," "
11001029," ","sdn004tebing@yahoo.co.id "," "
11001033," ","sdn005_tebing@yahoo.com "," "
11001038," ","sdn_pongkar@yahoo.co.id "," "
11001048," ","sdn007_pamak@yahoo.com "," "
11001061," ","sdn008tebing001@yahoo.com "," "
69786389," ","Sdn011tebingkarimun@gmail.com "," "
11001106,"- ","sds.imanuel@yahoo.com "," "
11002487," ","sdit.cendekia@yahoo.co.id "," "
69964663," ","sd.maitreyawira.karimun@gmail.com "," "
69971299," ","ansfr81@gmail.com "," "
69989138," "," "," "
11003031," "," "," "
11002480," ","smpnsatap_tebing@yahoo.co.id "," "
11001134," ","smpnonetebing@yahoo.com ","http://www.smpnonetebing.wordpress.com "
11001139,"- ","cerdassmpbinaan@yahoo.com "," "
11002138," ","rheandyevanburen@yahoo.co.id "," "
11001144," ","imanuel_smp@yahoo.com "," "
69900135," ","smpit.cendekia.karimun@gmail.com "," "
40503206," "," "," "
11000240,"077721035 ","sman1_karimun@yahoo.co.id "," "
11002029,"7000765 ","SHSBINAAN@gmail.com ","http://www.shsbinaan "
69989323," "," "," "
69864705," ","smkn2karimun@gmail.com ","http://www.smkn2karimun "
11002143,"0811705775 ","smkn1karimun@yaho.co.id ","http://smkn1karimunkepri.com "
69983369," "," "," "
69955661," "," "," "
11000279," ","ryanbae44@yahoo.co.id "," "
11001011," ","sdtghutanburu@yahoo.co.id "," "
11001021," ","hanafihan76@yahoo.co.id "," "
11001025," ","sdnegeri4@gmail.com "," "
11001032," ","SDN.005.BURU@GMAIL.COM "," "
11001042," ","sdn006buru@gmail.com "," "
11001045," ","sdnegeri_tujuhburu@yahoo.com "," "
11001058," ","sdn008buru@gmail.com "," "
11000233," ","sdnegeri9@gmail.com "," "
11001130," ","smpnsatuburu@yahoo.co.id "," "
11001135," ","smpn2burukarimun@yahoo.co.id "," "
11002025,"- ","sman1buru@gmail.com ","http://www.sman1buru.sch.id "
11001005," ","sdn001kuta@gmail.com "," "
11001015," ","sdn002kuta@gmail.com "," "
11001023,"- ","sdnegeri003kundurutara@gmail.com ","http://www.sdnegeri003kundurutara.com "
11001034," ","sdn004kundurutara@gmail.com "," "
11001040," ","sdn005kundurutara@yahoo.com "," "
11001064," ","sdn006kundurutara@gmail.com "," "
11001067," ","sdn010urungbarat@gmail.com "," "
11001072," ","sdn011tanjungberlian@yahoo.co.id "," "
60705644," "," "," "
11001132,"081372583333 ","smpn1kundurutara@gmail.com "," "
11001137," ","smpnegeri2kundurutara@gmail.com "," "
11002493,"- ","Smpn3kundurutara@yahoo.com "," "
40503202," "," "," "
11000221," ","sman2kundur@yahoo.co.id "," "
69960641," ","smknkuta@gmail.com ","http://www.smknkuta-karimun.sch.id "
11001049," ","sdn007.kundurbarat@gmail.com "," "
11000300," ","sdn001kuba@gmail.com ","http://www.sdn001sawangkubasatu@blogspot.com "
11000305," ","sdn002kuba@gmail.com "," "
11001017," ","sdn003swgselatan@gmail.com "," "
11000315," ","sdn004kuba@gmail.com "," "
11001031," ","sdn005gemuruh@gmail.com "," "
11001039," ","sd_negeri006@yahoo.co.id "," "
11001055," ","Sdndelapan_kuba@yahoo.com "," "
11000282," ","sdn009sawanglaut@yahoo.co.id "," "
11000284," ","sdn010gemuruh@gmail.com "," "
11001070," ","sdnnolsebelas_kundurbarat@yahoo.com "," "
11000290," ","sdn012.kundurbarat@gmail.com "," "
11002494," ","sdnegeri013kuba@gmail.com "," "
11001131," ","smpni.kuba@yahoo.com "," "
11001136,"0 ","smpn2kuba@gmail.com "," "
69870907," ","smpntiga_kundurbarat@yahoo.com "," "
11001143," ","smpdarulfurqan@gmail.com ","http://www.darulfurqan.com "
40503201," "," "," "
11002030,"- ","humas_sman4kundur@yahoo.com ","http://www.sman4kundur.sch.id "
11002032," ","smadarulfurqan@gmail.com "," "
11002580," ","smknkundur@gmail.com "," "
69974506," ","smkbinainsan01@gmail.com "," "
69788146," "," "," "
11001009," ","sdn001durai@gmail.com "," "
11001027," ","sdsanglar@yahoo.co.id "," "
11001074," ","sdnegeri003durai@yahoo.co.id "," "
11001091," ","sdn004sandam@gmail.com "," "
11001092," ","sd_negeri-005_durai@yahoo.com "," "
11001099," ","sdn006durai@yahoo.co.id "," "
69786390," ","sdn07durai@gmail.com "," "
11002136," ","smpn.2satapdurai@gmail.com "," "
11002516," ","hendri_hend85@yahoo.co.id "," "
11000211," ","smpn_durai@yahoo.co.id ","http://smpn1durai.edubloqs.org "
40503197," "," "," "
11002026," ","sman1durai@yahoo.co.id "," "
11001052," ","sdn_008pangke@yahoo.com "," "
11001051," ","fadli.jeli@yahoo.com "," "
11001069," ","sdn004meralbarat@gmail.com "," "
11001063," ","sdn.005meralbarat@yahoo.co.id "," "
11001103," ","sdswasta_ptkg@yahoo.co.id "," "
11001138,"0 ","smpn2mrl@yahoo.co.id "," "
11001141,"tidak ada ","smpn2meralbarat@gmail.com "," "
11001044,"- ","sdnnolnoltujuh@yahoo.co.id "," "
11001073," ","sdn002_ungar@yahoo.co.id "," "
11000203," ","sdn3batulimau@gmail.com "," "
11001089," ","sdnegeriempat.ungar@yahoo.co.id "," "
11001093," ","sdn021alai@yahoo.co.id "," "
11001096," ","sdn006ungar@gmail.com "," "
60705670," "," "," "
11002492," ","sdsmpnduasatap.ungar@yahoo.co.id "," "
11000219,"- ","smpn1ungar@yahoo.co.id "," "
11001024," ","sdn004lebuhkuta@gmail.com "," "
11001050," ","sdn002belat@gmail.com "," "
11001053," ","sdntigabelat@yahoo.com "," "
11001075," ","sdn.sungaiasam@yahoo.co.id "," "
11000293," ","sdnegeri005belat@yahoo.co.id "," "
11001083," ","sdn6belat@gmail.com "," "
69786710," ","sdn.sedongkol@gmail.com "," "
11002512," ","smpn2_belat@yahoo.com "," "
11002491," ","smpn3_satapbelat@yahoo.com "," "
11001140," ","ibnusmpn1belat@gmail.com "," "
11002518," ","sman6penarah@gmail.com ","http://negeri6kundur.blogspot.com "
11002363," ","sdn001midai@gmail.com "," "
11001175," ","sdn002@ymail.com "," "
11001185," ","sdn004_midai@yahoo.co.id "," "
11001196," ","sdn005sebelat@yahoo.com "," "
60706078," "," "," "
11000324," ","smpn1midai@yahoo.com "," "
40503193," "," "," "
11002045," ","sman1midai@yahoo.co.id "," "
11003337," "," "," "
11001173," ","sdn002sedanau@yahoo.com "," "
11001314,"0 ","sdn003sedanaubb@gmail.com "," "
11001332," ","sdn004piantengah.ntx@gmail.com "," "
11001375," ","sdn009mekarjaya@gmail.com "," "
11001359," ","mukhsinbinjai@yahoo.co.id "," "
11001161," ","sdnegeri001sedanau@gmail.com "," "
11001341," ","sdn006sedanau@gmail.com "," "
11001347," ","sedanausdn006@gmail.com "," "
11001353,"0 ","sdn008selautnatuna@gmail.com "," "
11001380," ","sdn015segeram@yahoo.co.id "," "
11002503," ","smpnsatppiantengah2017@gmail.com "," "
69980325," ","smpn3satapbb@gmail.com "," "
11000318," ","smpnegeri1bunguranbarat@gmail.com ","http://www.smpn1bb.blogspot.com "
40503184," "," "," "
40503185," "," "," "
40503187," "," "," "
40503186," "," "," "
11002042," ","sman1bbsdn@gmail.com "," "
11002450," ","sman2bunguranbarat.ntn@gmail.com "," "
11000320," ","smkn1bunguranbarat@ymail.com "," "
11003175," ","smkn2bbr@gmail.com ","http://smkn2bungbarat.sch.id "
11003335," "," "," "
11003308," "," "," "
69980322," ","sditanshor_natuna@yahoo.com "," "
11001308," ","sdn004ranaiismail@gmail.com "," "
11002764," ","sdpuak@gmail.com "," "
11001160," ","sdn001ranai@gmail.com "," "
11001172,"077331338 ","sdn002ranai@gmail.com "," "
11001190,"0 ","sdn003su@gmail.com "," "
11001350," ","sdn006bandarsyah@gmail.com "," "
11001357,"- ","sdn007ranai@yahoo.co.id "," "
11001368," ","kardiyonoo@gmail.com "," "
11001378," ","sdn009airraya@yahoo.com "," "
11001383," "," "," "
69964075," ","sdn012ranai@gmail.com "," "
11001326," ","sdnsepempang@gmail.com "," "
60706077," "," "," "
11000317," ","smpn1.bungtim@gmail.com ","http://smpn1bungurantimur.sch.id "
69893913," ","smp_bp_nuruljannah@yahoo.com "," "
11002054,"- ","smpn2.bungtimur@gmail.com ","https://smpn2btbungurantimur.mysch.id "
11002498," ","smpn3bungurantimur@gmail.com "," "
40503190," "," "," "
11000322,"31210 ","smansa_bungurantimur@yahoo.co.id ","http://www.smansabungurantimur.sch.id "
11002049," ","sman2b.timur@gmail.com ","http://www.sman2bungtimblogspot.com "
69927141," ","smkmigas.yitnatuna@gmail.com ","http://www.smkmigasnatuna.blogspot.co.id "
69988626," "," "," "
11002052,"0773-3211914 ","smkn1bt@gmail.com ","http://www.smkn1natuna.sch.id "
69855657," ","smkyapn@gmail.com ","http://www.smkpwnatuna.sch.id "
11000319," ","smkypmn@yahoo.co.id "," "
11003336," "," "," "
11001165," ","sdn002.airsekain@gmail.com "," "
11001191,"- ","sdn003tanjungbalau@gmail.com "," "
11001197," ","sdn004.jermalik@gmail.com "," "
11001311," ","sdn.005_genting@yahoo.com "," "
11001328,"- ","sdnserasan@gmail.com "," "
11002364," ","sd001_pelimpak@yahoo.com "," "
11001316," ","sdn006.batuberian@gmail.com "," "
11000325,"- ","smpn01.serasan@gmail.com "," "
69978814," ","smpn2satap.serasan18@gmail.com "," "
69978813," "," "," "
40503196," "," "," "
11002047," ","sman_1serasan@yahoo.co.id "," "
11001186," ","rinsan64@yahoo.com "," "
11001162," ","Sdn001subi@yahoo.co.id "," "
11002509," ","sdn002.subi@gmail.com "," "
11001181," ","sdnsubi_03@yahoo.com "," "
11001198," ","sdn005subi@gmail.com "," "
11002057," ","smpnsatappulaupanjang@gmail.com "," "
11001399,"- ","smpn1subi@gmail.com "," "
11002048," ","smansa.subi@yahoo.co.id "," "
11002358,"0 ","sdn001kelarik.ntx@gmail.com "," "
11001168," ","sdn002kelarik@gmail.com "," "
11001178,"0 ","sdn003kelarik@gmail.com "," "
11001189," ","sdn004seluan@gmail.com "," "
11001302," ","zulhizar@gmail.com "," "
11001396," ","muslim1779@gmail.com ","http://smpn1buntara.blogspot.com "
11002508," ","donal.ntx@gmail.com "," "
69978868," ","smpn3satapbu@gmail.com "," "
40503192," "," "," "
11002043," ","agusjayaningrat.ntx@gmail.com ","http://sman1bunguranutara.mysch.id/ "
69977404," ","smaseluan@gmail.com "," "
11002448,"belum ada ","sdn001plaut@gmail.com "," "
11001177," ","sdn003kadur@yahoo.com "," "
11001174," ","sdn002tanjungpala@yahoo.co.id "," "
11001398," ","maya_kipmath07@yahoo.com "," "
40503194," "," "," "
11002051," ","smansapulalaut@gmail.com "," "
11001192," ","sdntgbatang@ymail.com "," "
11001300," ","sdn.003@yahoo.com "," "
11001304," ","sdn004.balai@gmail.com "," "
11001327," ","sd006@yahoo.com "," "
11001405," ","ahmadrafik1980@gmail.com "," "
69941478," "," "," "
40503195," "," "," "
11002050," ","smansatupltiga@yahoo.co.id ","http://smanp3.com "
69941638," "," "," "
11001182," ","sdsatutanjung@yahoo.com "," "
11001312," ","aziantopulau7@gmail.com "," "
11001319," ","supardi.ntn15@gmail.com ","http://sdn003.ntn@mail.co.id "
11001335," ","sdn004ceruk@yahoo.com "," "
11001381," ","sdn006selemam@yahoo.com "," "
11001382," ","syaripudin975@yahoo.com "," "
11001372," ","sdn005limaumanis@yahoo.co.id "," "
11001403,"0 ","smpn1_bungurantimurlaut@ymail.com "," "
11002055," ","pengadahsmpnsatap@gmail.com "," "
40503191," "," "," "
11002778,"- ","sman1btl_tanjung@yahoo.com ","http://sman1btl.sch.id "
69974105," ","smkn1bungurantimurlaut@gmail.com "," "
11001360,"0 ","syamsul_1192@yahoo.com "," "
11001370," ","ing_it@ymail.com "," "
11001365," ","sdntapau@gmail.com "," "
11000329,"- ","smpn1bte@gmail.com "," "
40503189," "," "," "
69762629," ","smansatubungurantengah@yahoo.co.id ","http://www.sman1bungurantengah.sch.id "
11001195," ","sdn001cemaga@yahoo.com "," "
11001330," ","sdn002batubayan@gmai.com "," "
11001345," ","arifin003singgangbulan@gmail.com "," "
11001346," ","mikunsdn004@gmail.com "," "
11001384," ","sdn006telukdepih@gmail.com "," "
11001376," ","sdn005setengar@gmail.com "," "
11001404," ","smpn1bunguranselatan@gmail.com ","http://www.smpn1bungsel.com "
69978815," ","smpn2satap.busel@yahoo.com "," "
40503188," "," "," "
11002499,"- ","Sman1bunguranselatan@gmail.com "," "
11001303," ","sdn002airnusa@gmail.com "," "
11001325,"- ","sd003.payak@gmail.com "," "
69893603," ","sd004.airringau@gmail.com "," "
11001176,"- ","sd001arungayam.santi@gmail.com "," "
11002053,"- ","smpn1serasantimur@gmail.com "," "
11003053," ","sman1.santi24@gmail.com "," "
11001338," ","sdn001sedanautimur@gmail.com "," "
11001369," ","sdn011sp2gnputri@gmail.com "," "
11001371," ","sdn012trans@gmail.com "," "
11001374," ","sd013_trans1@yahoo.com "," "
11001366," ","sdn010@yahoo.com "," "
11000328," ","smpn2_bb@yahoo.co.id "," "
11001321," ","joyhadi59@gmail.com "," "
11001358," ","sdn.007@yahoo.co.id "," "
11001183,"- ","sdsatupultibar@gmail.com "," "
11001402,"0 ","smpnsatupltiga@yahoo.com "," "
11001167," ","kepsekgo@gmail.com "," "
11001305," "," "," "
69831591," ","sditinsancendekia@yahoo.com ","http://sditiclingga.sch.id "
11001408," ","sdn001singkep@yahoo.co.id "," "
11001412,"- ","sdn02singkep@gmail.com "," "
11001416,"0 ","sd3_singkep@yahoo.com "," "
11001420,"- ","sdn004.singkep@gmail.com "," "
11001424,"- ","sdnegeri005singkep@yahoo.co.id ","http://sdn005singkep.blogspot.com/ "
11001427," ","sdn006singkep@gmail.com "," "
11001448," ","sdn011singkep@gmail.com "," "
11001452," ","sdnegeri008singkep@gmail.com ","http://infosdn008singkep.blogspot.co.id/ "
11001457,"0 ","sdn009sin9kep@gmail.com ","http://www.sdn009singkep.blogspot.com "
11001461," ","sdn014singkep@yahoo.co.id "," "
11001473,"- ","antesdn017singkep@gmail.com "," "
11001477," ","sdn018singkep@yahoo.co.id "," "
11001483,"- ","sdn020singkep@gmail.com "," "
11001489,"0 ","sdnegeri014kec.singkep@gmail.com "," "
60706092," "," "," "
11001521,"TIDAK ADA ","smpn-01singkep@yahoo.co.id "," "
11001526," ","smpn2singkep78@gmail.com "," "
69984162," ","smpitinsancendekiadabo@gmail.com "," "
40503209," "," "," "
11002070," ","smansa.singkep2018@gmail.com ","http://sman1singkep.sch.id "
11002072," ","sman2singkep@gmail.com ","http://sman2singkep.sch.id "
69968697," ","smasbaitulquran@outlook.com ","http://www.baitulquran-ponpes.com "
11002074,"0776 21712 ","smkmahardikasingkep99@gmail.com "," "
11002814,"(0776) 322206 ","smkn1_singkep@yahoo.co.id "," "
11003334," "," "," "
11001406," ","sdn001lingga@yahoo.com "," "
11001433," ","sdnegeri002kec.lingga@gmail.com "," "
11001446,"- ","iswandiandi29@gmail.com "," "
11001450," ","sdn012lingga@yahoo.co.id "," "
11001459," ","sdn005.lingga.kelumu@gmail.com "," "
11001467," ","sdn006linggamerawang@gmail.com "," "
11001481," ","sdn020lingga@yahoo.com "," "
11001487," "," "," "
11001493," ","sdn024lingga@gmail.com "," "
11001495," ","sdnegeri010lingga019@gmail.com "," "
11001498," ","sdnegeri027linggadapodik@gmail.com "," "
11001501," ","sdn030_lingga@yahoo.co.id "," "
11001507," ","sdn013lingga@gmail.com "," "
11001512,"0 ","musai_041@yahoo.com "," "
11002592," ","sdn042lingga@yahoo.com "," "
11002593,"-- ","samsutadjeri@gmail.com "," "
11002808," ","Sdn017keclingga@gmail.com "," "
60730364," ","sdn049lingga@ymail.com "," "
60730365," ","sdn019linggatembok@gmail.com "," "
69788007,"- ","sdpusakabangsa@yahoo.com "," "
69954988," ","dpd_lingga@hidayatullah.or.id "," "
69988237," "," "," "
11001518," ","smpn1lingga@yahoo.co.id "," "
60730342,"0 ","smpn2linggamusai@gmail.com "," "
60730343," ","smpn3lingga@gmail.com "," "
69788008," ","smpn8lingga@gmail.com "," "
11002811," ","smpn5lingga@gmail.com "," "
40503207," "," "," "
11002067,"- ","smanravi5@gmail.com ","http://sman1lingga.sch.id "
60725422," ","smkn2lingga@yahoo.co.id "," "
11003332," "," "," "
11001411," ","sdnegeri002senayang@gmail.com "," "
11001415," ","sdntigamamut_senayang@yahoo.co.id "," "
11001430," ","sdnegeri007senayang@gmail.com "," "
11001460,"- ","sdn_014sny@yahoo.com "," "
11001476," ","sdn018_senayang@yahoo.com "," "
11001479," ","sdn019sny@yahoo.co.id "," "
11001482," ","sdn020senayang@yahoo.co.id "," "
11001485," ","sdn021_senayang@yahoo.com "," "
11001488,"- ","sdn_022sny@Yahoo.co "," "
11001491," ","sdn023senayang@gmail.com "," "
11002803," ","SDN_032_senayang@yahoo.co.id "," "
11001513," ","sdcarolus_senayang@yahoo.com "," "
60706091," "," "," "
11001520," ","smpnegeri1senayang@gmail.com ","http://smpnegerisatusenayang.mysch.id "
11002608," ","smpn_8sny@yahoo.com "," "
40503208," "," "," "
11002069," ","smansa.senayang@gmail.com "," "
11002073," ","smknsenayang@ymail.com ","http://smknsenayang.blogspot.com "
11001409,"- ","sdn01sibar@gmail.com "," "
11001413,"0 ","sd2kualaraya@gmail.com "," "
11001417," ","sdn003_sibar@yahoo.co.id "," "
11001421," ","sdn.004singkepbarat@yahoo.co.id "," "
11001425,"- ","sdn005sibar@gmail.com "," "
11001432,"0 ","sdn006sb@gmail.com "," "
11001436," ","sdn008.singkepbarat@gmail.com "," "
11001440,"0 ","sdnegeri009sibar@gmail.com "," "
11001445," ","010.sibar.jgh@gmail.com ","http://sdn010sibar.blogspot.com "
11001458," ","sdcukassingbar@gmail.com "," "
11001466," ","sdn015langkap@yahoo.com "," "
11001474," ","sdn012bukitbelah@gmail.com "," "
11002594," ","sdn019sibar@gmail.com "," "
60730367,"- ","sdn020singkepbarat@yahoo.co.id "," "
11001522,"- ","smpn1singkepbarat@gmail.com "," "
11002597,"0 ","alismp2sibar@gmail.com "," "
11002598,"0 ","smpnsingkepbarat3@yahoo.co.id "," "
11002812," ","smpnegeri4singkepbarat@yahoo.co.id "," "
11002071,"0 ","smansa_singbar@yahoo.co.id ","http://smansa.singbar "
11001410," ","sdn002resun@gmail.com "," "
11001414,"0 ","sdnegeri002linggautara@gmail.com "," "
11001429," ","sdn007lingga@gmail.com "," "
11001441," ","sdn010linggalingga@yahoo.com "," "
11001454," ","sdn005linggautara@gmail.com ","http://sdn005linggautara.mysch.id/ "
11002065," ","sdn006lundanglinggut@gmail.com "," "
11001471," ","zikmen999@gmail.com "," "
11001475," ","sdn008linggut@gmail.com "," "
11001484," ","sdn021linggut@yahoo.com "," "
11001497,"Tidak ada ","sdn010linggut@gmail.com "," "
11001499," ","ikhsanmuhammad283@yahoo.com "," "
11001500," ","sdn012linggautara@gmail.com "," "
11001502," ","sdn031_linggut@yahoo.com "," "
11001508,"0 ","sdn_037@yahoo.com "," "
11001509," ","sdnegeri015linggautara@gmail.com "," "
60730366,"0 ","sdn_047@yahoo.com "," "
69788010," ","sdn048lingga@yahoo.com "," "
11001523," ","smpn2lingga1984@gmail.com "," "
11002603," ","smpn3_linggut@yahoo.com "," "
11002613,"0 ","smpn_2sataplinggut@yahoo.co.id "," "
11002609," ","smpn4sataplinggut@yahoo.com "," "
11002068," ","Sman1_linggut@yahoo.co.id "," "
11001431," ","sdn007singkep@outlook.com "," "
11001435," ","sdn008singkep@yahoo.co.id "," "
11001439," ","sdkote@ymail.com "," "
11001486," ","sd021singkep@gmail.com "," "
11001492," ","ssingkep@yahoo.com ","http://www.sdn005spsedamai.blogspot.com "
11001529," ","smpn3.singkep@gmail.com "," "
69949018," ","smpn.2singkeppesisir@gmail.com "," "
69979502," "," "," "
11001443," ","marokkecil.sdn010@gmail.com "," "
11001465," ","sdno15_singkep@yahoo.co.id "," "
11001469," ","sdn.singkep.016@gmail.com "," "
11001480," ","sdn019singkep@gmail.com "," "
11002798,"- ","sdn024singkep@gmail.com "," "
60730344," ","smpn1singkepselatan@gmail.com "," "
11002602," ","smpn4.satapsingkep@gmail.com "," "
69965911," ","sman1.singkepselatan@gmail.com "," "
11001418," ","Sdn001linggatimur@gmail.com "," "
11001422," ","siswardi005lingga@gmail.com "," "
11001478," ","sdn019.lingga@gmail.com "," "
11001490,"- ","sdn004.linggatimur@gmail.com ","http://www.sdn004linggatimur.blogspot.com "
11001503," ","afiatiqbaloke@gmail.com "," "
11001505," ","sdn034lingga@gmail.com "," "
11001510,"0 ","sdn039.lingga@gmail.com "," "
11001511," ","sdn040lingga@gmail.com "," "
69895382," ","sditibnuhajarasqalani@gmail.com "," "
11001527,"0 ","smpn3_lingga@yahoo.co.id "," "
11002605," ","smpn5lingga@yahoo.co.id "," "
11003246,"0 ","sman2kablingga@gmail.com ","http://sman2lingga.sch.id "
11003241," ","smkn1lingga@ymail.com "," "
11001437," ","sdn009.lingga@yahoo.co.id "," "
11001463," ","nattausma@yahoo.co.id "," "
11001504," ","poetzsadewa@gmail.com "," "
11001506," ","sdn035lingga@ymail.com "," "
11002809," "," "," "
60730363," ","sdn046.lingga@yahoo.com "," "
11001530," ","otong_asyhari@yahoo.com "," "
11003243," ","sman3_lingga@yahoo.co.id ","https://smantilingga.wordpress.com/ "
11001428," ","educt_006sb@yahoo.co.id "," "
11001449,"0776322300 ","sdn002kepulauanposek@gmail.com "," "
11001453," ","sdn012sb@gmail.com "," "
11001462," ","sdn.004kepulauanposek@gmail.com "," "
11001470," ","sdn005kepos14@gmail.com "," "
11002066," ","sdn018singbar@gmail.com "," "
11002810," ","smpn1kepulauanposekkplupanjang_@gmail.com "," "
11002601," ","smpn2kepulauanposek@gmail.com "," "
69980031," "," "," "
11001407," ","sdn1rejai@yahoo.com "," "
11001423," ","sdn005senayang@yahoo.co.id "," "
11001442," ","sdn010senayangBB@gmail.com "," "
11001451," ","sdn012_senayang@yahoo.com ","http://www.sdntanjungkelitsny@gmail.com "
11001455," ","sdn013senayang@yahoo.com "," "
11001468," ","sdn016senayangbuyu@yahoo.co.id "," "
11001472," ","tanjunglipatsdn017sny@yahoo.co.id "," "
11002799," ","sdn029senayang@ymail.com "," "
11002802," ","sdn_031senayang@yahoo.com "," "
11002806,"- ","sifa_natuna77@gmail.com "," "
60730368," ","sdn037_senayang@yahoo.com "," "
60730369," ","sdn038sny@gmail.com "," "
11002610," ","smpn_9sny@yahoo.co.id "," "
11002611,"0 ","smpn12sny@gmail.com "," "
11001525," ","smpn.rejai@yahoo.com "," "
11001532,"0 ","smpnegeri5satapsenayang@yahoo.co.id "," "
11002606," ","smpn8senayangtgkelit@gmail.com "," "
11003247," ","smantigarejai@yahoo.co.id ","https://smantisenayang.sch.id "
11001419," ","sdn004_senayang@yahoo.com "," "
11001438," ","senayangsdn009@yahoo.com "," "
11001494," ","sdn024senayang@yahoo.com "," "
11002595," ","sdn027senayang@yahoo.com "," "
11002596,"- ","sdn028snyng@yahoo.co.id "," "
11002801," ","sdn_030senayang@yahoo.com "," "
11001528,"- ","smpnegeri3senayang2014@yahoo.com "," "
60725467,"- ","darwiscool608@yahoo.com ","http://sman4senayang.blogspot.com "
11001426,"- ","alongsatria@gmail.com "," "
11001434," ","sdn_008sny@yahoo.co.id "," "
11001447," ","sdn_011sny@yahoo.com "," "
11001464,"- ","sdn015senayang@yahoo.com "," "
11001496,"- ","sdn_025sny@yahoo.com "," "
11002614," ","sdn_026sny@yahoo.com "," "
11002804," ","sd033nopongsenayang@gmail.com "," "
11002805," ","sdn034sny@gmail.com "," "
11002807,"- ","sdn036senayang@yahoo.com "," "
60730345," ","smpn4senayang@yahoo.com "," "
60730346," ","jerrysyahputra05@gmail.com "," "
11001531," ","bayusmpn4satapsny@gmail.com "," "
11002607," ","smpnegerisembilansenayang@yahoo.com "," "
11001517," ","smpsypnmensanak@gmai.com "," "
11002813," ","sman2senayang@yahoo.com "," "
11003333," "," "," "
11002362," ","sdn001letung@gmail.com "," "
11001179," ","sdn002keramut@gmail.com "," "
11001188," ","sdn003rewak@yahoo.com "," "
11001199,"- ","sdn004mampok@yahoo.co.id "," "
11001313," ","sdn5letung@gmail.com "," "
11001317," ","SDN006IMPOL@GMAIL.COM "," "
11001322," ","sdn007lembahrewak@gmail.com "," "
11001336,"0 ","sdn008letung@gmail.com "," "
11001340," ","sdn009pdarak@gmail.com "," "
11001348," ","sdn010sunggak@gmail.com "," "
69787047," ","sdn011airbiru@gmail.com "," "
69787045," ","sdn012landak@gmail.com "," "
11000323," ","jemaja1smpn@gmail.com "," "
69734127," ","smpn2sunggak@yahoo.com "," "
69911390," ","smpn3rewak@gmail.com "," "
69853211," "," "," "
11002044," ","sma1jemaja@gmail.com ","http://www.sman1jemaja.sch.id "
69827792," "," "," "
11001169," ","sdn001_kualamaras@yahoo.co.id ","http://www.kualemarasjemajetimur.wordpress.com "
11001309," ","sdn002ulumaras@gmail.com "," "
11001351," ","sdn003bukitpadi@gmail.com "," "
11003252," ","sdn004_gentingpulur@yahoo.com "," "
11001400," ","smpn1jemajatimur@gmail.com "," "
69859733," ","smkn3anambas@gmail.com "," "
69980056," ","sdtqinsanutama.kka@gmail.com ","http://www.insanutama.sch.id "
11001164," ","sdn001.tarempa.anambas@gmail.com "," "
11001301," ","astrirahmayani@gmail.com "," "
11001344," ","sdn003.tarempa@gmail.com "," "
11001315,"077231615 ","sdn004.bukittambun@gmail.com "," "
11001329,"0 ","sdn005antang@gmail.com "," "
11001349," "," "," "
11001361," ","tuti@yahoo.com "," "
11001363," ","sdn008dusun@gmil.com "," "
69787022," ","sd009rekam@gmail.com "," "
60725110," ","- "," "
69734124," ","khairaummah.smp@gmail.com ","http://www.khairaummah.or.id "
11000326," ","smpn1siantan@yahoo.co.id "," "
11000330,"(0772)31410 ","smpn2siantan@gmail.com "," "
11002504," ","smpnegeri3sedak@gmail.com "," "
11003257," ","smpnsatapdusun@gmail.com "," "
69734125," ","smpn5batutambun@yahoo.co.id "," "
11001391," "," "," "
11000321," ","sman01@siantan.com ","http://sman1siantan.sch.id "
69812113," "," "," "
11001163," ","sdnegeri001ladan@gmail.com "," "
11001180," ","sdn02piasan@gmail.com "," "
11001187," ","sdn003@putikgmail.com "," "
11001194," ","sdn04bayat@gmail.com "," "
11001307," ","sdn005payalaman@gmail.com "," "
11001320," ","sdn006piabung@gmail.com "," "
11001323," ","sdnegeri007.matak@yahoo.co.id "," "
11001331,"0 ","sdn008_langir81@yahoo.com "," "
11001337," ","sdnpalah@gmail.com "," "
11001339," ","sdn010.pianpasir@gmail.com "," "
69821190,"- ","sdn011candi@gmail.com "," "
11001354," ","sdn012tebang@gmail.com "," "
11001367," ","sdn13belibak@gmail.com "," "
11002447,"0 ","sdn014batuampar@gmail.com "," "
11001385," ","sdntelukdurian@gmail.com "," "
69856267," ","sdn016muburkecil@yahoo.com "," "
69941355," "," "," "
11001397,"0 ","smpn1palmatak@gmail.com ","http://www.smpn1palmatak.sch.id "
11002511," ","smpn2palmatak@gmail.com "," "
11002056," ","smpnpiabung@gmail.com "," "
11002058," ","smpn4.satap.putik@gmail.com "," "
69963963," ","smp5bayat@gmail.com "," "
69757458," "," "," "
11002046," ","smansapalmatak@yahoo.co.id ","http://www.smansapalmatak.sch.id "
69859728," ","sman2palmatak@yahoo.co.id "," "
69812114," "," "," "
69821187," ","sdn001telaga@yahoo.com "," "
11001306," ","sdn002kiabu@gmail.com "," "
11001324," ","ignasiusabi@yahoo.co.id "," "
11001352," ","sdn004genting@gmail.com "," "
11001356," ","sdn005lingai@gmail.com "," "
11001377," ","sdn.006telagakecil@gmail.com "," "
11003253," ","hairianambas@gmail.com "," "
69734123," ","sdn008harunghijau@gmail.com "," "
69733797," "," "," "
11003023," ","smpn1kiabu@yahoo.com "," "
11002507," ","smpn2mengkait@yahoo.com "," "
11003259," ","smpnsataptelaga@gmail.com "," "
11003258," ","denippsuny@gmail.com "," "
69856269," ","smpn5harunghijau@gmail.com "," "
69912913," ","smpn6lingaisatap@gmail.com "," "
69973863," ","smkn4.anambas@gmail.com "," "
11001171," "," "," "
69821189," ","sdnegeri002munjan@gmail.com "," "
11001334," ","sdnegeri003.airputih@gmail.com "," "
11001342,"0 ","sdn004serat@gmail.com "," "
11001373," ","sdntemburun@gmail.com "," "
11001379," ","sdn006batubelah@gmail.com "," "
11003255," ","sdn007etang11003255@gmail.com "," "
11001318," ","sdn008penebung@gmail.com "," "
69787046," ","sdn09nokok@gmail.com "," "
69856266," ","sdn010.luap@outlook.com "," "
11000331," ","smpnegeri1siantantimur@gmail.com ","http://smpnegeri1siantantimur.go.id "
11002505," ","smpn2batubelah@gmail.com "," "
69856270," ","smpn3munjan@gmail.com "," "
11002506," ","sman1_siti@yahoo.co.id "," "
11001166," ","sdn001airasuk@gmail.com "," "
69821188," ","sdn002airnangak@yahoo.co.id "," "
11001310," ","tarajied@gmail.com "," "
11001362," ","sdnteluksuntingsiantantengah@yahoo.co.id "," "
11001364," ","Sdn005lidi@yahoo.com "," "
11003254," ","sdn006liuk@gmail.com "," "
69787048,"- ","abdulharun1984@gmail.com "," "
11003022," ","smpn1airnangak@yahoo.com "," "
69734126," ","smpn2airasuk@yahoo.com "," "
11003192," ","smkn1anambas2010@gmail.com ","http://www.smkn1anambas2010.wordpress.com "
69859732,"0 ","smkn2.anambas@yahoo.com ","http://www.smkn2anambas.sch.id "
11001587," ","sdn001blp@gmail.com "," "
11001592,"(0778)312013 ","sdn002_belakangpadang@ymail.com "," "
11001597," ","sd3blp@gmail.com "," "
11001602,"0778)312334 ","sdnegeri004.blp@gmail.com "," "
11001612," ","sdn006kasu@outlook.com "," "
11001622," ","hendihalimah51@gmail.com "," "
11001627," ","sdn9blp@gmail.com "," "
11001637,"0 ","spaasparudin@gmail.com "," "
11001642," ","sdn012belpad@yahooo.com "," "
11001645,"- ","abu_mujahid7@yahoo.com "," "
11001648," ","pendi_jumiarti@yahoo.co.id "," "
11001651," ","sd015.blp@gmail.com "," "
11001654," ","sdn016belakangpadang@gmail.com "," "
11001607," ","zahari_ks@yahoo.co.id "," "
60706100," "," "," "
60706101," "," "," "
11002374," ","aminpires@yahoo.com "," "
69788020," ","smpn_48@yahoo.co.id "," "
11002383," ","smpnegeri1batam@gmail.com "," "
11002384,"- ","smpn2batam@gmail.com "," "
11000373,"- ","Ads.batam@gmail.com "," "
69870880," ","smpnegeri55batam@yahoo.co.id "," "
40503212," "," "," "
40503214," "," "," "
11002455," ","smantigabelas@yahoo.co.id "," "
11000359,"0778312422 ","smandabatam@yahoo.com ","http://smanda-batam.sch.id "
69968298," ","sman22batam@gmail.com "," "
11002201," ","sman7batam@yahoo.co.id "," "
69995056," "," "," "
11003320," "," "," "
11001672," ","sdalazhar2batam@gmail.com "," "
11001673,"- ","sdalfurqan_adm@yahoo.com "," "
11002160," ","hangnadim_malayschool@yahoo.co.id "," "
11002479,"belum masuk ","harapanyobel@yahoo.com "," "
11001703," ","citrarahdi@gmail.com "," "
11002159," ","sekolahkasihkarunia@yahoo.com "," "
11001541," ","sdn001.skp@gmail.com "," "
11001544,"0778321510 ","sdn002sekupang@yahoo.co.id ","http://sdn002sekupang.blogspot.com "
11002459,"0778 - 325486 ","sdn003sekupang@yahoo.com "," "
11001550,"0778 - 323472 ","sdn004skp@yahoo.com "," "
11001553," ","sdn005sekupang@gmail.com "," "
11001557,"0778-3553806 ","sdn006sekupang@yahoo.com ","http://sdn006sekupang.sch.id "
11001560,"0778 - 324471 ","sdn7skp@gmail.com "," "
11001573,"0778 - 321054 ","sdn008sekupang@gmail.com "," "
11001565," ","sdn009skp@gmail.com "," "
11001582,"- ","sdn010_skp@ymail.com "," "
11002150," ","sdn011.sekupang@yahoo.com "," "
69984811," ","ciptatunasindonesia@gmail.com "," "
11002525," ","teramia55@yahoo.com ","http://www.sd.sekolahteramia.sch.id "
69883440," ","sdit2alazhar@gmail.com "," "
69870668," ","sdterpadu_elmustawa@yahoo.com "," "
69769626," ","sdn012.sekupang.batam@gmail.com "," "
69912258," ","sdn013sekupang@gmail.com "," "
69775319," ","islamicannahdhah@gmail.com "," "
69961281," ","benihberaniachool@gmail.com "," "
69972630," ","sdscm@yahoo.com "," "
69787090," ","christy_kids@yahoo.co.id "," "
69974339," ","sekolahedustar@gmail.com "," "
11002524,"- ","sditbaituliman@mail.com "," "
11001707,"0778 - 32254 ","sd_kartini1@yahoo.com ","http://www.ykbatam.org "
11003050,"07783540204 ","anis_fitrianni@yahoo.com ","http://www.sdsqurancentre.com "
11001719,"0778325605 ","sd.telkombatam18@gmail.com "," "
11001727," ","sdulilalbab@gmail.com "," "
60706115," "," "," "
60706114," "," "," "
60706113," "," "," "
69894604," "," "," "
60706112," "," "," "
69894605," "," "," "
11002442,"0778-3812631 ","azzainiyahbatam@gmail.com ","http://pesantrenazzainiyah.ponpes.id/ "
69902749," ","smp.baitulhikmah@gmail.com "," "
69969755," ","smparrisalah.batam@gmail.com "," "
11002392," ","smpitnm@rocketmail.com ","http://www.smpitnurulmuhajirin.com "
11002179," ","smpkartinisatubatam@gmail.com ","http://www.ykbatam.org "
11001748," ","smp_20@rocketmail.com "," "
11002171," ","smpndualima@gmail.com ","http://smpn25batam.com/ "
11002385,"0778-322285 ","smpn3.batam@gmail.com ","http://ssnsmpn3batam.blogspot.com "
69984837," "," "," "
11002557," ","smpkasihkaruniatiban@yahoo.co.id "," "
69920794," ","smpteramia@yahoo.com "," "
69987841," "," "," "
69757225," ","SMPN47Batam@yahoo.com "," "
69912261," ","smp56batam@gmail.com "," "
69969758," ","smpn57batam@gmail.com "," "
69787088,"0778327986 ","hangnadim_malayschool@yahoo.co.id "," "
11003051,"326505 ","smpqurancentre@yahoo.co.id "," "
69727609,"- ","ulilalbabsmpit@gmail.com ","http://www.ulilalbab-batam.com "
40503225," "," "," "
69941480," "," "," "
69941481," "," "," "
40503224," "," "," "
11000360,"321438 ","smansa_batam@yahoo.com ","http://www.smansa-batam.sch.id "
69980503," ","sman24batam@gmail.com "," "
11002198," ","smaempatbatam@yahoo.co.id ","http://sman4batam.sch.id "
69967165," ","yayasanbudiluhurbtm1@gmail.com ","http://blbs.sch.id "
69988820," "," "," "
69955442," ","smkarrisalah.batam@gmail.com "," "
11002571,"0778327626 ","infosmkn4batam@gmail.com ","http://www.smkn4batam.sch.id "
69978040," ","smkpluskemilaubangsatiban@yahoo.com "," "
69786475," ","smkputrajaya_batam@yahoo.com ","http://www.smkpjb.sch.id "
69815388,"0778/451455/430199 ","widya2batam@yahoo.co ","http://www.sekolah-widya.com "
69976015," "," "," "
11003328," "," "," "
11003327," "," "," "
69788133," "," "," "
11002538," ","cceria85@yahoo.co.id "," "
11002535," ","Sdscyanitplayingcentre@yahoo.com "," "
11002465," ","sdebenhaezerfamily@gmail.com "," "
11001695,"- ","sdshidupbaru2@gmail.com "," "
11002536,"- ","sditalmujahidin@yahoo.co.id "," "
11001702," ","sditatthoriq.btm@gmail.com "," "
69965725," ","fajarilahii3@gmail.com "," "
11001540," ","sdn01seibeduk@gmail.com "," "
11001575,"0 ","sdn002sbd@gmail.com "," "
11001583,"0 ","sdn003sbd@gmail.com "," "
11001581," ","sdn004sbd@gmail.com ","http://sdn004sbdbatam.blogspot.com/ "
11001578," ","sdn.005_sungaibeduk@yahoo.com "," "
11002148,"07787302004 ","sdn006seibeduk@yahoo.com ","http://11002148.blogspot.com "
11002463," ","hedy.rosmina@yahoo.com "," "
69972193," "," "," "
69947284," ","sdittahfidz@nurulislamgroup.or.id "," "
69912744," ","sekolahdasaruq@gmail.com "," "
11003054," ","sdn007sbd@gmail.com "," "
69757248," ","sdn008seibeduk@gmail.com "," "
69757223," ","009sungaibeduk@gmail.com "," "
11002537," ","vatia.sukmawati@gmail.com "," "
69788033," ","sdinurhidayh10@gmail.com "," "
11001701," ","sditalaminsalimmattar@yahoo.com "," "
69971623," ","sdjuarabatam@gmail.com "," "
11002540," ","nengsi83@gmail.com "," "
69769630," ","sdpermatakasih@yahoo.com "," "
69788032," ","visikudusindonesia@gmail.com "," "
69819487," "," "," "
60706116," "," "," "
69861184," ","sdtksahabat@yahoo.com "," "
69922156," "," "," "
11001761," ","bhinnekanusantara@yahoo.com "," "
11001743,"- ","smp16_sbeduk@yahoo.co.id "," "
11002997," ","smpn40.batam@yahoo.com "," "
69863923," ","smpn54batam@yahoo.com "," "
69981472," "," "," "
11002562," ","smplaksamanabtm@gmail.com "," "
69975181," "," "," "
40503226," "," "," "
40503227," "," "," "
60728418," ","smanegeri16batam@yahoo.co.id ","http://www.sman16batam.sch.id "
11002570,"07787379428 ","smkn3batam@gmail.com ","http://www.smkn3batam.sch.id "
11003249," ","smk_laksamanabatam@yahoo.co.id ","http://smklaksamanabatam.blogspot.com "
11003329," "," "," "
11001588," ","sdn001bulang@gmail.com "," "
11001598," "," "," "
11001603," ","sdnegeritigabulang@yahoo.co.id "," "
11001593," ","Sd04Bulang@yahoo.com "," "
11001608,"- ","sdn005.bulang@gmail.com "," "
11001613," ","sdnnolnambulang@yahoo.com "," "
11001618," ","sdtujuhbulang@gmail.com "," "
11001633,"0 ","sdn008bulang@ymail.com "," "
11001623," ","sdn10bulang@yahoo.com "," "
11001638," ","mila.rima14@yahoo.com "," "
60706106," "," "," "
11001758," ","smpsalmaarif@gmail.com "," "
11001741,"- ","smpn14batam@gmail.com ","http://smp14batam.blogspot.com "
11001746,"082171670938 ","smpnsembilanbelas.batam@yahoo.com "," "
69757243," ","smpn46batam@yahoo.co.id "," "
11000375," ","wahyusmpfive@yahoo.com "," "
40503217," "," "," "
40503218," "," "," "
11002195," ","sma11batam@gmail.com ","http://www.sman11batam.sch.id "
11003323," "," "," "
69941639," "," "," "
11001668,"(0778) 428624 ","sdadventbatam@yahoo.co.id "," "
11001674," ","sdsalazharbatm@yahoo.co.id "," "
11002152," ","sdannur_lbj@yahoo.com "," "
11001676,"(0778) 455118 ","sdananda92@yahoo.com ","http://www.anandaschool.org "
11001675," ","sdislamalbarkah@yahoo.com "," "
11001700," ","sekolahdasarimmanuel@yahoo.co.id "," "
11001590," ","sdn001lb.baja@yahoo.com "," "
11002460,"- ","sdn002lubukbaja@gmail.com "," "
11001610,"- ","sdn003lbj@yahoo.co.id "," "
11001595," ","Sdn004lubukbaja@yahoo.co.id "," "
11001615," ","sdn005lubukbaja@ymail.com "," "
11001620," ","sdn_007lbj@yahoo.com "," "
11001625," ","sdn008lubukbaja@yahoo.com "," "
11001635," ","sdn.009lbj@gmail.com "," "
11001630,"- ","sdn011lubukbaja@gmail.com "," "
69830125,"0778 458584 ","pelangi.btm85@gmail.com "," "
69944367,"0778 425 938 ","sdspelitautama@gmail.com "," "
11002301,"077843129 ","sdpermataharapan@yahoo.com "," "
69883307," ","sphsuperclass@gmail.com "," "
11001698," ","sdibnusinalbj@yahoo.co.id "," "
69950685," ","sdvalentin.school@gmail.com "," "
69899171," ","sditmhbatam@yahoo.com "," "
69863916," ","avavaschool@gmail.com "," "
69986558," ","eduland.sd@gmail.com "," "
69970719," ","sdsefrata@gmail.com "," "
60730389," ","sd@sekolah-globe.sch.id ","http://www.sekolah-globe.sch.id "
69757144," ","sditelyasinbatam@gmail.com "," "
60706107," "," "," "
11001755,"0778 452419 ","smpadvent2016@gmail.com "," "
11001759,"- ","triyantimaloringan@yahoo.com "," "
69906742,"0778430214 ","avavaschool@gmail.com "," "
11001766," ","smphangkasturi@ymail.com "," "
11001770," ","ibnusia.smp@yahoo.com "," "
69914810," ","smpislamalbarkah@gmail.com "," "
11001771,"0778424070 ","smpk.immanuel.batam@gmail.com ","http://www.smpkristenimmanuel.sch.id "
11003032," ","smpnegeri41batam@gmail.com ","http://smpn41.batam.idsch.net "
69943251,"0778 458584 ","pelangismpb58@gmail.com "," "
69944368,"0778425983 ","sekolahpelitautama@gmail.com "," "
11001782,"0778431290 ","smp.permataharapan@gmail.com ","http://www.permataharapanku.sch.id "
60730388," ","sekolahglobenationalplus@gmail.com ","http://www.sekolah-globe.sch.id "
11001756,"0778-7216612 ","smps_alazhar_batam@yahoo.com ","http://www.yayasanalazharbatam.com "
69775320," ","smpitelyasinbatam@gmail.com ","http://www.smpitelyasinbatam.sch.id "
69788309," "," "," "
69944369,"0778425983 ","sekolahpelitautama@gmail.com ","http://sekolahpelitautama.com/ "
11002196," ","smandalas.btm@gmail.com ","http://www.sman12btm.sch.id "
11002182," ","smaalazharbatam@yahoo.co.id ","http://alazharbatam.com "
11002183,"0778 455029 ","sma.ananda.batam@gmail.com ","http://anandaschool.org "
60728420," ","sma@sekolah-globe.sch.id ","http://www.sekolah-globe.sch.id "
11002190,"(0778) - 424 070 ","smakimbatam@yahoo.co.id ","http://SMAKIMBATAM.BLOGSPOT.COM "
11002189,"0778453731 ","smakartini_batam@yahoo.com ","http://smakartinibatam.sch.id "
69815387," ","phbatubatam@yahoo.co.id ","http://permataharapan.ac.id "
69974369," ","smksadventbatam@gmail.com "," "
11002205,"0778 429577 ","batamsmkalazhar@gmail.com "," "
60728422," ","sekolahglobenationalplus@gmail.com ","http://www.sekolah-globe.sch.id "
11000370,"0778426216 ","smkibsibatam2018@gmail.com ","http://smk.ibnusinabatam.com/ "
11000371,"0778421558 ","smkkartinibatam@yahoo.com ","http://smkkartinibatam.net "
11002211,"0778-431290 ","phbatubatam@yahoo.co.id ","http://www.permataharapanku.sch.id "
11002191," ","info@sekolahmondial.com ","http://www.sekolahmondial.com "
11001708," ","sdkartinidua@gmail.com "," "
11001586,"- ","sdn_001_batuampar@teachers.org "," "
11001606," ","sdn002batuampar@gmail.com "," "
11001621," ","sdn3batuampar@gmail.com "," "
11001647,"0 ","sdn004batuampar@gmail.com "," "
69788018," ","sditnurulihsan@yahoo.co.id "," "
11002552," ","sdsrestuibu@gmail.com "," "
69982056," ","sdssuluhbangsa@gmail.com "," "
11001724,"- ","theodoreschool12@gmail.com ","http://www.yayasanhosanagloria.wix.com "
69893696,"0778430199 ","sekolahwidya@gmail.com ","http://www.sekolah-widya.com "
60706098," "," "," "
69819486," "," "," "
60706097," "," "," "
69950398," ","info@montesiennaschool.com "," "
11001776,"0778 430263 ","smpkartinidua@gmail.com "," "
69950400,"07787418825 ","info@montesiennascholl.com "," "
11002175," ","npsn11002175@gmail.com ","http://www.smpn29batam.com "
11003043," ","Smpn45batam@gmail.com "," "
11002382,"0 ","secondary@theodoreschool.com ","http://www.theodoreschool.webs.com "
11001785,"0778430199 ","smpwidyabatam@gmail.com ","http://www.sekolah-widya.com "
40503211," "," "," "
69950402," ","smamontesiennabatam@yahoo.com "," "
11002457,"412633 ","sman_patbel@yahoo.co.id "," "
69900375," ","smkinsanmandiribatam@gmail.com ","http://www.smkinsanmandiribatam.com "
11002576,"0778/456533 ","akademikmhs@gmail.com ","http://multistudi.com "
11002213," ","sekolahwidya@gmail.com ","http://www.sekolah-widya.com "
11003319," "," "," "
11001670," ","sdit@alkautsarbatam.com ","http://www.alkautsarbatam.com "
11001713," ","sdmiftahulhasanah@gmail.com "," "
11001558," ","sdn009batam@gmail.com "," "
11001539," ","Sdn001nongsa@gmail.com "," "
11001542,"0 ","sdn002nongsa@gmail.com "," "
11001554," ","sdn003ngenang.nongsa@gmail.com "," "
11001545,"0778761618 ","sdn004nongsa@yahoo.com ","http://www.sdn004nongsa.sch.id "
11001551," ","sekolahdasar005nongsa@yahoo.co.id "," "
11001548,"0 ","sdn.006nongsa@gmail.com "," "
11001571,"- ","sdn007ngs@gmail.com ","http://www.sdnegeri007nongsa.blogspot.com "
11001561," ","sdn008_nongsa@yahoo.com ","http://sdn008nongsa.com "
11002522," ","sdnoionongsa@yahoo.com "," "
11002470," ","permatahati9999@gmail.com "," "
11001699,"0 ","sdsibsikabil@gmail.com "," "
69984893," ","alfarabibatam@gmail.com "," "
11001705," ","sditdarulfalahngs@ymail.com "," "
69971601," ","yayasanislamharapaninsani@gmail.com ","http://www.yayasanislamharapaninsani.blogspot.com "
69986691," ","sditharapanmulia@gmail.com "," "
11002542," ","sditmambaululum2542@gmail.com "," "
69757245," ","sdn011nongsa@yahoo.com "," "
69969148," ","sdn012nongsanew@gmail.com "," "
11002169,"- ","sdpermatanusantara@gmail.com "," "
69978140," ","allediaschool@gmail.com "," "
69986220,"0 ","masedysuratna23@gmail.com "," "
11001687,"- ","sd.ebenhaezer2kabil@gmail.com "," "
69990870," "," "," "
11002541," ","emyhutabarat@yahoo.com "," "
69971514," ","sdsmiftahululumnongsa@gmail.com "," "
69769634," ","muhammadiyahkabil@gmail.com "," "
11001722," ","sd_tabhita@yahoo.com "," "
69941356," "," "," "
69857722," "," "," "
69888750," ","smp_muhammadiyah_kabil@yahoo.com "," "
69989221," "," "," "
11001744," ","smpn17batam@yahoo.co.id ","http://www.smpnegeri17batam.mysch.id "
11001751," ","smpnsatuatap23batam@gmail.com "," "
11002553,"0 ","smpn34_batam@yahoo.com "," "
11001783," ","smpputrapersada@gmail.com "," "
69943225," ","s_tahfidz@yahoo.com "," "
11001774,"0778 7491003 ","smpit@alkautsarbatam.com ","http://www.alkautsarbatam.com "
69863920," ","smpn051batam@yahoo.com "," "
69989681," "," "," "
11000372," ","SMPN8BATAM@GMAIL.COM "," "
11002178," ","smps02ibnusinakabill@gmail.com "," "
69990891," "," "," "
69874084," ","ismun.rojul@gmail.com "," "
40503220," "," "," "
69941479," "," "," "
69950405," ","smait.imamsyafii_nongsa@yahoo.co.id "," "
11002458,"7497452 ","abakoe33@yahoo.com ","http://sman15batam.sch.id/ "
69915801," ","sman21batam@gmail.com ","http://sman21batam.sch.id "
11003005," ","smait@alkautsarbatam.com ","http://alkautsarbatam.com "
69920630," ","smpputrapersada@gmail.com "," "
69944774," ","pnbsmk@gmail.com ","http://www.smkpenerbanganbatam.sch.id "
11003158," ","smk6batam@gmail.com ","http://smkn6batam.sch.id "
69975337," "," "," "
69975889," "," "," "
11003324," "," "," "
11001599," ","sdn001galang@yahoo.com "," "
11001609," ","002galang@gmaul.com "," "
11001659," ","sdntigagalangbatam@yahoo.com "," "
11001604," ","sdn004galang@yahoo.co.id "," "
11001619," ","sdn005galang@gmail.com "," "
11001629," ","sdn006galang@gmail.com "," "
11002388,"0 ","sdn007galang@gmail.com "," "
11001655," ","sdn008galang@yahoo.com "," "
11001594," ","sdnoog_galang@yahoo.co.id "," "
11001643," ","15dimaska@gmail.com "," "
11001661," ","sdn011galang@gmail.com "," "
11001649," ","sdnduabelasgalang@gmail.com "," "
11001657," ","sdntigabelasgalangbatam@yahoo.co.id "," "
11001660," ","sdn.014galang@gmail.com "," "
11001652," ","sdn.nollimabelas_galang@yahoo.co.id "," "
11001658," ","016galang@gmail.com "," "
11001646,"0 ","sdn018.galang@gmail.com ","http://sdn018.galang.blogspot.com "
11001589," ","sdn19galang@gmail.com "," "
11001614," ","SDN020Galang@gmail.com "," "
11001624," ","sdnduasatugalang@gmail.com "," "
11001662," ","sdn023galangbatam@yahoo.com "," "
11001663,"- ","sdn.024galang@yahoo.com "," "
11001709," ","sdsignatiusgalangbatam@yahoo.com.au "," "
11001639,"0 ","017galang@gmail.com "," "
11001740,"081364488459 ","smpn13_batam@yahoo.co.id ","http://smpn13batam.sch.id "
11001742,"0 ","smpn15batam@gmail.com "," "
11001745," ","smpn18batam@yahoo.com "," "
11001750," ","smpn22batam@yahoo.co.id "," "
69788024," ","arifinsamsul159@ymail.com "," "
11002367," ","smpn32.batam@gmail.com "," "
11002996," ","smpn39btm@gmail.com "," "
69769627," ","smpn49.satapbatam@gmail.com "," "
40503219," "," "," "
11002194,"085374195899 ","sma10_batam@yahoo.com ","https://www.sman10batam.sch.id "
11002200,"- ","sman6batam@gmail.com "," "
11002203," ","sma9300170@yahoo.co.id ","http://example.com "
11002464," ","sd.ebenhaezer_bengkong@yahoo.co.id "," "
11001688," ","pasrib.lontar@yahoo.co.id "," "
11001697," ","sdhkibengkongindah@gmail.com "," "
11001691,"0778411398 ","hangtuahsds@gmail.com ","http://hangtuah.or.id/ "
11001596," ","sdnbengkong001@gmail.com "," "
11001601," ","sdn002bengkong@rocketmail.com "," "
11001616," ","sdn003bengkong@gmail.com "," "
11001611," ","sdn004bengkong@yahoo.com "," "
11001631," ","sdn005.bengkong@gmail.com "," "
11002462," ","sdn006bengkongkotabatam@ymail.com "," "
11001626," ","sdn007bengkongbatam@yahoo.co.id "," "
11001644,"- ","zulkifligimbo40@gmail.com "," "
11001650,"0778412653 ","sdn09bengkong@gmail.com ","http://www.sdnegeri009bengkong.blogspot.com "
11001653," ","sdn10bengkong@gmail.com "," "
11001656,"0 ","sdnegeri011@yahoo.co.id "," "
11002523,"- ","sdn012bengkong@gmail.com "," "
11001721,"- ","sdsinartimurbatam@yahoo.com "," "
11002544," ","sds.sukadamai@yahoo.co.id "," "
69960322," ","sdsestomihi.bengkong@yahoo.com "," "
11001685,"0778429371 ","sddaruttaqwa@yahoo.com "," "
69899170," ","sekolah_almadinah@yahoo.com "," "
69915846," ","nusantara.bm@gmail.com "," "
11002549," ","sdscahayabangsa@yahoo.com "," "
69788021," ","filadelfiagracia@yahoo.com "," "
11001693," - ","sdharmoni@yahoo.co.id ","http://www.sekolahharmoni.com "
11001696," ","sdshosannah@yahoo.com "," "
69757143," ","alhijrah_sdit@yahoo.co.id "," "
69769628," ","sditfajarilahi2@gmail.com ","https://sditfajarilahi2.sch.id/ "
69991773," "," "," "
69987168," "," "," "
11002550," ","sekolahyosanugrah@yahoo.co.id "," "
69976012," "," "," "
60706102," ","min_batam@yahoo.com "," "
60706104," "," "," "
60706103," "," "," "
60706105," "," "," "
11001714," ","info@sekolahmondial.com ","http://www.sekolahmondial.com "
69948644,"0 ","smpscahayabangsa@yahoo.com ","http://www.excample "
11001763,"- ","darajuanti75@gmail.com "," "
11001764,"(0778) 411613 ","smpeppata1@yahoo.co.id "," "
11001769," ","smphosannah17@gmail.com "," "
11001767,"0778413607 ","smpht02@gmail.com ","http://hangtuah.or.id/ "
11002176,"07787436492 ","smpn30batam@gmail.com "," "
11002386,"0778-412926 ","smp4batam@yahoo.co.id "," "
69938543," ","smps.yos.anugrah@gmail.com "," "
69989629," "," "," "
69965335," ","daruttaqwabatam@gmail.com "," "
11001768," ","smpharmonibatam@yahoo.com "," "
11002441,"0778-495593  ","smp.nuruljadid@yahoo.co.id ","http://sekolahnuruljadid.com/ "
11002565,"0778433864 ","smpsinartimur24@yahoo.com "," "
69989219," "," "," "
40503215," "," "," "
40503216," "," "," "
11001779,"0778-426432 ","info@sekolahmondial.com ","http://www.sekolahmondial.com "
69990471," "," "," "
11002202,"7438022 ","sman8btm@yahoo.co.id ","http://www.sman8batam.sch.id "
11002186,"0778413607 ","smahangtuahbatam@gmail.com ","http://hangtuahschool.com "
11000357," ","smkaljabar@yahoo.com "," "
69815386," ","ebenhaezersch@gmail.com "," "
11000369,"0778431124 ","harmoni.smk@gmail.com ","http://www.smkharmoni.sch.id "
11002575,"0778413607 ","smkhangtuahbatam@gmail.com ","https://smkhangtuahbatam.sch.id "
69786474," ","smkkes_nj@yahoo.co.id ","http://smknuruljadid-batam.sch.id "
11002208," ","smkpmaritimnasionalbatam@gmail.com ","http://smkpelayaran.nasionalbatam.sch.id "
69815385,"0778 - ","smkpenerbangannasionalbatam@gmail.com "," "
11003321," "," "," "
11001669," ","sd.alkaffah@gmail.com "," "
69949888," ","sdais2012@gmail.com ","http://www.aisbatam.com/courses/sd-al-kahfi-islamic-school/ "
69975587," ","info@ais.sch.id "," "
11002153," ","dbodhi@rocketmail.com ","http://www.bodhidharma.sch.id/ "
11001681," ","sdcendanabatam@gmail.com "," "
11001682,"0778-433017 ","sdcharitasbatam@yahoo.co.id ","http://www.sekolahcharitas.sch.id "
11001686,"0778 464006 ","djuwita1995@sekolahdjuwita.sch.id ","http://www.sekolahdjuwita.sch.id "
11002156,"0778 469969 ","sdelsadai@gmail.com "," "
69959905," ","sdislamalmujahidin@gmail.com "," "
11002164,"0778 467601 ","pena_nabilah@yahoo.com ","http://www.sdinabilah@sch.id "
69888848," ","sdipalwafa@gmail.com ","HTTPS://Alwafaislamicschool.sch.id "
69786902," ","sdit_tunasc@yahoo.com ","https://www.tuncenbatam.sch.id "
69903916," ","sdislam_gretaness@yahoo.co.id "," "
69787089," ","sdit.almuhajirin@yahoo.com "," "
11001706,"0778 467383 ","sdkalamkudus1@yahoo.com "," "
69937720," ","sdskdabatam@gmail.com "," "
11002472," ","info@sdmpbatam.sch.id ","http://www.sdmpbatam.sch.id "
11002168," ","nasional_ok@yahoo.co.id "," "
11001591,"0778423875 ","sdn001batamkota@gmail.com "," "
11001641,"0778423748 ","sdn002batamkota@yahoo.com "," "
11001564,"0778 7057063 ","sdn03batamkota@yahoo.com "," "
11001574," ","sdn004bk@gmail.com "," "
11001577," ","sdn_006batamkota@yahoo.com "," "
11001580,"0778478840 ","sd7batamkota@gmail.com ","http://www.sdn7batamkota.wordpress.com "
11002285,"- ","batamkotasdn008@gmail.com "," "
11003047,"07787340059 ","sdn009batamkota@yahoo.co.id "," "
11003049," ","sdnegeri010btmkota@gmail.com "," "
11003026,"07788099577 ","sdshabilla@yahoo.com "," "
69938919," ","sdstipak@yahoo.com "," "
11001728,"0778464733 ","sdys_batam@yahoo.com "," "
69966561," ","sditalmuhajirindotamana@gmail.com ","https://sdit.al-muhajirin.sch.id/ "
11001568," ","sdn005batamkota@yahoo.co.id "," "
69986035," "," "," "
69972568," "," "," "
11003161,"0778-460317 ","sekolah.bina.nusantara@gmail.com ","http://www.binanusantara-batam.com/ "
11002710," ","sekolahdasarbunda@yahoo.co.id "," "
69861082," ","sdseducatecentermas@gmail.com "," "
69769631," ","sditmutiarainsani.140410@gmail.com "," "
11002546,"0778461805 ","sdk3.dm@gmail.com ","http://www.kalamkudusbatam.com "
69905947,"0778479620 ","sds.kaliban2013@gmail.com "," "
11001710," ","sekolahkristenbasic@gmail.com "," "
11003162,"0778-478979 ","sdkristentabqha@gmail.com "," "
11001712,"0778467860 ","sd_maitreyawirabatam@yahoo.co.id ","http://maitreyawira-batam.sch.id "
11002547," ","laudinaefrida0307@gmail.com "," "
69757246,"0 ","tksdnusaindahmontessorischool@gmail.com "," "
69988828," "," "," "
11002709," ","sdislam_riihatuljannah@yahoo.com "," "
69972090," ","sdssalomobatam@gmail.com "," "
69949691," "," "," "
69757257," ","sdssultanagungbatam@gmail.com ","http://www.sultanagungbatam.org "
69769638,"07787367609 ","school_tije@yahoo.com "," "
11002170," ","sdyehonala@gmail.com "," "
69984538," "," "," "
69995189," "," "," "
60706094," "," "," "
60706093," "," "," "
60706095," "," "," "
69854306," "," "," "
11001690,"0778-467979 ","info@sgiaedu.org ","http://www.sgiaedu.org "
11002478,"0778472540 ","sdharapanutamautama@ymail.com "," "
11002165,"0778 7482200 ","marketing@kallista-btm.sch.id ","http://www.kallista-btm.sch.id "
69883490,"0778461696 ","theisb@indosat.co.id ","http://www.internationalschoolbatam.com "
69959433," ","smpaisbatam@gmail.com "," "
69975586," "," "," "
69757258," ","smpbodhidharmabatam@gmail.com ","http://www.bodhidharma.sch.id/ "
69830124,"0778469969 ","smpelsadai@yahoo.com "," "
69905941," ","smp_gurindam@yahoo.com "," "
69757260," ","pena_nabilah@yahoo.com ","http://www.sdinabilah@sch.id "
11003036," ","smpsma.basic@gmail.com "," "
11001775,"0778467383 ","kalamkudussatu@gmail.com ","http://www.kalamkudussatu.blogspot.com "
11002563,"0778-461807 ","smpk3.dm@gmail.com ","http://www.kalamkudusbatam.com "
11002437,"0778 467860 ","smp_maitreyawirabatam@yahoo.co.id ","http://www.maitreyawira-batam.sch.id "
69863918," ","smpmpbatamkota@gmail.com ","http://www.sdmpbatam.sch.id "
11001781," ","edopramudia@rocketmail.com "," "
11000377," ","smp10btm@gmail.com ","http://www.smpn10batam.com "
11001739,"0778-467575 ","smpnegeri12batam@gmail.com "," "
11002174,"- ","smp28btm@gmail.com "," "
11002177,"- ","smpn31btm@gmail.com "," "
11000374,"0778457391 ","info@smpn6-batam.sch.id ","http://www.smpn6-batam.sch.id "
69970105," ","smpp.alkaffah@gmail.com "," "
69926027," ","restubundasch@gmail.com "," "
69949690," ","smpstandrews@gmail.com ","http://standrewschool.com "
11002440,"(0778) 43301 ","smpscharitasbatam@yahoo.com ","http://www.sekolahcharitas.sch.id "
69961384," ","smpstipak@yahoo.com "," "
11001786,"0778465234 ","smpk_ys@yahoo.com "," "
11003041," ","smp42.batam@gmail.com "," "
11003042," ","smpn43batam@gmail.com ","http://smpn43batam.edublogs.org/ "
69863921," ","smp_52batam@yahoo.co.id "," "
69988990," "," "," "
69815455,"0778-460317 ","sekolah.bina.nusantara@gmail.com ","http://www.binanusantara-batam.com/ "
69770311," ","smpcendanabatam@gmail.com "," "
69873541," ","smpislam_riihatuljannah@yahoo.co.id "," "
69757259,"0788 478979 ","smpkristentabqha@gmail.com "," "
69990957," "," "," "
69757261," ","smpsultanagungbatam@gmail.com "," "
11002439,"0778 - 46702 ","smp_yehonala@ymail.com ","http://www.sekolahyehonala.com "
69976014," "," "," "
69983154," "," "," "
11001765,"0778-467979 ","info@sgiaedu.org ","http://www.sgiaedu.org "
11002445,"0778 - 472584 ","smphu45@yahoo.com "," "
11001762,"0778-464006 ","djuwita1995@sekolahdjuwita.sch.id ","http://www.sekolahdjuwita.sch.id "
69883489," ","theisb@indosat.net.id ","http://www.internationalschoolbatam.com "
11002564,"0778-7482200 ","marketing@kallista-btm.sch.id ","http://www.kallista-btm.sch.id "
69952054," ","smacerdasmandiri@yahoo.com "," "
69943579," ","Smai_nabilah@yahoo.com "," "
69971075," ","nizamalmulk17@gmail.com ","http://www.nizam "
69915799," ","sman20batam@yahoo.co.id "," "
69990472," "," "," "
11002197,"0778761997 ","smantibatam@gmail.com ","http://smantibatam.sch.id "
69968633," ","smaaisbatam@gmail.com "," "
69976667," "," "," "
69932323,"0778-460317 ","sekolah.bina.nusantara@gmail.com ","http://www.binanusantara-batam.com/ "
69900648," ","smabodhidharmabatam@gmail.com ","http://www.bodhidharma.sch.id/ "
69984374," "," "," "
11002204,"462661 ","smayossudarso@gmail.com ","http://www.smayosbatam.sch.id "
69912787," ","smasbasic@gmail.com "," "
69967491,"0778461805 ","smak3.dm@gmail.com ","http://www.kalamkudusbatam.com "
11002581," ","sma_maitreyawirabatam@yahoo.co.id ","http://www.maitreyawira-batam.sch.id "
69972404," "," "," "
69883589,"07787481027 ","stipak@yahoo.com "," "
11002476,"467022 ","smayehonala@gmail.com ","http://www.sekolahyehonala.com "
69944259," ","smkmaarifnubatam@gmail.com "," "
69872145," ","smk_maitreyawirabatam@yahoo.co.id ","http://www.maitreyawira-batam.sch.id "
69830473," ","smkpelayaranbatam@ymail.com ","http://www.smkpelayaranbatam.wordpress.com "
69974382," ","smkpelayarankepri@gmail.com "," "
69950848," ","span.batam@yahoo.com ","http://batam.span-yppn "
69877321,"0778422299 ","smkpjs.batam@gmail.com ","http://www.putrajayaschool.sch.id "
69955510," ","restubundasc@gmail.com ","http://yipttg-batam.com "
11002210,"0778-460971 ","smkn2batam@gmail.com ","http://www.smkn2batam.sch.id "
69774885," ","smknegeri7batam@gmail.com ","http://smkn7batam.sch.id "
11002206,"0778-472301 ","info.smkbbs@gmail.com ","http://www.smkbbs.sch.id "
69815391," ","smkbataminternational@gmail.com ","http://smkbataminternational.sch.id "
11003007,"0778-472584 ","smkharapanutama@gmail.com ","http://www.smkharapanutamabatam.blogspot.id "
11003250,"0778-461499 ","tiarabangsa_college@yahoo.co.id ","http://ktb.sch.id "
11002574,"0778-474444 ","smk.mts08@yahoo.com "," "
11002209," ","edopramudia@rocketmail.com "," "
69977418," ","nizamalmulk17@gmail.com "," "
69991790," "," "," "
69975338,"0778 465835 ","smk.spndirgantara.batam@gmail.com "," "
69786476," ","ibupertiwi700@yahoo.co.id ","http://wwwsmkpertiwibatam.sch.id "
69978041," ","smkpluskemilaubangsabatamcentre3@yahoo.com "," "
60728424,"0778430219 ","realinformatika.batam@gmail.com ","http://www.smkrealinformatika.sch.id "
69991297," "," "," "
69786477,"467022 ","smkyehonala@gmail.com ","http://sekolahyehonala.com "
11002184,"0778464006 ","djuwita1995@sekolahdjuwita.sch.id ","http://sekolahdjuwita.sch.id "
11002185,"467979 ","info@sgiaedu.org ","http://www.sgiaedu.org "
11003004,"472584 ","smaharapanutama@ymail.com ","http://harapanutamabatam.sch.id "
69774886,"7482200 ","it@kallista-btm.sch.id ","http://www.kallista-btm.sch.id "
69899169," ","sdadvent.sagulung2014@gmail.com "," "
11001677," ","Sdcitrabahterahayat@yahoo.com "," "
69947323," ","dabungkelestari@yahoo.co.id "," "
69933672," ","sdfrederikakids@gmail.com "," "
11002161," ","sdsharapanbangsa@yahoo.co.id ","http://www.shbbatam.webs.com "
11001694,"( 0778 ) 701528854 ","sdshidupbaru@yahoo.com "," "
69965389,"0 ","sdislam_assakinah@yahoo.co.id "," "
11002387," ","sdn01sagulung@yahoo.co.id "," "
11001549," ","sdn_002sagulung@yahoo.com "," "
11001546," ","003sgl@gmail.com "," "
11001552,"0 ","sagulungnolempat@yahoo.co.id "," "
11001556," ","sdn005sagulung@yahoo.com "," "
11001559,"(0778) 391907 ","sdn006.sagulung@gmail.com ","http://sdn006sagulung.wordpress.com "
11001562," ","sdnsagulungbatam@gmail.com "," "
11001569," ","sdn008sagulung@gmail.com "," "
11002467," ","sdsagulung@gmail.com "," "
11001572,"0 ","sdn010sglbtm@gmail.com ","http://www.sdn10.com "
11001584," ","sdn011sagulung@ymail.com "," "
11001585," ","sdn12sagulung@gmail.com "," "
11002151," ","sdn013sagulung@yahoo.com "," "
11003046,"- ","sdn016sagulung16@gmail.com "," "
11003309,"- ","sdn017sgl@gmail.com "," "
69787092," ","timbangen.tarigan@gmail.com "," "
11001717,"0 ","sdpondokkasih@yahoo.com "," "
11001720," ","sdssehatibatam@gmail.com "," "
69992045," "," "," "
11001726," ","sdtunasbaru95@gmail.com "," "
11002533,"(0778) 39252 ","estheraletheia@yahoo.com "," "
69895790," ","sditazr3@gmail.com "," "
11002146,"07784091272 ","sdit.asy_syuuraa@yahoo.co.id "," "
11001716," ","sditdarussalam02batam@gmail.com "," "
69769636," ","sdit_insanharapan@yahoo.co.id "," "
11002520," ","sdn_sagulung014@yahoo.co.id "," "
11002521," ","sdn015sagulung@yahoo.co.id "," "
69757221," ","sdn018sagulung@gmail.com "," "
69863915," ","sdn019sagulung@gmail.com "," "
69867996," ","zahrinstk@gmail.com "," "
69870669,"081364916347 ","sdn021_sagulung@yahoo.com "," "
11001671,"0778396434 ","sdalazharsagulung@yahoo.co.id "," "
69787091," ","citrajamilahnur@yahoo.co.id "," "
11002163," ","al_madinah_school@yahoo.com "," "
69970381," ","sekolahbeetesda12@yahoo.com "," "
11002155," ","sds_doulos@yahoo.com ","http://sds_doulos.blogspot "
69769637," ","elshaddaisd@gmail.com "," "
69971243," ","sdsglobe2batam@gmail.com "," "
69988823," "," "," "
11001692," ","harapanbaru41@ymail.com "," "
69770310," ","deltautamaflamboyan@yahoo.com "," "
11003165,"0778453082 ","sdsjuanharapan@yahoo.com "," "
69788027," ","sds.kekarsari@yahoo.co.id "," "
69967654,"0778394014 ","sdtabghasejahtera@gmail.com "," "
69889177," ","sdsmandirischool@gmail.com "," "
69788015," ","jeugelin_5r2i@yahoo.co.id "," "
11001715,"- ","sds.muhammadiyah@gmail.com "," "
69788031," ","sdoraetlabora2013@gmail.com "," "
69788030," ","pelitabangsa01@yahoo.com ","https://www.pelitabangsaschool.sch.id/ "
11002532," ","pelitakasih_sagulung@yahoo.com "," "
11002577," ","sekolahdasartheodore2@yahoo.co.id "," "
69769632," ","yayasantiranus16@gmail.com "," "
69965332," ","sdtunasterang@gmail.com "," "
69971650," ","sdyosudarsoii@gmail.com "," "
69976013," "," "," "
60706108," "," "," "
69854307," "," "," "
60706109," "," "," "
60706111," "," "," "
60706110," "," "," "
69819488," "," "," "
69861185," ","sdtkjobel@yahoo.co.id "," "
69991598," "," "," "
11001760," ","smpbaptisbatam@gmail.com "," "
69960865," ","smps.citrabahterahayat@yahoo.com "," "
11002766," ","smp36batam@gmail.com ","https://smpn36batam.mysch.id "
11001749," ","smpn21batam@yahoo.com "," "
11002173,"- ","smpn27batam@ymail.com "," "
11002554," ","smpn.35batam@gmail.com ","http://www.smpn35batam.sch.id "
11002773,"- ","batamsmpn37@yahoo.com ","http://www.smpn37.batam.com "
11000383,"(0778)391340 ","smpn09_batam@yahoo.com ","http://www.smpn09batam.at.ua "
69973750," ","jhspelitabgs@gmail.com "," "
11001784," ","ytunasbaru@yahoo.com "," "
69788026," ","smpitasysyuuraa@yahoo.co.id ","http://www.smpitasysyuuraa.mysch.id "
69972614," ","sasmpitinsanharapan@gmail.com "," "
11002790,"- ","smpn44batam@gmail.com "," "
69863919," ","Smpn50kotabatam@yahoo.co.id "," "
69981390," ","smpnegeri59Batam@gmail.com "," "
69989627," "," "," "
69989628," "," "," "
11002998," ","smp.alazhar2batam@gmail.com "," "
69970178," ","sekolahbetesda12@gmail.com "," "
69971090," ","globenationalplusii@gmail.com "," "
69962242," ","smpsharapanbangsabatam@yahoo.co.id "," "
69970467," ","smpmisibagibangsa@gmail.com "," "
69992949," "," "," "
69966105,"0 ","smptunasmuda@yahoo.com "," "
40503223," "," "," "
40503222," "," "," "
11003261," ","smatunasbaru.jinseung@gmail.com "," "
60728419," ","sman17.btm@gmail.com ","http://www.sman17batam.com "
69863917," ","smandelapanbelas_18@yahoo.com ","http://sman18batam.sch.id "
69872144," ","smanse.kotabatam@yahoo.com ","http://www.sman19batamjaya.sch.id "
11002199," ","sman5_batam@yahoo.com "," "
69971172," ","globenationalplusii@gmail.com "," "
69902518,"0778394641 "," "," "
69958871," ","smkitdarussalam@gmail.com ","HTTP://WWW.SMKITDARUSSALAM.SCH.ID "
69974383," ","smkn8batam@gmail.com ","http://wwwsmkn8batam.sch.id "
69857721," ","tunasmudaberkarya@yahoo.com "," "
11003006," ","info@smkn5batam.sch.id ","http://smkn5batam.sch.id "
69975339," "," "," "
69973638," ","globenationalplusii@gmai.com "," "
69900438," ","smkindomalay@gmail.com ","http://ims.kmk.or.id "
69980143," ","smkpelayaransinarmettabatam@gmail.com "," "
69973664," ","smk12pbs@gmail.com "," "
11003260,"0778394641 ","permataharapanbatuaji@gmail.com "," "
11002212,"0778/392737 ","smkteladan.teladan@gmail.com ","http://www.smk teladan.com "
11003325," "," "," "
11003326," "," "," "
69944773," ","dabukkesiahaan87@yahoo.com "," "
11001683," ","clarissa_batam@yahoo.com "," "
11002797," ","sdfavorit_barelang@yahoo.com "," "
69902403," ","Yelshadaimulia@gmail.com "," "
11001711,"07787375810 ","sdiilh01.batam@gmail.com ","http://luqmanalhakim01.sch.id/ "
69788013," ","sdiintegrallh02batam@gmail.com ","http://sekolahhidayatullah.sch.id "
11001684,"- ","sdit.darussalam01@ymail.co.id "," "
11002158," ","sdit.fajarilahi@yahoo.co.id "," "
69989630," "," "," "
11001563," ","001batuaji@gmail.com ","http://sdn001batuaji.pe.hu "
11001566," ","sdn002batuaji@gmail.com "," "
11001570," ","sdn.003batuaji@yahoo.co.id ","http://sdn003batuaji.kotabatam.web.id/ "
11001576," ","sdn004batuaji@gmail.com "," "
11002519," ","sdn005batuaji@yahoo.co.id "," "
11002784," ","sdn006batuaji@gmail.com "," "
69849200," ","prestasi.school@gmail.com "," "
11002529,"07787412741 ","sdprimaschoolbatam@gmail.com ","http://primaschoolbatam.blogspot.co.id "
11001718,"0778364187 ","sds.puterabatam@gmail.com ","http://www.putrabatam.sch.id "
69928208," ","sekolahradmila@gmail.com "," "
11001665," ","sdislamnurulhaq2018@gmail.com "," "
69959547," ","sdkusumabangsa7@gmail.com "," "
11003189,"- ","melpa_pn@yahoo.com "," "
11001723,"0778365213 ","ritawahyudi@rocketmail.com "," "
69995694," "," "," "
11001725," ","yayasantheresia@yahoo.co.id "," "
69919653," ","Sditalkautsarmadanibatuaji@gmail.com "," "
69943936," ","assalambatam@gmail.com "," "
11002530," ","sditattaubahbatuajibatam@gmail.com ","http://www.sditattaubah.com "
11003045," ","sdn07batuaji@yahoo.com ","http://www.sdn07batuaji@yahoo.com "
69769625," ","sdn008batuaji@gmail.com "," "
11002621," ","sridewi36@yahoo.com "," "
11001689," ","merymarbun@gmail.com "," "
69987027," "," "," "
69894026," ","sdsherose@gmail.com "," "
69769629," ","cyn_303@yahoo.com "," "
69969432," ","nadiack03@gmail.com "," "
69888845," ","sds_maranatha@yahoo.com "," "
11002528," ","sekolahdasar_mashita@yahoo.com "," "
69986643," "," "," "
69769635," ","sdnusbatam@yahoo.com "," "
69978771," ","sdspermata16@gmail.com "," "
69788028," ","relianceschoolbatam@yahoo.co.id "," "
69788012," ","tunasindonesia_batam@yahoo.co.id "," "
60706096," "," "," "
69929828,"0778391581 ","smpbp_attaubah@yahoo.com "," "
11002436,"0778-33582630 ","rohotmasitumorang@gmail.com "," "
11001778," ","smpii.lh@gmail.com "," "
69950009," ","alkahfibatam@gmail.com ","http://www.alkahfi.or.id "
69989631," "," "," "
69952368," ","smpsbasic2btaji@gmail.com "," "
69988880," "," "," "
69955139," ","smp.mashita@yahoo.com "," "
11001780,"0778 365961 ","smp_muhammadiyah1_btm@yahoo.co.id ","http://www.smpm1.batam.co.cc "
11000376," ","smpn11batam@yahoo.com "," "
11002172,"- ","smpn26@gmail.com ","http://www.smpn26batam.sch.id "
11002774," ","smpn38batam@yahoo.co.id "," "
11003002,"0778-364035 ","kiki@puterabatam.ac.id "," "
69788014," ","smpiilh02batam@gmail.com "," "
11002559," ","darussalamsmpit@yahoo.co.id "," "
69863922," ","smpn53batam@yahoo.com "," "
69770313," ","lilissidauruk@ymail.com "," "
11002795," ","smpi.nurulhaq@yahoo.com "," "
11002558,"07787412741 ","primaschoolbatam@gmail.com ","http://primaschoolbatam.blogspot.com/?m=1 "
69991480," "," "," "
69992295," "," "," "
69993419," "," "," "
40503210," "," "," "
69961681," ","smaihbs02@gmail.com ","http://www.sekolahhidayahtullahbatam.sch.id "
69980500," ","sman23batam@gmail.com "," "
11002569," ","smaadvbatamgood@gmail.com ","http://smaadventbatam.sch.id "
11002187," ","sma.harapan@yahoo.co.id ","http://sekolahharapanbatam.blogspot.co.id/ "
11002579,"- ","smaintegralhidayatullah@gmail.com ","http://www.smaihbatam.sch.id or http://smaintegralhidayatullahbatam.blogspot.com/ "
69986644," "," "," "
11002192," ","sma_muhammadiyah_btm1@yahoo.co.id ","http://www.smam1.batam.co.id "
69825145," ","smkplus_kemilaubangsa@yahoo.co.id ","http://www.sekolahkemilaubangsa.sch.id/ "
11000382,"(0778)365903 ","mail@smkn1batam.sch.id ","http://www.smkn1batam.sch.id "
11000358,"0778-3582630 ","smk_eppata@yahoo.com ","http://WWW.yayasaneppatabatam.com "
11002207,"(0778) 4094907 ","tu.smkhn@yahoo.co.id ","http://www.smkhangnadimbatam.com "
11003119," ","smkmuhammadiyahbatam@gmail.com ","http://www.smkm1.batam.co,cc "
60728423," ","smkputrabatam@rocketmail.com ","http://www.putrabatam.sch.id "
69901085,"07783582860 ","smk.putrajayacentre@gmail.com ","http://www.smkputrajayacentre.sch.id "
69815389," "," ","http://www.sekolah-widya.com "
69983442," "," "," "
11001793," ","sdn001tpibarat@gmail.com "," "
11001797," ","sdn002tanjungpinangbarat@gmail.com "," "
11001801,"- ","sdn003tb@yahoo.com "," "
11001805,"0771-313840 ","sdn.11001805@gmail.com ","http://11001805.siap-sekolah.com "
11001813," ","sdn006tanjungpinangbarat@gmail.com "," "
11001820," ","sdn.008.tpi.barat@gmail.com "," "
11001828,"- ","sdnsepuluhtb@outlook.co.id "," "
11001832," ","sdnegeri_011tpibarat@yahoo.com "," "
11001836," ","sdn012tpibarat@gmail.com "," "
11001840,"- ","sdn013_tpibarat@yahoo.co.id "," "
11001843,"- ","sdn014tpibarat@gmail.co.id "," "
11001850," ","sdhangtuahtpi@gmail.com "," "
11001852," ","sdkatoliktanjungpinang@yahoo.co.id "," "
11001853," ","tjun32003@yahoo.com "," "
60706119," "," "," "
69895569," ","dar.alraudhah@gmail.com "," "
69981038," ","smpdutaalazhar@gmail.com ","http://www.dutaal-azhar@srch.id "
11001857,"- ","smp_ht@yahoo.co.id "," "
11001858," ","yasaninsak2014@gmail.com ","http://indrasakti.mysch.id/ "
11000413,"0771 21720 ","smpnegeri1_tanjungpinang@yahoo.com ","http://www.smpn1tpi.net "
69899220," ","smpnegeri15tanjungpinang@gmail.com ","http://smpn15-tpi.sch.id/id/ "
11000418," ","smpn3tpi@yahoo.co.id "," "
11000423," ","smpn8_tpi@yahoo.co.id ","http://smpn8tpi.sch.id/ "
69895570," ","dar.alraudhah@gmail.com "," "
11000433,"077121216 ","sman1tpiid@yahoo.co.id ","http://www.sman1-tpi.sch.id/ "
11000435," ","sman3_tpi@yahoo.com ","http://www.sman3-tpi.sch.id "
11000437,"0771315655 ","sman5_tpi@ymail.com ","http://sman5-tanjungpinang.sch.id "
69904915," "," "," "
11001849,"0771441885 ","sdsdjuwitatpi@yahoo.com ","http://www.sekolahdjuwita.sch.id "
69788208," ","dutaal_azharislamic@yahoo.com ","http://www.dutaal-azhar@srch.id "
11002776," ","sdsmaranatha_tpi@yahoo.co.id "," "
11001795," ","Sdn.001tt@ymail.com "," "
11001799,"0771-41082 ","sdn02tpitimur@yahoo.co.id "," "
11001803,"0 ","sdn3tpitimur@gmail.com "," "
11001807,"0771-313526 ","sdn004.tpi@gmail.com ","http://sdn004tpi.blogspot.com "
11001811,"- ","sdn005tt@yahoo.com "," "
11001815," ","sdn006_tanjungpinangtimur@yahoo.co.id "," "
11001822,"0771319006 ","sdn008_tpi_timur@yahoo.co.id "," "
11001826,"- ","sdn009tt@yahoo.co.id "," "
11001830," ","sdn.010tt@gmail.com "," "
11001834," ","sdn_011tpitimur@yahoo.com "," "
11001838,"- ","ndi_rha12@yahoo.com "," "
11001841,"- ","sdn013timur@gmail.com "," "
11002767,"0771-7330252 ","sdnegeri014tpitimur@yahoo.com ","http://www.sdn014tpitimur.sch.id./html/index.php "
69899221," ","sdn016kencana3@gmail.com "," "
69981451," ","sdn017tt@gmail.com "," "
11001851,"077144249 ","sditalmadinah2003@gmail.com "," "
69971606," "," "," "
11001970,"- ","sdsmpmuhatpi@yahoo.co.id ","http://www.sdsmpmuha-tgpinang.sch.id "
69786903," ","sdn015tpitimur@yahoo.co.id "," "
11002775,"077144208 ","yohanes_supriyanto@yahoo.co.id ","http://www.yspkanugerahtanjungpinang.org "
11003226," ","sdi.degreencamp@gmail.com ","http://www.degreencamp.sch.id "
60730045," ","sdit_assakinah@yahoo.com ","http://www.sditassakinahtpi@gmail.com "
11003310,"0771313254 ","sdskinaryagrasia@gmail.com "," "
69756226," "," "," "
69946392," ","dar.alraudhah@gmail.com "," "
11002359,"07717007720 ","ppmalkautsar@gmail.com ","http://www.smptjp.ppmalkautsar.sch.id "
11002788,"0771-441885 ","smpdjuwita@yahoo.com ","http://www.sekolahdjuwita.sch.id "
69972201," ","smp.i.dgc@gmail.com ","http://www.degreencamp.sch.id "
69979809," ","smpitassakinahtpi@gmail.com ","http://smpitassakinahtpi.co.id "
11002617," ","smpitalmadinah@gmail.com "," "
11001859,"0771-315032 ","smpkatolik_tpi@yahoo.co.id "," "
11001860," ","sdsmpmuhatpi@yahoo.co.id ","http://www.sdsmpmuha-tanjungpinang.sch.id "
11001864," ","smp12tanjungpinang@gmail.com "," "
69946151," ","smpn16.tpi@gmail.com "," "
11000417,"0771-319608 ","smpn2tpi@yahoo.co.id ","http://www.smpn2tpi.sch.id "
11000422,"- ","smpn7_tanjungpinang@yahoo.co.id ","http://www.smpn7tpi.sch.id "
69899446,"0771 442088 ","smpsanugerahtanjungpinang@gmail.com ","http://www.yspkanugerahtanjungpinang.org "
69862668," ","smadjuwita@yahoo.com ","http://www.sekolahdjuwita.sch.id "
69971073," ","sman7tanjungpinang@yahoo.com "," "
11001977,"0771318068 ","smamariatpi@gmail.com "," "
11001976,"- ","smapgri.tanjungpinang@yahoo.ico.id "," "
11000426,"077128611 ","smkn3@smkn3tpi.sch.id ","http://smkn3tpi.sch.id "
11002495," ","smkntpi4@gmail.com ","http://www.smkn4tpi.sch.id "
69774641," ","smkbintan_insani@yahoo.com ","http://www.smkbintaninsani.sch.id "
11000415," ","smkrajahaji@yahoo.co.id "," "
11003331," "," "," "
11001792,"- ","eethendri@gmail.com "," "
11001796,"0771-314434 ","sdengkuputri@yahoo.com "," "
11001800,"- ","sdn003bukitbestari@gmail.com "," "
11001804,"- ","sdn_004bb@yahoo.com "," "
11001808," ","sdnlimabb@outlook.co.id "," "
11001812,"- ","sdn006b-b3stari@gmail.com "," "
11001816," ","sdn7bukitbestari@gmail.com "," "
11001819,"0 ","arwintor11@yahoo.com "," "
11001823," ","sdtgunggat@yahoo.com "," "
11001827," ","sdn010bb@gmail.com "," "
11001831,"- ","sdnegeri011bb@gmail.com "," "
11001835," ","sdn012.bb@gmail.com "," "
11001839," ","sdn013bb@gmail.com "," "
11001842,"- ","sdn.014.binaan@gmail.com "," "
11001844," ","sdn015bukitbestari@gmail.com "," "
11001846,"- ","sdn017bukitbestari@yahoo.co.id "," "
11001847,"077124758 ","sd@pelnusa-tpi.sch.id ","http://www.pelnusa-tpi.sch.id "
69946161," ","Sekolah@toanhwa.sch.com ","http://www.toanhwa.sch.id "
11002394," ","sdmai.11002394@gmail.com "," "
60706117," "," "," "
60706118," "," "," "
11002360,"0771- 27346 ","smpmai.tpi@gmail.com ","http://www.smp.maitreyawira-tpi.sch.id "
11000421," ","smpn6.tpi@gmail.com "," "
11000412," ","smpn10tanjungpinang@gmail.com ","http://www.smpn10tpi.sch.id "
11001971," ","smpn.13sataptpi@gmail.com "," "
11000419,"077122396 ","smp4_tanjungpinang@yahoo.com "," "
11000420,"0771-22723 ","smpn5_tpi@yahoo.com "," "
11001861,"0771-24758 ","pelnusa_smp@yahoo.co.id ","http://pelnusa-tpi.sch.id "
40503228," "," "," "
40503229," "," "," "
11000434,"077122421 ","sman2_tpi@yahoo.co.id ","http://www.sman2tpi.sch.id "
11000436,"077121717 ","sma4_tpi@yahoo.com ","http://www.sman4-tanjungpinang.sch.id "
11003244,"077127346 ","smamaitreyawiratpi@yahoo.co.id ","http://www.maitreyawira-tpi.sch.id "
11001974," ","smam.tanjungpinang@gmail.com "," "
11002361,"0771 24758 ","pelnusa_sma@yahoo.com ","http://www.pelnusa-tpi.sch.id "
11000438,"0771-25695 ","smk1_tpiprovkepri@yahoo.co.id ","http://smkn1-tanjungpinang.sch.id "
11000439,"077122653 ","smkn2tanjungpinang@yahoo.com ","http://smkn2tanjungpinang.sch.id/ "
69756150," ","widya_tanjungpinang@yahoo.co.id ","http://www.smkwidyabatam.sch.id "
11003164,"0771-27346 ","smkitreyawira_tpi@yahoo.com ","http://maitreyawiratanjungpinang.org "
11000416,"0771/7330545 ","Smkpembangunan_tpi@yahoo.com ","http://Smkpembangunan-tanjungpinang.sch.id "
11003330," "," "," "
69982012," ","sditarrefahtpi@gmail.com "," "
11001798,"0771-20093 ","Sdnolnoldua.tpikota@yahoo.com "," "
11001802," ","Sdn003binaantpikota@gmail.com "," "
11001806," ","sdn004tk@yahoo.co.id "," "
11001810,"- ","sdn005tpi_kota@yahoo.com "," "
11001814," ","sdn006.tanjungpinangkota@gmail.com "," "
11001818,"- ","sdn.007tk@yahoo.com "," "
11001825,"0 ","sdn009kota@gmail.com "," "
11001829,"07717335228 ","tanjungpinangkotasdnsepuluh@yahoo.co.id "," "
11001837," ","sdn.012tpikota@gmail.com "," "
11001821,"0 ","sdndelapan_tpikota@yahoo.com "," "
11001848," ","sdsbintan@yahoo.co.id "," "
11001854," ","sdgpib@gmail.com "," "
11001856," ","smpswastabintantpi@yahoo.co.id "," "
11000411,"0771-7335628 ","smpn11tanjungpinang@gmail.com "," "
11001972,"- ","smpn14sataptanjungpinang@yahoo.com "," "
11000424,"0771451047 ","smpn9.tpi@gmail.com "," "
11001975,"0 ","tatausaha@sman6-tpi.sch.id ","http://www.sma6tanjungpinangtpi.sch.id "
69973762," ","smk5tanjungpinang@gmail.com ","http://www.smkn5tpi.sch.id "
