#,"Nama Lembaga",Jenjang,Status,NSM,Siswa,Guru,Tendik,Rombel,Perpus,Lab.,Semester,Kecamatan,Kabupaten/Kota,Provinsi
"1 "," RA Al Iman ","RA ","Swasta ","101265010003 ","73 ","5 ","1 ","3 ","0 ","0 ","2018/2019 Genap","Bunyu "," Kab. Bulungan ","Kalimantan Utara"
"2 "," RA Al Khairaat ","RA ","Swasta ","101265010006 ","106 ","10 ","1 ","4 ","0 ","0 ","2018/2019 Genap","Bunyu "," Kab. Bulungan ","Kalimantan Utara"
"3 "," MA MA Al Khairaat, BUNYU ","MA ","Swasta ","131265010002 ","26 ","12 ","1 ","3 ","1 ","1 ","2018/2019 Genap","Bunyu "," Kab. Bulungan ","Kalimantan Utara"
"4 "," MI MI 009 Al-Khairaat ","MI ","Swasta ","111265010001 ","158 ","15 ","1 ","29 ","1 ","0 ","2018/2019 Genap","Bunyu "," Kab. Bulungan ","Kalimantan Utara"
"5 "," MI MI Alkhairat No008 ","MI ","Swasta ","111265010003 ","22 ","11 ","2 ","7 ","0 ","0 ","2018/2019 Genap","Bunyu "," Kab. Bulungan ","Kalimantan Utara"
"6 "," MTS MTs Al Khairaat, BUNYU ","MTS ","Swasta ","121265010001 ","25 ","7 ","1 ","3 ","0 ","0 ","2018/2019 Genap","Bunyu "," Kab. Bulungan ","Kalimantan Utara"
"1 "," RA Al Iman ","RA ","Swasta ","101265010003 ","73 ","5 ","1 ","3 ","0 ","0 ","2018/2019 Ganjil","Bunyu "," Kab. Bulungan ","Kalimantan Utara"
"2 "," RA Al Khairaat ","RA ","Swasta ","101265010006 ","106 ","10 ","1 ","4 ","0 ","0 ","2018/2019 Ganjil","Bunyu "," Kab. Bulungan ","Kalimantan Utara"
"3 "," MA MA Al Khairaat, BUNYU ","MA ","Swasta ","131265010002 ","24 ","12 ","1 ","3 ","1 ","1 ","2018/2019 Ganjil","Bunyu "," Kab. Bulungan ","Kalimantan Utara"
"4 "," MI MI 009 Al-Khairaat ","MI ","Swasta ","111265010001 ","162 ","15 ","1 ","29 ","1 ","0 ","2018/2019 Ganjil","Bunyu "," Kab. Bulungan ","Kalimantan Utara"
"5 "," MI MI Alkhairat No008 ","MI ","Swasta ","111265010003 ","23 ","11 ","2 ","7 ","0 ","0 ","2018/2019 Ganjil","Bunyu "," Kab. Bulungan ","Kalimantan Utara"
"6 "," MTS MTs Al Khairaat, BUNYU ","MTS ","Swasta ","121265010001 ","28 ","7 ","1 ","3 ","0 ","0 ","2018/2019 Ganjil","Bunyu "," Kab. Bulungan ","Kalimantan Utara"
"1 "," RA Al Iman ","RA ","Swasta ","101265010003 ","20 ","5 ","1 ","3 ","0 ","0 ","2017/2018 Ganjil","Bunyu "," Kab. Bulungan ","Kalimantan Utara"
"2 "," RA Al Khairaat ","RA ","Swasta ","101265010006 ","38 ","10 ","1 ","4 ","0 ","0 ","2017/2018 Ganjil","Bunyu "," Kab. Bulungan ","Kalimantan Utara"
"3 "," MA MA Al Khairaat, BUNYU ","MA ","Swasta ","131265010002 ","8 ","12 ","1 ","3 ","1 ","1 ","2017/2018 Ganjil","Bunyu "," Kab. Bulungan ","Kalimantan Utara"
"4 "," MI MI 009 Al-Khairaat ","MI ","Swasta ","111265010001 ","117 ","15 ","1 ","29 ","1 ","0 ","2017/2018 Ganjil","Bunyu "," Kab. Bulungan ","Kalimantan Utara"
"5 "," MI MI Alkhairat No008 ","MI ","Swasta ","111265010003 ","22 ","11 ","2 ","7 ","0 ","0 ","2017/2018 Ganjil","Bunyu "," Kab. Bulungan ","Kalimantan Utara"
"6 "," MTS MTs Al Khairaat, BUNYU ","MTS ","Swasta ","121265010001 ","7 ","7 ","1 ","3 ","0 ","0 ","2017/2018 Ganjil","Bunyu "," Kab. Bulungan ","Kalimantan Utara"
"1 "," MTS MADRASAH TSANAWIYAH AL-HAYAT ","MTS ","Swasta ","121265010005 ","25 ","13 ","1 ","3 ","0 ","0 ","2018/2019 Genap","Tanjung Palas "," Kab. Bulungan ","Kalimantan Utara"
"1 "," MTS MADRASAH TSANAWIYAH AL-HAYAT ","MTS ","Swasta ","121265010005 ","25 ","13 ","1 ","3 ","0 ","0 ","2018/2019 Ganjil","Tanjung Palas "," Kab. Bulungan ","Kalimantan Utara"
"1 "," MTS MADRASAH TSANAWIYAH AL-HAYAT ","MTS ","Swasta ","121265010005 ","1 ","13 ","1 ","3 ","0 ","0 ","2017/2018 Ganjil","Tanjung Palas "," Kab. Bulungan ","Kalimantan Utara"
"1 "," RA SABILUL MUNIJAT TUJUH SATU ","RA ","Swasta ","101265010009 ","5 ","1 ","1 ","2 ","0 ","0 ","2018/2019 Genap","Tanjung Palas Tengah "," Kab. Bulungan ","Kalimantan Utara"
"1 "," RA SABILUL MUNIJAT TUJUH SATU ","RA ","Swasta ","101265010009 ","1 ","1 ","1 ","2 ","0 ","0 ","2018/2019 Ganjil","Tanjung Palas Tengah "," Kab. Bulungan ","Kalimantan Utara"
"1 "," RA SABILUL MUNIJAT TUJUH SATU ","RA ","Swasta ","101265010009 ","1 ","1 ","1 ","2 ","0 ","0 ","2017/2018 Ganjil","Tanjung Palas Tengah "," Kab. Bulungan ","Kalimantan Utara"
"1 "," RA As Salam ","RA ","Swasta ","101265010005 ","17 ","4 ","2 ","2 ","0 ","0 ","2018/2019 Genap","Tanjung Palas Utara "," Kab. Bulungan ","Kalimantan Utara"
"2 "," MI MI Salafiyah Syaf`iiyah ","MI ","Swasta ","111265010002 ","90 ","8 ","1 ","6 ","1 ","0 ","2018/2019 Genap","Tanjung Palas Utara "," Kab. Bulungan ","Kalimantan Utara"
"3 "," MTS MTs Makarti Utama ","MTS ","Swasta ","121265010002 ","62 ","12 ","1 ","3 ","1 ","1 ","2018/2019 Genap","Tanjung Palas Utara "," Kab. Bulungan ","Kalimantan Utara"
"4 "," RA Ra/ba At-Taqwa ","RA ","Swasta ","101265010008 ","34 ","5 ","1 ","2 ","0 ","0 ","2018/2019 Genap","Tanjung Palas Utara "," Kab. Bulungan ","Kalimantan Utara"
"1 "," RA As Salam ","RA ","Swasta ","101265010005 ","17 ","4 ","2 ","2 ","0 ","0 ","2018/2019 Ganjil","Tanjung Palas Utara "," Kab. Bulungan ","Kalimantan Utara"
"2 "," MI MI Salafiyah Syaf`iiyah ","MI ","Swasta ","111265010002 ","92 ","8 ","1 ","6 ","1 ","0 ","2018/2019 Ganjil","Tanjung Palas Utara "," Kab. Bulungan ","Kalimantan Utara"
"3 "," MTS MTs Makarti Utama ","MTS ","Swasta ","121265010002 ","68 ","12 ","1 ","3 ","1 ","1 ","2018/2019 Ganjil","Tanjung Palas Utara "," Kab. Bulungan ","Kalimantan Utara"
"4 "," RA Ra/ba At-Taqwa ","RA ","Swasta ","101265010008 ","34 ","5 ","1 ","2 ","0 ","0 ","2018/2019 Ganjil","Tanjung Palas Utara "," Kab. Bulungan ","Kalimantan Utara"
"1 "," RA As Salam ","RA ","Swasta ","101265010005 ","2 ","4 ","2 ","2 ","0 ","0 ","2017/2018 Ganjil","Tanjung Palas Utara "," Kab. Bulungan ","Kalimantan Utara"
"2 "," MI MI Salafiyah Syaf`iiyah ","MI ","Swasta ","111265010002 ","72 ","8 ","1 ","6 ","1 ","0 ","2017/2018 Ganjil","Tanjung Palas Utara "," Kab. Bulungan ","Kalimantan Utara"
"3 "," MTS MTs Makarti Utama ","MTS ","Swasta ","121265010002 ","43 ","12 ","1 ","3 ","1 ","1 ","2017/2018 Ganjil","Tanjung Palas Utara "," Kab. Bulungan ","Kalimantan Utara"
"4 "," RA Ra/ba At-Taqwa ","RA ","Swasta ","101265010008 ","19 ","5 ","1 ","2 ","0 ","0 ","2017/2018 Ganjil","Tanjung Palas Utara "," Kab. Bulungan ","Kalimantan Utara"
"1 "," MA AHMADA ","MA ","Swasta ","131265010004 ","15 ","3 ","1 ","5 ","0 ","0 ","2018/2019 Genap","Tanjung Selor "," Kab. Bulungan ","Kalimantan Utara"
"2 "," RA Al Ikhlas ","RA ","Swasta ","101265010001 ","170 ","22 ","1 ","7 ","0 ","0 ","2018/2019 Genap","Tanjung Selor "," Kab. Bulungan ","Kalimantan Utara"
"3 "," MA Alkhairaat ","MA ","Swasta ","131265010001 ","20 ","20 ","2 ","5 ","1 ","1 ","2018/2019 Genap","Tanjung Selor "," Kab. Bulungan ","Kalimantan Utara"
"4 "," RA Al Khairaat ","RA ","Swasta ","101265010004 ","77 ","9 ","1 ","4 ","0 ","0 ","2018/2019 Genap","Tanjung Selor "," Kab. Bulungan ","Kalimantan Utara"
"5 "," MA MAN Bulungan ","MA ","Negeri ","131165010001 ","129 ","41 ","2 ","12 ","0 ","0 ","2018/2019 Genap","Tanjung Selor "," Kab. Bulungan ","Kalimantan Utara"
"6 "," MI MIN 029 Tanjung Selor ","MI ","Negeri ","111165010001 ","540 ","26 ","5 ","20 ","1 ","0 ","2018/2019 Genap","Tanjung Selor "," Kab. Bulungan ","Kalimantan Utara"
"7 "," MTS MTs Al Anshar ","MTS ","Swasta ","121265010003 ","96 ","15 ","1 ","3 ","0 ","0 ","2018/2019 Genap","Tanjung Selor "," Kab. Bulungan ","Kalimantan Utara"
"8 "," MTS MTsN Tanjung Selor ","MTS ","Negeri ","121165010001 ","357 ","27 ","11 ","13 ","0 ","0 ","2018/2019 Genap","Tanjung Selor "," Kab. Bulungan ","Kalimantan Utara"
"9 "," MA NURUL MUJAHIDAH ","MA ","Swasta ","131265010003 ","13 ","6 ","2 ","3 ","0 ","0 ","2018/2019 Genap","Tanjung Selor "," Kab. Bulungan ","Kalimantan Utara"
"10 "," MTS NURUL MUJAHIDAH ","MTS ","Swasta ","121265010004 ","14 ","1 ","1 ","3 ","0 ","0 ","2018/2019 Genap","Tanjung Selor "," Kab. Bulungan ","Kalimantan Utara"
"11 "," RA RA/BA AL-ANSHAR ","RA ","Swasta ","101265010007 ","22 ","1 ","1 ","0 ","0 ","0 ","2018/2019 Genap","Tanjung Selor "," Kab. Bulungan ","Kalimantan Utara"
"1 "," MA AHMADA ","MA ","Swasta ","131265010004 ","15 ","3 ","1 ","5 ","0 ","0 ","2018/2019 Ganjil","Tanjung Selor "," Kab. Bulungan ","Kalimantan Utara"
"2 "," RA Al Ikhlas ","RA ","Swasta ","101265010001 ","149 ","22 ","1 ","7 ","0 ","0 ","2018/2019 Ganjil","Tanjung Selor "," Kab. Bulungan ","Kalimantan Utara"
"3 "," MA Alkhairaat ","MA ","Swasta ","131265010001 ","33 ","20 ","2 ","5 ","1 ","1 ","2018/2019 Ganjil","Tanjung Selor "," Kab. Bulungan ","Kalimantan Utara"
"4 "," RA Al Khairaat ","RA ","Swasta ","101265010004 ","77 ","9 ","1 ","4 ","0 ","0 ","2018/2019 Ganjil","Tanjung Selor "," Kab. Bulungan ","Kalimantan Utara"
"5 "," MA MAN Bulungan ","MA ","Negeri ","131165010001 ","135 ","41 ","2 ","12 ","0 ","0 ","2018/2019 Ganjil","Tanjung Selor "," Kab. Bulungan ","Kalimantan Utara"
"6 "," MI MIN 029 Tanjung Selor ","MI ","Negeri ","111165010001 ","545 ","26 ","5 ","20 ","1 ","0 ","2018/2019 Ganjil","Tanjung Selor "," Kab. Bulungan ","Kalimantan Utara"
"7 "," MTS MTs Al Anshar ","MTS ","Swasta ","121265010003 ","99 ","15 ","1 ","3 ","0 ","0 ","2018/2019 Ganjil","Tanjung Selor "," Kab. Bulungan ","Kalimantan Utara"
"8 "," MTS MTsN Tanjung Selor ","MTS ","Negeri ","121165010001 ","359 ","27 ","11 ","13 ","0 ","0 ","2018/2019 Ganjil","Tanjung Selor "," Kab. Bulungan ","Kalimantan Utara"
"9 "," MA NURUL MUJAHIDAH ","MA ","Swasta ","131265010003 ","1 ","6 ","2 ","3 ","0 ","0 ","2018/2019 Ganjil","Tanjung Selor "," Kab. Bulungan ","Kalimantan Utara"
"10 "," MTS NURUL MUJAHIDAH ","MTS ","Swasta ","121265010004 ","1 ","1 ","1 ","3 ","0 ","0 ","2018/2019 Ganjil","Tanjung Selor "," Kab. Bulungan ","Kalimantan Utara"
"11 "," RA RA/BA AL-ANSHAR ","RA ","Swasta ","101265010007 ","22 ","1 ","1 ","0 ","0 ","0 ","2018/2019 Ganjil","Tanjung Selor "," Kab. Bulungan ","Kalimantan Utara"
"1 "," MA AHMADA ","MA ","Swasta ","131265010004 ","1 ","3 ","1 ","5 ","0 ","0 ","2017/2018 Ganjil","Tanjung Selor "," Kab. Bulungan ","Kalimantan Utara"
"2 "," RA Al Ikhlas ","RA ","Swasta ","101265010001 ","66 ","22 ","1 ","7 ","0 ","0 ","2017/2018 Ganjil","Tanjung Selor "," Kab. Bulungan ","Kalimantan Utara"
"3 "," MA Alkhairaat ","MA ","Swasta ","131265010001 ","18 ","20 ","2 ","5 ","1 ","1 ","2017/2018 Ganjil","Tanjung Selor "," Kab. Bulungan ","Kalimantan Utara"
"4 "," RA Al Khairaat ","RA ","Swasta ","101265010004 ","21 ","9 ","1 ","4 ","0 ","0 ","2017/2018 Ganjil","Tanjung Selor "," Kab. Bulungan ","Kalimantan Utara"
"5 "," MA MAN Bulungan ","MA ","Negeri ","131165010001 ","25 ","41 ","2 ","12 ","0 ","0 ","2017/2018 Ganjil","Tanjung Selor "," Kab. Bulungan ","Kalimantan Utara"
"6 "," MI MIN 029 Tanjung Selor ","MI ","Negeri ","111165010001 ","439 ","26 ","5 ","20 ","1 ","0 ","2017/2018 Ganjil","Tanjung Selor "," Kab. Bulungan ","Kalimantan Utara"
"7 "," MTS MTs Al Anshar ","MTS ","Swasta ","121265010003 ","59 ","15 ","1 ","3 ","0 ","0 ","2017/2018 Ganjil","Tanjung Selor "," Kab. Bulungan ","Kalimantan Utara"
"8 "," MTS MTsN Tanjung Selor ","MTS ","Negeri ","121165010001 ","242 ","27 ","11 ","13 ","0 ","0 ","2017/2018 Ganjil","Tanjung Selor "," Kab. Bulungan ","Kalimantan Utara"
"9 "," MA NURUL MUJAHIDAH ","MA ","Swasta ","131265010003 ","1 ","6 ","2 ","3 ","0 ","0 ","2017/2018 Ganjil","Tanjung Selor "," Kab. Bulungan ","Kalimantan Utara"
"10 "," MTS NURUL MUJAHIDAH ","MTS ","Swasta ","121265010004 ","1 ","1 ","1 ","3 ","0 ","0 ","2017/2018 Ganjil","Tanjung Selor "," Kab. Bulungan ","Kalimantan Utara"
"11 "," RA RA/BA AL-ANSHAR ","RA ","Swasta ","101265010007 ","22 ","1 ","1 ","0 ","0 ","0 ","2017/2018 Ganjil","Tanjung Selor "," Kab. Bulungan ","Kalimantan Utara"
"1 "," MI Al Khairaat ","MI ","Swasta ","111265710003 ","155 ","11 ","1 ","12 ","1 ","0 ","2018/2019 Genap","Tarakan Barat "," Kota Tarakan ","Kalimantan Utara"
"2 "," MI Arrayyan ","MI ","Swasta ","111265710005 ","158 ","12 ","1 ","7 ","0 ","0 ","2018/2019 Genap","Tarakan Barat "," Kota Tarakan ","Kalimantan Utara"
"3 "," RA Arrayyan I ","RA ","Swasta ","101265710006 ","1 ","1 ","1 ","0 ","0 ","0 ","2018/2019 Genap","Tarakan Barat "," Kota Tarakan ","Kalimantan Utara"
"4 "," RA Arrayyan II ","RA ","Swasta ","101265710007 ","41 ","7 ","1 ","4 ","0 ","0 ","2018/2019 Genap","Tarakan Barat "," Kota Tarakan ","Kalimantan Utara"
"5 "," RA As Sakinah Tarakan ","RA ","Swasta ","101265710009 ","25 ","6 ","1 ","4 ","0 ","0 ","2018/2019 Genap","Tarakan Barat "," Kota Tarakan ","Kalimantan Utara"
"6 "," RA Cendikia ","RA ","Swasta ","101265710010 ","45 ","8 ","2 ","4 ","0 ","0 ","2018/2019 Genap","Tarakan Barat "," Kota Tarakan ","Kalimantan Utara"
"7 "," RA Cordova Tarakan ","RA ","Swasta ","101265710005 ","20 ","5 ","1 ","2 ","0 ","0 ","2018/2019 Genap","Tarakan Barat "," Kota Tarakan ","Kalimantan Utara"
"8 "," RA Handayani Tarakan ","RA ","Swasta ","101265710003 ","243 ","23 ","2 ","10 ","0 ","0 ","2018/2019 Genap","Tarakan Barat "," Kota Tarakan ","Kalimantan Utara"
"9 "," MA RAUDHOTUL QUR'AN ","MA ","Swasta ","131265710003 ","35 ","10 ","6 ","7 ","1 ","1 ","2018/2019 Genap","Tarakan Barat "," Kota Tarakan ","Kalimantan Utara"
"10 "," MTS RAUDHOTUL QUR'AN ","MTS ","Swasta ","121265710004 ","95 ","6 ","4 ","8 ","1 ","1 ","2018/2019 Genap","Tarakan Barat "," Kota Tarakan ","Kalimantan Utara"
"1 "," MI Al Khairaat ","MI ","Swasta ","111265710003 ","157 ","11 ","1 ","12 ","1 ","0 ","2018/2019 Ganjil","Tarakan Barat "," Kota Tarakan ","Kalimantan Utara"
"2 "," MI Arrayyan ","MI ","Swasta ","111265710005 ","141 ","12 ","1 ","7 ","0 ","0 ","2018/2019 Ganjil","Tarakan Barat "," Kota Tarakan ","Kalimantan Utara"
"3 "," RA Arrayyan I ","RA ","Swasta ","101265710006 ","1 ","1 ","1 ","0 ","0 ","0 ","2018/2019 Ganjil","Tarakan Barat "," Kota Tarakan ","Kalimantan Utara"
"4 "," RA Arrayyan II ","RA ","Swasta ","101265710007 ","41 ","7 ","1 ","4 ","0 ","0 ","2018/2019 Ganjil","Tarakan Barat "," Kota Tarakan ","Kalimantan Utara"
"5 "," RA As Sakinah Tarakan ","RA ","Swasta ","101265710009 ","25 ","6 ","1 ","4 ","0 ","0 ","2018/2019 Ganjil","Tarakan Barat "," Kota Tarakan ","Kalimantan Utara"
"6 "," RA Cendikia ","RA ","Swasta ","101265710010 ","45 ","8 ","2 ","4 ","0 ","0 ","2018/2019 Ganjil","Tarakan Barat "," Kota Tarakan ","Kalimantan Utara"
"7 "," RA Cordova Tarakan ","RA ","Swasta ","101265710005 ","20 ","5 ","1 ","2 ","0 ","0 ","2018/2019 Ganjil","Tarakan Barat "," Kota Tarakan ","Kalimantan Utara"
"8 "," RA Handayani Tarakan ","RA ","Swasta ","101265710003 ","243 ","23 ","2 ","10 ","0 ","0 ","2018/2019 Ganjil","Tarakan Barat "," Kota Tarakan ","Kalimantan Utara"
"9 "," MA RAUDHOTUL QUR'AN ","MA ","Swasta ","131265710003 ","36 ","10 ","6 ","7 ","1 ","1 ","2018/2019 Ganjil","Tarakan Barat "," Kota Tarakan ","Kalimantan Utara"
"10 "," MTS RAUDHOTUL QUR'AN ","MTS ","Swasta ","121265710004 ","95 ","6 ","4 ","8 ","1 ","1 ","2018/2019 Ganjil","Tarakan Barat "," Kota Tarakan ","Kalimantan Utara"
"1 "," MI Al Khairaat ","MI ","Swasta ","111265710003 ","130 ","11 ","1 ","12 ","1 ","0 ","2017/2018 Ganjil","Tarakan Barat "," Kota Tarakan ","Kalimantan Utara"
"2 "," MI Arrayyan ","MI ","Swasta ","111265710005 ","117 ","12 ","1 ","7 ","0 ","0 ","2017/2018 Ganjil","Tarakan Barat "," Kota Tarakan ","Kalimantan Utara"
"3 "," RA Arrayyan I ","RA ","Swasta ","101265710006 ","1 ","1 ","1 ","0 ","0 ","0 ","2017/2018 Ganjil","Tarakan Barat "," Kota Tarakan ","Kalimantan Utara"
"4 "," RA Arrayyan II ","RA ","Swasta ","101265710007 ","1 ","7 ","1 ","4 ","0 ","0 ","2017/2018 Ganjil","Tarakan Barat "," Kota Tarakan ","Kalimantan Utara"
"5 "," RA As Sakinah Tarakan ","RA ","Swasta ","101265710009 ","8 ","6 ","1 ","4 ","0 ","0 ","2017/2018 Ganjil","Tarakan Barat "," Kota Tarakan ","Kalimantan Utara"
"6 "," RA Cendikia ","RA ","Swasta ","101265710010 ","21 ","8 ","2 ","4 ","0 ","0 ","2017/2018 Ganjil","Tarakan Barat "," Kota Tarakan ","Kalimantan Utara"
"7 "," RA Cordova Tarakan ","RA ","Swasta ","101265710005 ","8 ","5 ","1 ","2 ","0 ","0 ","2017/2018 Ganjil","Tarakan Barat "," Kota Tarakan ","Kalimantan Utara"
"8 "," RA Handayani Tarakan ","RA ","Swasta ","101265710003 ","61 ","23 ","2 ","10 ","0 ","0 ","2017/2018 Ganjil","Tarakan Barat "," Kota Tarakan ","Kalimantan Utara"
"9 "," MA RAUDHOTUL QUR'AN ","MA ","Swasta ","131265710003 ","1 ","10 ","6 ","7 ","1 ","1 ","2017/2018 Ganjil","Tarakan Barat "," Kota Tarakan ","Kalimantan Utara"
"10 "," MTS RAUDHOTUL QUR'AN ","MTS ","Swasta ","121265710004 ","1 ","6 ","4 ","8 ","1 ","1 ","2017/2018 Ganjil","Tarakan Barat "," Kota Tarakan ","Kalimantan Utara"
"1 "," MI AL FAWAID ","MI ","Swasta ","111265710006 ","49 ","6 ","1 ","6 ","1 ","0 ","2018/2019 Genap","Tarakan Tengah "," Kota Tarakan ","Kalimantan Utara"
"2 "," RA Al Fawaid Tarakan ","RA ","Swasta ","101265710011 ","21 ","1 ","1 ","2 ","0 ","0 ","2018/2019 Genap","Tarakan Tengah "," Kota Tarakan ","Kalimantan Utara"
"3 "," MA Aliyah Alkhairaat Tarakan ","MA ","Swasta ","131265710001 ","72 ","13 ","4 ","4 ","1 ","2 ","2018/2019 Genap","Tarakan Tengah "," Kota Tarakan ","Kalimantan Utara"
"4 "," MA Aliyah Negeri ","MA ","Negeri ","131165710001 ","560 ","9 ","1 ","19 ","1 ","4 ","2018/2019 Genap","Tarakan Tengah "," Kota Tarakan ","Kalimantan Utara"
"5 "," MI Al Mujahidin ","MI ","Swasta ","111265710001 ","140 ","10 ","1 ","6 ","1 ","1 ","2018/2019 Genap","Tarakan Tengah "," Kota Tarakan ","Kalimantan Utara"
"6 "," RA Insan Nur Tarakan ","RA ","Swasta ","101265710012 ","1 ","1 ","1 ","0 ","0 ","0 ","2018/2019 Genap","Tarakan Tengah "," Kota Tarakan ","Kalimantan Utara"
"7 "," MI Sabilul Khairat ","MI ","Swasta ","111265710004 ","107 ","8 ","1 ","6 ","2 ","0 ","2018/2019 Genap","Tarakan Tengah "," Kota Tarakan ","Kalimantan Utara"
"8 "," MTS Tsanawiyah Al Khairaat ","MTS ","Swasta ","121265710001 ","118 ","13 ","4 ","6 ","1 ","2 ","2018/2019 Genap","Tarakan Tengah "," Kota Tarakan ","Kalimantan Utara"
"1 "," MI AL FAWAID ","MI ","Swasta ","111265710006 ","49 ","6 ","1 ","6 ","1 ","0 ","2018/2019 Ganjil","Tarakan Tengah "," Kota Tarakan ","Kalimantan Utara"
"2 "," RA Al Fawaid Tarakan ","RA ","Swasta ","101265710011 ","21 ","1 ","1 ","2 ","0 ","0 ","2018/2019 Ganjil","Tarakan Tengah "," Kota Tarakan ","Kalimantan Utara"
"3 "," MA Aliyah Alkhairaat Tarakan ","MA ","Swasta ","131265710001 ","72 ","13 ","4 ","4 ","1 ","2 ","2018/2019 Ganjil","Tarakan Tengah "," Kota Tarakan ","Kalimantan Utara"
"4 "," MA Aliyah Negeri ","MA ","Negeri ","131165710001 ","575 ","9 ","1 ","19 ","1 ","4 ","2018/2019 Ganjil","Tarakan Tengah "," Kota Tarakan ","Kalimantan Utara"
"5 "," MI Al Mujahidin ","MI ","Swasta ","111265710001 ","116 ","10 ","1 ","6 ","1 ","1 ","2018/2019 Ganjil","Tarakan Tengah "," Kota Tarakan ","Kalimantan Utara"
"6 "," RA Insan Nur Tarakan ","RA ","Swasta ","101265710012 ","1 ","1 ","1 ","0 ","0 ","0 ","2018/2019 Ganjil","Tarakan Tengah "," Kota Tarakan ","Kalimantan Utara"
"7 "," MI Sabilul Khairat ","MI ","Swasta ","111265710004 ","109 ","8 ","1 ","6 ","2 ","0 ","2018/2019 Ganjil","Tarakan Tengah "," Kota Tarakan ","Kalimantan Utara"
"8 "," MTS Tsanawiyah Al Khairaat ","MTS ","Swasta ","121265710001 ","120 ","13 ","4 ","6 ","1 ","2 ","2018/2019 Ganjil","Tarakan Tengah "," Kota Tarakan ","Kalimantan Utara"
"1 "," MI AL FAWAID ","MI ","Swasta ","111265710006 ","1 ","6 ","1 ","6 ","1 ","0 ","2017/2018 Ganjil","Tarakan Tengah "," Kota Tarakan ","Kalimantan Utara"
"2 "," RA Al Fawaid Tarakan ","RA ","Swasta ","101265710011 ","3 ","1 ","1 ","2 ","0 ","0 ","2017/2018 Ganjil","Tarakan Tengah "," Kota Tarakan ","Kalimantan Utara"
"3 "," MA Aliyah Alkhairaat Tarakan ","MA ","Swasta ","131265710001 ","71 ","13 ","4 ","4 ","1 ","2 ","2017/2018 Ganjil","Tarakan Tengah "," Kota Tarakan ","Kalimantan Utara"
"4 "," MA Aliyah Negeri ","MA ","Negeri ","131165710001 ","331 ","9 ","1 ","19 ","1 ","4 ","2017/2018 Ganjil","Tarakan Tengah "," Kota Tarakan ","Kalimantan Utara"
"5 "," MI Al Mujahidin ","MI ","Swasta ","111265710001 ","112 ","10 ","1 ","6 ","1 ","1 ","2017/2018 Ganjil","Tarakan Tengah "," Kota Tarakan ","Kalimantan Utara"
"6 "," RA Insan Nur Tarakan ","RA ","Swasta ","101265710012 ","1 ","1 ","1 ","0 ","0 ","0 ","2017/2018 Ganjil","Tarakan Tengah "," Kota Tarakan ","Kalimantan Utara"
"7 "," MI Sabilul Khairat ","MI ","Swasta ","111265710004 ","84 ","8 ","1 ","6 ","2 ","0 ","2017/2018 Ganjil","Tarakan Tengah "," Kota Tarakan ","Kalimantan Utara"
"8 "," MTS Tsanawiyah Al Khairaat ","MTS ","Swasta ","121265710001 ","89 ","13 ","4 ","6 ","1 ","2 ","2017/2018 Ganjil","Tarakan Tengah "," Kota Tarakan ","Kalimantan Utara"
"1 "," MI Al Fatah ","MI ","Swasta ","111265710002 ","214 ","21 ","1 ","14 ","0 ","0 ","2018/2019 Genap","Tarakan Timur "," Kota Tarakan ","Kalimantan Utara"
"2 "," MTS Al- Fatah Tarakan ","MTS ","Swasta ","121265710002 ","53 ","15 ","1 ","6 ","1 ","1 ","2018/2019 Genap","Tarakan Timur "," Kota Tarakan ","Kalimantan Utara"
"3 "," MTS Darud Dakwah Wal Irsyad ","MTS ","Swasta ","121265710003 ","164 ","23 ","6 ","7 ","1 ","2 ","2018/2019 Genap","Tarakan Timur "," Kota Tarakan ","Kalimantan Utara"
"4 "," RA Darud Dakwah Wal Irsyad Tarakan ","RA ","Swasta ","101265710001 ","20 ","4 ","1 ","3 ","0 ","0 ","2018/2019 Genap","Tarakan Timur "," Kota Tarakan ","Kalimantan Utara"
"5 "," RA Darussalam Tarakan ","RA ","Swasta ","101265710004 ","70 ","1 ","1 ","5 ","0 ","0 ","2018/2019 Genap","Tarakan Timur "," Kota Tarakan ","Kalimantan Utara"
"6 "," MI DAUD KHOLIFATULLOH ","MI ","Swasta ","111265710007 ","67 ","10 ","1 ","5 ","1 ","0 ","2018/2019 Genap","Tarakan Timur "," Kota Tarakan ","Kalimantan Utara"
"7 "," MTS Madrasah Tsanawiyah Negeri Tarakan ","MTS ","Negeri ","121165710001 ","169 ","29 ","14 ","13 ","0 ","0 ","2018/2019 Genap","Tarakan Timur "," Kota Tarakan ","Kalimantan Utara"
"8 "," RA Qurrotu Ayun Tarakan ","RA ","Swasta ","101265710008 ","26 ","1 ","1 ","3 ","0 ","0 ","2018/2019 Genap","Tarakan Timur "," Kota Tarakan ","Kalimantan Utara"
"9 "," MA TAHFIDZ PUTRI ","MA ","Swasta ","131265710002 ","3 ","14 ","1 ","3 ","1 ","2 ","2018/2019 Genap","Tarakan Timur "," Kota Tarakan ","Kalimantan Utara"
"1 "," MI Al Fatah ","MI ","Swasta ","111265710002 ","214 ","21 ","1 ","14 ","0 ","0 ","2018/2019 Ganjil","Tarakan Timur "," Kota Tarakan ","Kalimantan Utara"
"2 "," MTS Al- Fatah Tarakan ","MTS ","Swasta ","121265710002 ","62 ","15 ","1 ","6 ","1 ","1 ","2018/2019 Ganjil","Tarakan Timur "," Kota Tarakan ","Kalimantan Utara"
"3 "," MTS Darud Dakwah Wal Irsyad ","MTS ","Swasta ","121265710003 ","170 ","23 ","6 ","7 ","1 ","2 ","2018/2019 Ganjil","Tarakan Timur "," Kota Tarakan ","Kalimantan Utara"
"4 "," RA Darud Dakwah Wal Irsyad Tarakan ","RA ","Swasta ","101265710001 ","20 ","4 ","1 ","3 ","0 ","0 ","2018/2019 Ganjil","Tarakan Timur "," Kota Tarakan ","Kalimantan Utara"
"5 "," RA Darussalam Tarakan ","RA ","Swasta ","101265710004 ","47 ","1 ","1 ","5 ","0 ","0 ","2018/2019 Ganjil","Tarakan Timur "," Kota Tarakan ","Kalimantan Utara"
"6 "," MI DAUD KHOLIFATULLOH ","MI ","Swasta ","111265710007 ","1 ","10 ","1 ","5 ","1 ","0 ","2018/2019 Ganjil","Tarakan Timur "," Kota Tarakan ","Kalimantan Utara"
"7 "," MTS Madrasah Tsanawiyah Negeri Tarakan ","MTS ","Negeri ","121165710001 ","182 ","29 ","14 ","13 ","0 ","0 ","2018/2019 Ganjil","Tarakan Timur "," Kota Tarakan ","Kalimantan Utara"
"8 "," RA Qurrotu Ayun Tarakan ","RA ","Swasta ","101265710008 ","26 ","1 ","1 ","3 ","0 ","0 ","2018/2019 Ganjil","Tarakan Timur "," Kota Tarakan ","Kalimantan Utara"
"9 "," MA TAHFIDZ PUTRI ","MA ","Swasta ","131265710002 ","1 ","14 ","1 ","3 ","1 ","2 ","2018/2019 Ganjil","Tarakan Timur "," Kota Tarakan ","Kalimantan Utara"
"1 "," MI Al Fatah ","MI ","Swasta ","111265710002 ","169 ","21 ","1 ","14 ","0 ","0 ","2017/2018 Ganjil","Tarakan Timur "," Kota Tarakan ","Kalimantan Utara"
"2 "," MTS Al- Fatah Tarakan ","MTS ","Swasta ","121265710002 ","51 ","15 ","1 ","6 ","1 ","1 ","2017/2018 Ganjil","Tarakan Timur "," Kota Tarakan ","Kalimantan Utara"
"3 "," MTS Darud Dakwah Wal Irsyad ","MTS ","Swasta ","121265710003 ","61 ","23 ","6 ","7 ","1 ","2 ","2017/2018 Ganjil","Tarakan Timur "," Kota Tarakan ","Kalimantan Utara"
"4 "," RA Darud Dakwah Wal Irsyad Tarakan ","RA ","Swasta ","101265710001 ","8 ","4 ","1 ","3 ","0 ","0 ","2017/2018 Ganjil","Tarakan Timur "," Kota Tarakan ","Kalimantan Utara"
"5 "," RA Darussalam Tarakan ","RA ","Swasta ","101265710004 ","1 ","1 ","1 ","5 ","0 ","0 ","2017/2018 Ganjil","Tarakan Timur "," Kota Tarakan ","Kalimantan Utara"
"6 "," MI DAUD KHOLIFATULLOH ","MI ","Swasta ","111265710007 ","1 ","10 ","1 ","5 ","1 ","0 ","2017/2018 Ganjil","Tarakan Timur "," Kota Tarakan ","Kalimantan Utara"
"7 "," MTS Madrasah Tsanawiyah Negeri Tarakan ","MTS ","Negeri ","121165710001 ","216 ","29 ","14 ","13 ","0 ","0 ","2017/2018 Ganjil","Tarakan Timur "," Kota Tarakan ","Kalimantan Utara"
"8 "," RA Qurrotu Ayun Tarakan ","RA ","Swasta ","101265710008 ","4 ","1 ","1 ","3 ","0 ","0 ","2017/2018 Ganjil","Tarakan Timur "," Kota Tarakan ","Kalimantan Utara"
"9 "," MA TAHFIDZ PUTRI ","MA ","Swasta ","131265710002 ","1 ","14 ","1 ","3 ","1 ","2 ","2017/2018 Ganjil","Tarakan Timur "," Kota Tarakan ","Kalimantan Utara"
"1 "," MI Al Izzah Tarakan ","MI ","Swasta ","111265710008 ","9 ","3 ","1 ","3 ","0 ","0 ","2018/2019 Genap","Tarakan Utara "," Kota Tarakan ","Kalimantan Utara"
"2 "," RA Pangeran Antasari Tarakan ","RA ","Swasta ","101265710002 ","41 ","1 ","1 ","3 ","0 ","0 ","2018/2019 Genap","Tarakan Utara "," Kota Tarakan ","Kalimantan Utara"
"1 "," MI Al Izzah Tarakan ","MI ","Swasta ","111265710008 ","1 ","3 ","1 ","3 ","0 ","0 ","2018/2019 Ganjil","Tarakan Utara "," Kota Tarakan ","Kalimantan Utara"
"2 "," RA Pangeran Antasari Tarakan ","RA ","Swasta ","101265710002 ","1 ","1 ","1 ","3 ","0 ","0 ","2018/2019 Ganjil","Tarakan Utara "," Kota Tarakan ","Kalimantan Utara"
"1 "," MI Al Izzah Tarakan ","MI ","Swasta ","111265710008 ","1 ","3 ","1 ","3 ","0 ","0 ","2017/2018 Ganjil","Tarakan Utara "," Kota Tarakan ","Kalimantan Utara"
"2 "," RA Pangeran Antasari Tarakan ","RA ","Swasta ","101265710002 ","1 ","1 ","1 ","3 ","0 ","0 ","2017/2018 Ganjil","Tarakan Utara "," Kota Tarakan ","Kalimantan Utara"
"1 "," MI Al Izzah Tarakan ","MI ","Swasta ","111265710008 ","9 ","3 ","1 ","3 ","0 ","0 ","2018/2019 Genap","Tarakan Utara "," Kota Tarakan ","Kalimantan Utara"
"2 "," RA Pangeran Antasari Tarakan ","RA ","Swasta ","101265710002 ","41 ","1 ","1 ","3 ","0 ","0 ","2018/2019 Genap","Tarakan Utara "," Kota Tarakan ","Kalimantan Utara"
"1 "," MI Al Izzah Tarakan ","MI ","Swasta ","111265710008 ","1 ","3 ","1 ","3 ","0 ","0 ","2018/2019 Ganjil","Tarakan Utara "," Kota Tarakan ","Kalimantan Utara"
"2 "," RA Pangeran Antasari Tarakan ","RA ","Swasta ","101265710002 ","1 ","1 ","1 ","3 ","0 ","0 ","2018/2019 Ganjil","Tarakan Utara "," Kota Tarakan ","Kalimantan Utara"
"1 "," MI Al Izzah Tarakan ","MI ","Swasta ","111265710008 ","1 ","3 ","1 ","3 ","0 ","0 ","2017/2018 Ganjil","Tarakan Utara "," Kota Tarakan ","Kalimantan Utara"
"2 "," RA Pangeran Antasari Tarakan ","RA ","Swasta ","101265710002 ","1 ","1 ","1 ","3 ","0 ","0 ","2017/2018 Ganjil","Tarakan Utara "," Kota Tarakan ","Kalimantan Utara"
"1 "," MTS MADRASAH TSANAWIYAH AL-KHAIRAAT MALINAU ","MTS ","Swasta ","121265020001 ","38 ","1 ","1 ","2 ","0 ","0 ","2018/2019 Genap","Malinau Kota "," Kab. Malinau ","Kalimantan Utara"
"1 "," MTS MADRASAH TSANAWIYAH AL-KHAIRAAT MALINAU ","MTS ","Swasta ","121265020001 ","35 ","1 ","1 ","2 ","0 ","0 ","2018/2019 Ganjil","Malinau Kota "," Kab. Malinau ","Kalimantan Utara"
"1 "," MTS MADRASAH TSANAWIYAH AL-KHAIRAAT MALINAU ","MTS ","Swasta ","121265020001 ","1 ","1 ","1 ","2 ","0 ","0 ","2017/2018 Ganjil","Malinau Kota "," Kab. Malinau ","Kalimantan Utara"
"1 "," MI Al Falah ","MI ","Swasta ","111265020001 ","235 ","19 ","1 ","13 ","0 ","0 ","2018/2019 Genap","Malinau Utara "," Kab. Malinau ","Kalimantan Utara"
"2 "," RA Al-Falah ","RA ","Swasta ","101265020001 ","120 ","10 ","1 ","6 ","0 ","0 ","2018/2019 Genap","Malinau Utara "," Kab. Malinau ","Kalimantan Utara"
"3 "," MTS Madrasah Tsanawiyah Negeri Malinau ","MTS ","Negeri ","121165020001 ","96 ","12 ","6 ","6 ","1 ","0 ","2018/2019 Genap","Malinau Utara "," Kab. Malinau ","Kalimantan Utara"
"1 "," MI Al Falah ","MI ","Swasta ","111265020001 ","204 ","19 ","1 ","13 ","0 ","0 ","2018/2019 Ganjil","Malinau Utara "," Kab. Malinau ","Kalimantan Utara"
"2 "," RA Al-Falah ","RA ","Swasta ","101265020001 ","120 ","10 ","1 ","6 ","0 ","0 ","2018/2019 Ganjil","Malinau Utara "," Kab. Malinau ","Kalimantan Utara"
"3 "," MTS Madrasah Tsanawiyah Negeri Malinau ","MTS ","Negeri ","121165020001 ","73 ","12 ","6 ","6 ","1 ","0 ","2018/2019 Ganjil","Malinau Utara "," Kab. Malinau ","Kalimantan Utara"
"1 "," MI Al Falah ","MI ","Swasta ","111265020001 ","187 ","19 ","1 ","13 ","0 ","0 ","2017/2018 Ganjil","Malinau Utara "," Kab. Malinau ","Kalimantan Utara"
"2 "," RA Al-Falah ","RA ","Swasta ","101265020001 ","118 ","10 ","1 ","6 ","0 ","0 ","2017/2018 Ganjil","Malinau Utara "," Kab. Malinau ","Kalimantan Utara"
"3 "," MTS Madrasah Tsanawiyah Negeri Malinau ","MTS ","Negeri ","121165020001 ","58 ","12 ","6 ","6 ","1 ","0 ","2017/2018 Ganjil","Malinau Utara "," Kab. Malinau ","Kalimantan Utara"
"1 "," MTS AL- ANSHARI ","MTS ","Swasta ","121265030008 ","1 ","2 ","1 ","3 ","0 ","0 ","2018/2019 Genap","Nunukan "," Kab. Nunukan ","Kalimantan Utara"
"2 "," MA Al Ikhlas ","MA ","Swasta ","131265030003 ","259 ","13 ","1 ","7 ","0 ","0 ","2018/2019 Genap","Nunukan "," Kab. Nunukan ","Kalimantan Utara"
"3 "," MI Al Ikhlas ","MI ","Swasta ","111265030008 ","84 ","15 ","1 ","6 ","1 ","0 ","2018/2019 Genap","Nunukan "," Kab. Nunukan ","Kalimantan Utara"
"4 "," MTS Al Ikhlas ","MTS ","Swasta ","121265030003 ","207 ","14 ","1 ","5 ","0 ","0 ","2018/2019 Genap","Nunukan "," Kab. Nunukan ","Kalimantan Utara"
"5 "," MA Alkhairaat Nunukan ","MA ","Swasta ","131265030001 ","67 ","24 ","4 ","12 ","0 ","0 ","2018/2019 Genap","Nunukan "," Kab. Nunukan ","Kalimantan Utara"
"6 "," MI Al Khairaat Nunukan ","MI ","Swasta ","111265030001 ","127 ","10 ","1 ","6 ","0 ","0 ","2018/2019 Genap","Nunukan "," Kab. Nunukan ","Kalimantan Utara"
"7 "," MTS Al Khairaat Nunukan ","MTS ","Swasta ","121265030001 ","121 ","5 ","1 ","6 ","0 ","0 ","2018/2019 Genap","Nunukan "," Kab. Nunukan ","Kalimantan Utara"
"8 "," RA Ar- Rahma ","RA ","Swasta ","101265030002 ","1 ","4 ","1 ","4 ","0 ","0 ","2018/2019 Genap","Nunukan "," Kab. Nunukan ","Kalimantan Utara"
"9 "," MI Asmaul Husna Ddi ","MI ","Swasta ","111265030007 ","95 ","8 ","1 ","10 ","0 ","0 ","2018/2019 Genap","Nunukan "," Kab. Nunukan ","Kalimantan Utara"
"10 "," RA Fathimah ","RA ","Swasta ","101265030001 ","49 ","9 ","1 ","7 ","0 ","0 ","2018/2019 Genap","Nunukan "," Kab. Nunukan ","Kalimantan Utara"
"11 "," MI `ibadurrahman ","MI ","Swasta ","111265030014 ","108 ","14 ","1 ","7 ","0 ","0 ","2018/2019 Genap","Nunukan "," Kab. Nunukan ","Kalimantan Utara"
"12 "," MA Nur Islam ","MA ","Swasta ","131265030005 ","47 ","15 ","1 ","3 ","0 ","0 ","2018/2019 Genap","Nunukan "," Kab. Nunukan ","Kalimantan Utara"
"13 "," RA Nur Izzah ","RA ","Swasta ","101265030004 ","51 ","6 ","1 ","5 ","0 ","0 ","2018/2019 Genap","Nunukan "," Kab. Nunukan ","Kalimantan Utara"
"14 "," MI Raodhatut Tarbiyah ","MI ","Swasta ","111265030009 ","121 ","9 ","1 ","6 ","0 ","0 ","2018/2019 Genap","Nunukan "," Kab. Nunukan ","Kalimantan Utara"
"1 "," MTS AL- ANSHARI ","MTS ","Swasta ","121265030008 ","1 ","2 ","1 ","3 ","0 ","0 ","2018/2019 Ganjil","Nunukan "," Kab. Nunukan ","Kalimantan Utara"
"2 "," MA Al Ikhlas ","MA ","Swasta ","131265030003 ","262 ","13 ","1 ","7 ","0 ","0 ","2018/2019 Ganjil","Nunukan "," Kab. Nunukan ","Kalimantan Utara"
"3 "," MI Al Ikhlas ","MI ","Swasta ","111265030008 ","85 ","15 ","1 ","6 ","1 ","0 ","2018/2019 Ganjil","Nunukan "," Kab. Nunukan ","Kalimantan Utara"
"4 "," MTS Al Ikhlas ","MTS ","Swasta ","121265030003 ","218 ","14 ","1 ","5 ","0 ","0 ","2018/2019 Ganjil","Nunukan "," Kab. Nunukan ","Kalimantan Utara"
"5 "," MA Alkhairaat Nunukan ","MA ","Swasta ","131265030001 ","73 ","24 ","4 ","12 ","0 ","0 ","2018/2019 Ganjil","Nunukan "," Kab. Nunukan ","Kalimantan Utara"
"6 "," MI Al Khairaat Nunukan ","MI ","Swasta ","111265030001 ","133 ","10 ","1 ","6 ","0 ","0 ","2018/2019 Ganjil","Nunukan "," Kab. Nunukan ","Kalimantan Utara"
"7 "," MTS Al Khairaat Nunukan ","MTS ","Swasta ","121265030001 ","127 ","5 ","1 ","6 ","0 ","0 ","2018/2019 Ganjil","Nunukan "," Kab. Nunukan ","Kalimantan Utara"
"8 "," RA Ar- Rahma ","RA ","Swasta ","101265030002 ","1 ","4 ","1 ","4 ","0 ","0 ","2018/2019 Ganjil","Nunukan "," Kab. Nunukan ","Kalimantan Utara"
"9 "," MI Asmaul Husna Ddi ","MI ","Swasta ","111265030007 ","96 ","8 ","1 ","10 ","0 ","0 ","2018/2019 Ganjil","Nunukan "," Kab. Nunukan ","Kalimantan Utara"
"10 "," RA Fathimah ","RA ","Swasta ","101265030001 ","49 ","9 ","1 ","7 ","0 ","0 ","2018/2019 Ganjil","Nunukan "," Kab. Nunukan ","Kalimantan Utara"
"11 "," MI `ibadurrahman ","MI ","Swasta ","111265030014 ","93 ","14 ","1 ","7 ","0 ","0 ","2018/2019 Ganjil","Nunukan "," Kab. Nunukan ","Kalimantan Utara"
"12 "," MA Nur Islam ","MA ","Swasta ","131265030005 ","47 ","15 ","1 ","3 ","0 ","0 ","2018/2019 Ganjil","Nunukan "," Kab. Nunukan ","Kalimantan Utara"
"13 "," RA Nur Izzah ","RA ","Swasta ","101265030004 ","51 ","6 ","1 ","5 ","0 ","0 ","2018/2019 Ganjil","Nunukan "," Kab. Nunukan ","Kalimantan Utara"
"14 "," MI Raodhatut Tarbiyah ","MI ","Swasta ","111265030009 ","122 ","9 ","1 ","6 ","0 ","0 ","2018/2019 Ganjil","Nunukan "," Kab. Nunukan ","Kalimantan Utara"
"1 "," MTS AL- ANSHARI ","MTS ","Swasta ","121265030008 ","1 ","2 ","1 ","3 ","0 ","0 ","2017/2018 Ganjil","Nunukan "," Kab. Nunukan ","Kalimantan Utara"
"2 "," MA Al Ikhlas ","MA ","Swasta ","131265030003 ","188 ","13 ","1 ","7 ","0 ","0 ","2017/2018 Ganjil","Nunukan "," Kab. Nunukan ","Kalimantan Utara"
"3 "," MI Al Ikhlas ","MI ","Swasta ","111265030008 ","75 ","15 ","1 ","6 ","1 ","0 ","2017/2018 Ganjil","Nunukan "," Kab. Nunukan ","Kalimantan Utara"
"4 "," MTS Al Ikhlas ","MTS ","Swasta ","121265030003 ","143 ","14 ","1 ","5 ","0 ","0 ","2017/2018 Ganjil","Nunukan "," Kab. Nunukan ","Kalimantan Utara"
"5 "," MA Alkhairaat Nunukan ","MA ","Swasta ","131265030001 ","60 ","24 ","4 ","12 ","0 ","0 ","2017/2018 Ganjil","Nunukan "," Kab. Nunukan ","Kalimantan Utara"
"6 "," MI Al Khairaat Nunukan ","MI ","Swasta ","111265030001 ","113 ","10 ","1 ","6 ","0 ","0 ","2017/2018 Ganjil","Nunukan "," Kab. Nunukan ","Kalimantan Utara"
"7 "," MTS Al Khairaat Nunukan ","MTS ","Swasta ","121265030001 ","59 ","5 ","1 ","6 ","0 ","0 ","2017/2018 Ganjil","Nunukan "," Kab. Nunukan ","Kalimantan Utara"
"8 "," RA Ar- Rahma ","RA ","Swasta ","101265030002 ","1 ","4 ","1 ","4 ","0 ","0 ","2017/2018 Ganjil","Nunukan "," Kab. Nunukan ","Kalimantan Utara"
"9 "," MI Asmaul Husna Ddi ","MI ","Swasta ","111265030007 ","78 ","8 ","1 ","10 ","0 ","0 ","2017/2018 Ganjil","Nunukan "," Kab. Nunukan ","Kalimantan Utara"
"10 "," RA Fathimah ","RA ","Swasta ","101265030001 ","1 ","9 ","1 ","7 ","0 ","0 ","2017/2018 Ganjil","Nunukan "," Kab. Nunukan ","Kalimantan Utara"
"11 "," MI `ibadurrahman ","MI ","Swasta ","111265030014 ","61 ","14 ","1 ","7 ","0 ","0 ","2017/2018 Ganjil","Nunukan "," Kab. Nunukan ","Kalimantan Utara"
"12 "," MA Nur Islam ","MA ","Swasta ","131265030005 ","45 ","15 ","1 ","3 ","0 ","0 ","2017/2018 Ganjil","Nunukan "," Kab. Nunukan ","Kalimantan Utara"
"13 "," RA Nur Izzah ","RA ","Swasta ","101265030004 ","33 ","6 ","1 ","5 ","0 ","0 ","2017/2018 Ganjil","Nunukan "," Kab. Nunukan ","Kalimantan Utara"
"14 "," MI Raodhatut Tarbiyah ","MI ","Swasta ","111265030009 ","96 ","9 ","1 ","6 ","0 ","0 ","2017/2018 Ganjil","Nunukan "," Kab. Nunukan ","Kalimantan Utara"
"1 "," MA Ma Arif Nu 01 ","MA ","Swasta ","131265030004 ","89 ","15 ","2 ","3 ","0 ","0 ","2018/2019 Genap","Nunukan Selatan "," Kab. Nunukan ","Kalimantan Utara"
"2 "," MTS Ma Arif Nu 01 ","MTS ","Swasta ","121265030006 ","34 ","10 ","2 ","3 ","0 ","0 ","2018/2019 Genap","Nunukan Selatan "," Kab. Nunukan ","Kalimantan Utara"
"1 "," MA Ma Arif Nu 01 ","MA ","Swasta ","131265030004 ","88 ","15 ","2 ","3 ","0 ","0 ","2018/2019 Ganjil","Nunukan Selatan "," Kab. Nunukan ","Kalimantan Utara"
"2 "," MTS Ma Arif Nu 01 ","MTS ","Swasta ","121265030006 ","39 ","10 ","2 ","3 ","0 ","0 ","2018/2019 Ganjil","Nunukan Selatan "," Kab. Nunukan ","Kalimantan Utara"
"1 "," MA Ma Arif Nu 01 ","MA ","Swasta ","131265030004 ","62 ","15 ","2 ","3 ","0 ","0 ","2017/2018 Ganjil","Nunukan Selatan "," Kab. Nunukan ","Kalimantan Utara"
"2 "," MTS Ma Arif Nu 01 ","MTS ","Swasta ","121265030006 ","19 ","10 ","2 ","3 ","0 ","0 ","2017/2018 Ganjil","Nunukan Selatan "," Kab. Nunukan ","Kalimantan Utara"
"1 "," MI As Adiyah Sei Nyamuk ","MI ","Swasta ","111265030002 ","443 ","26 ","1 ","21 ","1 ","0 ","2018/2019 Genap","Sebatik "," Kab. Nunukan ","Kalimantan Utara"
"2 "," MI As Adiyah Sei Taiwan ","MI ","Swasta ","111265030004 ","148 ","13 ","2 ","10 ","1 ","1 ","2018/2019 Genap","Sebatik "," Kab. Nunukan ","Kalimantan Utara"
"3 "," MI MI YIIPS ","MI ","Swasta ","111265030011 ","57 ","10 ","1 ","6 ","0 ","0 ","2018/2019 Genap","Sebatik "," Kab. Nunukan ","Kalimantan Utara"
"4 "," MI Nurul Iman ","MI ","Swasta ","111265030005 ","62 ","10 ","1 ","7 ","0 ","0 ","2018/2019 Genap","Sebatik "," Kab. Nunukan ","Kalimantan Utara"
"5 "," RA Nurul Iman ","RA ","Swasta ","101265030005 ","6 ","6 ","1 ","2 ","0 ","0 ","2018/2019 Genap","Sebatik "," Kab. Nunukan ","Kalimantan Utara"
"6 "," RA YIIPS ","RA ","Swasta ","101265030003 ","21 ","5 ","1 ","2 ","0 ","0 ","2018/2019 Genap","Sebatik "," Kab. Nunukan ","Kalimantan Utara"
"1 "," MI As Adiyah Sei Nyamuk ","MI ","Swasta ","111265030002 ","447 ","26 ","1 ","21 ","1 ","0 ","2018/2019 Ganjil","Sebatik "," Kab. Nunukan ","Kalimantan Utara"
"2 "," MI As Adiyah Sei Taiwan ","MI ","Swasta ","111265030004 ","149 ","13 ","2 ","10 ","1 ","1 ","2018/2019 Ganjil","Sebatik "," Kab. Nunukan ","Kalimantan Utara"
"3 "," MI MI YIIPS ","MI ","Swasta ","111265030011 ","57 ","10 ","1 ","6 ","0 ","0 ","2018/2019 Ganjil","Sebatik "," Kab. Nunukan ","Kalimantan Utara"
"4 "," MI Nurul Iman ","MI ","Swasta ","111265030005 ","51 ","10 ","1 ","7 ","0 ","0 ","2018/2019 Ganjil","Sebatik "," Kab. Nunukan ","Kalimantan Utara"
"5 "," RA Nurul Iman ","RA ","Swasta ","101265030005 ","6 ","6 ","1 ","2 ","0 ","0 ","2018/2019 Ganjil","Sebatik "," Kab. Nunukan ","Kalimantan Utara"
"6 "," RA YIIPS ","RA ","Swasta ","101265030003 ","21 ","5 ","1 ","2 ","0 ","0 ","2018/2019 Ganjil","Sebatik "," Kab. Nunukan ","Kalimantan Utara"
"1 "," MI As Adiyah Sei Nyamuk ","MI ","Swasta ","111265030002 ","283 ","26 ","1 ","21 ","1 ","0 ","2017/2018 Ganjil","Sebatik "," Kab. Nunukan ","Kalimantan Utara"
"2 "," MI As Adiyah Sei Taiwan ","MI ","Swasta ","111265030004 ","128 ","13 ","2 ","10 ","1 ","1 ","2017/2018 Ganjil","Sebatik "," Kab. Nunukan ","Kalimantan Utara"
"3 "," MI MI YIIPS ","MI ","Swasta ","111265030011 ","44 ","10 ","1 ","6 ","0 ","0 ","2017/2018 Ganjil","Sebatik "," Kab. Nunukan ","Kalimantan Utara"
"4 "," MI Nurul Iman ","MI ","Swasta ","111265030005 ","39 ","10 ","1 ","7 ","0 ","0 ","2017/2018 Ganjil","Sebatik "," Kab. Nunukan ","Kalimantan Utara"
"5 "," RA Nurul Iman ","RA ","Swasta ","101265030005 ","6 ","6 ","1 ","2 ","0 ","0 ","2017/2018 Ganjil","Sebatik "," Kab. Nunukan ","Kalimantan Utara"
"6 "," RA YIIPS ","RA ","Swasta ","101265030003 ","19 ","5 ","1 ","2 ","0 ","0 ","2017/2018 Ganjil","Sebatik "," Kab. Nunukan ","Kalimantan Utara"
"1 "," MI Darul Furqan ","MI ","Swasta ","111265030013 ","40 ","7 ","1 ","6 ","0 ","0 ","2018/2019 Genap","Sebatik Tengah "," Kab. Nunukan ","Kalimantan Utara"
"1 "," MI Darul Furqan ","MI ","Swasta ","111265030013 ","40 ","7 ","1 ","6 ","0 ","0 ","2018/2019 Ganjil","Sebatik Tengah "," Kab. Nunukan ","Kalimantan Utara"
"1 "," MI Darul Furqan ","MI ","Swasta ","111265030013 ","51 ","7 ","1 ","6 ","0 ","0 ","2017/2018 Ganjil","Sebatik Tengah "," Kab. Nunukan ","Kalimantan Utara"
"1 "," MI Al Amin Yiips ","MI ","Swasta ","111265030010 ","60 ","10 ","1 ","6 ","0 ","0 ","2018/2019 Genap","Sebatik Timur "," Kab. Nunukan ","Kalimantan Utara"
"2 "," MI Al Kautsar Yiips ","MI ","Swasta ","111265030012 ","28 ","8 ","1 ","10 ","0 ","0 ","2018/2019 Genap","Sebatik Timur "," Kab. Nunukan ","Kalimantan Utara"
"3 "," MI Al Khairaat Sebatik ","MI ","Swasta ","111265030003 ","125 ","10 ","2 ","6 ","1 ","0 ","2018/2019 Genap","Sebatik Timur "," Kab. Nunukan ","Kalimantan Utara"
"4 "," MTS As`adiyah Sungai Nyamuk ","MTS ","Swasta ","121265030007 ","117 ","10 ","1 ","16 ","1 ","0 ","2018/2019 Genap","Sebatik Timur "," Kab. Nunukan ","Kalimantan Utara"
"5 "," MA AS'ADIYAH SUNGAI NYAMUK ","MA ","Swasta ","131265030006 ","61 ","13 ","2 ","8 ","0 ","0 ","2018/2019 Genap","Sebatik Timur "," Kab. Nunukan ","Kalimantan Utara"
"6 "," MA Ma Yiips ","MA ","Swasta ","131265030002 ","106 ","1 ","1 ","10 ","0 ","0 ","2018/2019 Genap","Sebatik Timur "," Kab. Nunukan ","Kalimantan Utara"
"7 "," MTS Nurul Iman ","MTS ","Swasta ","121265030004 ","35 ","11 ","1 ","5 ","0 ","0 ","2018/2019 Genap","Sebatik Timur "," Kab. Nunukan ","Kalimantan Utara"
"8 "," MTS YIIPS ","MTS ","Swasta ","121265030002 ","287 ","20 ","1 ","9 ","0 ","0 ","2018/2019 Genap","Sebatik Timur "," Kab. Nunukan ","Kalimantan Utara"
"1 "," MI Al Amin Yiips ","MI ","Swasta ","111265030010 ","61 ","10 ","1 ","6 ","0 ","0 ","2018/2019 Ganjil","Sebatik Timur "," Kab. Nunukan ","Kalimantan Utara"
"2 "," MI Al Kautsar Yiips ","MI ","Swasta ","111265030012 ","33 ","8 ","1 ","10 ","0 ","0 ","2018/2019 Ganjil","Sebatik Timur "," Kab. Nunukan ","Kalimantan Utara"
"3 "," MI Al Khairaat Sebatik ","MI ","Swasta ","111265030003 ","127 ","10 ","2 ","6 ","1 ","0 ","2018/2019 Ganjil","Sebatik Timur "," Kab. Nunukan ","Kalimantan Utara"
"4 "," MTS As`adiyah Sungai Nyamuk ","MTS ","Swasta ","121265030007 ","120 ","10 ","1 ","16 ","1 ","0 ","2018/2019 Ganjil","Sebatik Timur "," Kab. Nunukan ","Kalimantan Utara"
"5 "," MA AS'ADIYAH SUNGAI NYAMUK ","MA ","Swasta ","131265030006 ","1 ","13 ","2 ","8 ","0 ","0 ","2018/2019 Ganjil","Sebatik Timur "," Kab. Nunukan ","Kalimantan Utara"
"6 "," MA Ma Yiips ","MA ","Swasta ","131265030002 ","127 ","1 ","1 ","10 ","0 ","0 ","2018/2019 Ganjil","Sebatik Timur "," Kab. Nunukan ","Kalimantan Utara"
"7 "," MTS Nurul Iman ","MTS ","Swasta ","121265030004 ","45 ","11 ","1 ","5 ","0 ","0 ","2018/2019 Ganjil","Sebatik Timur "," Kab. Nunukan ","Kalimantan Utara"
"8 "," MTS YIIPS ","MTS ","Swasta ","121265030002 ","289 ","20 ","1 ","9 ","0 ","0 ","2018/2019 Ganjil","Sebatik Timur "," Kab. Nunukan ","Kalimantan Utara"
"1 "," MI Al Amin Yiips ","MI ","Swasta ","111265030010 ","49 ","10 ","1 ","6 ","0 ","0 ","2017/2018 Ganjil","Sebatik Timur "," Kab. Nunukan ","Kalimantan Utara"
"2 "," MI Al Kautsar Yiips ","MI ","Swasta ","111265030012 ","22 ","8 ","1 ","10 ","0 ","0 ","2017/2018 Ganjil","Sebatik Timur "," Kab. Nunukan ","Kalimantan Utara"
"3 "," MI Al Khairaat Sebatik ","MI ","Swasta ","111265030003 ","106 ","10 ","2 ","6 ","1 ","0 ","2017/2018 Ganjil","Sebatik Timur "," Kab. Nunukan ","Kalimantan Utara"
"4 "," MTS As`adiyah Sungai Nyamuk ","MTS ","Swasta ","121265030007 ","117 ","10 ","1 ","16 ","1 ","0 ","2017/2018 Ganjil","Sebatik Timur "," Kab. Nunukan ","Kalimantan Utara"
"5 "," MA AS'ADIYAH SUNGAI NYAMUK ","MA ","Swasta ","131265030006 ","1 ","13 ","2 ","8 ","0 ","0 ","2017/2018 Ganjil","Sebatik Timur "," Kab. Nunukan ","Kalimantan Utara"
"6 "," MA Ma Yiips ","MA ","Swasta ","131265030002 ","35 ","1 ","1 ","10 ","0 ","0 ","2017/2018 Ganjil","Sebatik Timur "," Kab. Nunukan ","Kalimantan Utara"
"7 "," MTS Nurul Iman ","MTS ","Swasta ","121265030004 ","24 ","11 ","1 ","5 ","0 ","0 ","2017/2018 Ganjil","Sebatik Timur "," Kab. Nunukan ","Kalimantan Utara"
"8 "," MTS YIIPS ","MTS ","Swasta ","121265030002 ","177 ","20 ","1 ","9 ","0 ","0 ","2017/2018 Ganjil","Sebatik Timur "," Kab. Nunukan ","Kalimantan Utara"
"1 "," MI Haji Beddurahim ","MI ","Swasta ","111265030006 ","250 ","17 ","3 ","10 ","0 ","0 ","2018/2019 Genap","Sebatik Utara "," Kab. Nunukan ","Kalimantan Utara"
"2 "," MTS Haji Beddurahim ","MTS ","Swasta ","121265030005 ","47 ","14 ","1 ","4 ","0 ","0 ","2018/2019 Genap","Sebatik Utara "," Kab. Nunukan ","Kalimantan Utara"
"3 "," RA HAJI BEDDURAHIM ","RA ","Swasta ","101265030006 ","55 ","1 ","1 ","2 ","0 ","0 ","2018/2019 Genap","Sebatik Utara "," Kab. Nunukan ","Kalimantan Utara"
"1 "," MI Haji Beddurahim ","MI ","Swasta ","111265030006 ","250 ","17 ","3 ","10 ","0 ","0 ","2018/2019 Ganjil","Sebatik Utara "," Kab. Nunukan ","Kalimantan Utara"
"2 "," MTS Haji Beddurahim ","MTS ","Swasta ","121265030005 ","53 ","14 ","1 ","4 ","0 ","0 ","2018/2019 Ganjil","Sebatik Utara "," Kab. Nunukan ","Kalimantan Utara"
"3 "," RA HAJI BEDDURAHIM ","RA ","Swasta ","101265030006 ","55 ","1 ","1 ","2 ","0 ","0 ","2018/2019 Ganjil","Sebatik Utara "," Kab. Nunukan ","Kalimantan Utara"
"1 "," MI Haji Beddurahim ","MI ","Swasta ","111265030006 ","204 ","17 ","3 ","10 ","0 ","0 ","2017/2018 Ganjil","Sebatik Utara "," Kab. Nunukan ","Kalimantan Utara"
"2 "," MTS Haji Beddurahim ","MTS ","Swasta ","121265030005 ","34 ","14 ","1 ","4 ","0 ","0 ","2017/2018 Ganjil","Sebatik Utara "," Kab. Nunukan ","Kalimantan Utara"
"3 "," RA HAJI BEDDURAHIM ","RA ","Swasta ","101265030006 ","1 ","1 ","1 ","2 ","0 ","0 ","2017/2018 Ganjil","Sebatik Utara "," Kab. Nunukan ","Kalimantan Utara"
"1 "," MTS AL- ANSHARI ","MTS ","Swasta ","121265030008 ","1 ","2 ","1 ","3 ","0 ","0 ","2018/2019 Genap","Nunukan "," Kab. Nunukan ","Kalimantan Utara"
"2 "," MA Al Ikhlas ","MA ","Swasta ","131265030003 ","259 ","13 ","1 ","7 ","0 ","0 ","2018/2019 Genap","Nunukan "," Kab. Nunukan ","Kalimantan Utara"
"3 "," MI Al Ikhlas ","MI ","Swasta ","111265030008 ","84 ","15 ","1 ","6 ","1 ","0 ","2018/2019 Genap","Nunukan "," Kab. Nunukan ","Kalimantan Utara"
"4 "," MTS Al Ikhlas ","MTS ","Swasta ","121265030003 ","207 ","14 ","1 ","5 ","0 ","0 ","2018/2019 Genap","Nunukan "," Kab. Nunukan ","Kalimantan Utara"
"5 "," MA Alkhairaat Nunukan ","MA ","Swasta ","131265030001 ","67 ","24 ","4 ","12 ","0 ","0 ","2018/2019 Genap","Nunukan "," Kab. Nunukan ","Kalimantan Utara"
"6 "," MI Al Khairaat Nunukan ","MI ","Swasta ","111265030001 ","127 ","10 ","1 ","6 ","0 ","0 ","2018/2019 Genap","Nunukan "," Kab. Nunukan ","Kalimantan Utara"
"7 "," MTS Al Khairaat Nunukan ","MTS ","Swasta ","121265030001 ","121 ","5 ","1 ","6 ","0 ","0 ","2018/2019 Genap","Nunukan "," Kab. Nunukan ","Kalimantan Utara"
"8 "," RA Ar- Rahma ","RA ","Swasta ","101265030002 ","1 ","4 ","1 ","4 ","0 ","0 ","2018/2019 Genap","Nunukan "," Kab. Nunukan ","Kalimantan Utara"
"9 "," MI Asmaul Husna Ddi ","MI ","Swasta ","111265030007 ","95 ","8 ","1 ","10 ","0 ","0 ","2018/2019 Genap","Nunukan "," Kab. Nunukan ","Kalimantan Utara"
"10 "," RA Fathimah ","RA ","Swasta ","101265030001 ","49 ","9 ","1 ","7 ","0 ","0 ","2018/2019 Genap","Nunukan "," Kab. Nunukan ","Kalimantan Utara"
"11 "," MI `ibadurrahman ","MI ","Swasta ","111265030014 ","108 ","14 ","1 ","7 ","0 ","0 ","2018/2019 Genap","Nunukan "," Kab. Nunukan ","Kalimantan Utara"
"12 "," MA Nur Islam ","MA ","Swasta ","131265030005 ","47 ","15 ","1 ","3 ","0 ","0 ","2018/2019 Genap","Nunukan "," Kab. Nunukan ","Kalimantan Utara"
"13 "," RA Nur Izzah ","RA ","Swasta ","101265030004 ","51 ","6 ","1 ","5 ","0 ","0 ","2018/2019 Genap","Nunukan "," Kab. Nunukan ","Kalimantan Utara"
"14 "," MI Raodhatut Tarbiyah ","MI ","Swasta ","111265030009 ","121 ","9 ","1 ","6 ","0 ","0 ","2018/2019 Genap","Nunukan "," Kab. Nunukan ","Kalimantan Utara"
"1 "," MTS AL- ANSHARI ","MTS ","Swasta ","121265030008 ","1 ","2 ","1 ","3 ","0 ","0 ","2018/2019 Ganjil","Nunukan "," Kab. Nunukan ","Kalimantan Utara"
"2 "," MA Al Ikhlas ","MA ","Swasta ","131265030003 ","262 ","13 ","1 ","7 ","0 ","0 ","2018/2019 Ganjil","Nunukan "," Kab. Nunukan ","Kalimantan Utara"
"3 "," MI Al Ikhlas ","MI ","Swasta ","111265030008 ","85 ","15 ","1 ","6 ","1 ","0 ","2018/2019 Ganjil","Nunukan "," Kab. Nunukan ","Kalimantan Utara"
"4 "," MTS Al Ikhlas ","MTS ","Swasta ","121265030003 ","218 ","14 ","1 ","5 ","0 ","0 ","2018/2019 Ganjil","Nunukan "," Kab. Nunukan ","Kalimantan Utara"
"5 "," MA Alkhairaat Nunukan ","MA ","Swasta ","131265030001 ","73 ","24 ","4 ","12 ","0 ","0 ","2018/2019 Ganjil","Nunukan "," Kab. Nunukan ","Kalimantan Utara"
"6 "," MI Al Khairaat Nunukan ","MI ","Swasta ","111265030001 ","133 ","10 ","1 ","6 ","0 ","0 ","2018/2019 Ganjil","Nunukan "," Kab. Nunukan ","Kalimantan Utara"
"7 "," MTS Al Khairaat Nunukan ","MTS ","Swasta ","121265030001 ","127 ","5 ","1 ","6 ","0 ","0 ","2018/2019 Ganjil","Nunukan "," Kab. Nunukan ","Kalimantan Utara"
"8 "," RA Ar- Rahma ","RA ","Swasta ","101265030002 ","1 ","4 ","1 ","4 ","0 ","0 ","2018/2019 Ganjil","Nunukan "," Kab. Nunukan ","Kalimantan Utara"
"9 "," MI Asmaul Husna Ddi ","MI ","Swasta ","111265030007 ","96 ","8 ","1 ","10 ","0 ","0 ","2018/2019 Ganjil","Nunukan "," Kab. Nunukan ","Kalimantan Utara"
"10 "," RA Fathimah ","RA ","Swasta ","101265030001 ","49 ","9 ","1 ","7 ","0 ","0 ","2018/2019 Ganjil","Nunukan "," Kab. Nunukan ","Kalimantan Utara"
"11 "," MI `ibadurrahman ","MI ","Swasta ","111265030014 ","93 ","14 ","1 ","7 ","0 ","0 ","2018/2019 Ganjil","Nunukan "," Kab. Nunukan ","Kalimantan Utara"
"12 "," MA Nur Islam ","MA ","Swasta ","131265030005 ","47 ","15 ","1 ","3 ","0 ","0 ","2018/2019 Ganjil","Nunukan "," Kab. Nunukan ","Kalimantan Utara"
"13 "," RA Nur Izzah ","RA ","Swasta ","101265030004 ","51 ","6 ","1 ","5 ","0 ","0 ","2018/2019 Ganjil","Nunukan "," Kab. Nunukan ","Kalimantan Utara"
"14 "," MI Raodhatut Tarbiyah ","MI ","Swasta ","111265030009 ","122 ","9 ","1 ","6 ","0 ","0 ","2018/2019 Ganjil","Nunukan "," Kab. Nunukan ","Kalimantan Utara"
"1 "," MTS AL- ANSHARI ","MTS ","Swasta ","121265030008 ","1 ","2 ","1 ","3 ","0 ","0 ","2017/2018 Ganjil","Nunukan "," Kab. Nunukan ","Kalimantan Utara"
"2 "," MA Al Ikhlas ","MA ","Swasta ","131265030003 ","188 ","13 ","1 ","7 ","0 ","0 ","2017/2018 Ganjil","Nunukan "," Kab. Nunukan ","Kalimantan Utara"
"3 "," MI Al Ikhlas ","MI ","Swasta ","111265030008 ","75 ","15 ","1 ","6 ","1 ","0 ","2017/2018 Ganjil","Nunukan "," Kab. Nunukan ","Kalimantan Utara"
"4 "," MTS Al Ikhlas ","MTS ","Swasta ","121265030003 ","143 ","14 ","1 ","5 ","0 ","0 ","2017/2018 Ganjil","Nunukan "," Kab. Nunukan ","Kalimantan Utara"
"5 "," MA Alkhairaat Nunukan ","MA ","Swasta ","131265030001 ","60 ","24 ","4 ","12 ","0 ","0 ","2017/2018 Ganjil","Nunukan "," Kab. Nunukan ","Kalimantan Utara"
"6 "," MI Al Khairaat Nunukan ","MI ","Swasta ","111265030001 ","113 ","10 ","1 ","6 ","0 ","0 ","2017/2018 Ganjil","Nunukan "," Kab. Nunukan ","Kalimantan Utara"
"7 "," MTS Al Khairaat Nunukan ","MTS ","Swasta ","121265030001 ","59 ","5 ","1 ","6 ","0 ","0 ","2017/2018 Ganjil","Nunukan "," Kab. Nunukan ","Kalimantan Utara"
"8 "," RA Ar- Rahma ","RA ","Swasta ","101265030002 ","1 ","4 ","1 ","4 ","0 ","0 ","2017/2018 Ganjil","Nunukan "," Kab. Nunukan ","Kalimantan Utara"
"9 "," MI Asmaul Husna Ddi ","MI ","Swasta ","111265030007 ","78 ","8 ","1 ","10 ","0 ","0 ","2017/2018 Ganjil","Nunukan "," Kab. Nunukan ","Kalimantan Utara"
"10 "," RA Fathimah ","RA ","Swasta ","101265030001 ","1 ","9 ","1 ","7 ","0 ","0 ","2017/2018 Ganjil","Nunukan "," Kab. Nunukan ","Kalimantan Utara"
"11 "," MI `ibadurrahman ","MI ","Swasta ","111265030014 ","61 ","14 ","1 ","7 ","0 ","0 ","2017/2018 Ganjil","Nunukan "," Kab. Nunukan ","Kalimantan Utara"
"12 "," MA Nur Islam ","MA ","Swasta ","131265030005 ","45 ","15 ","1 ","3 ","0 ","0 ","2017/2018 Ganjil","Nunukan "," Kab. Nunukan ","Kalimantan Utara"
"13 "," RA Nur Izzah ","RA ","Swasta ","101265030004 ","33 ","6 ","1 ","5 ","0 ","0 ","2017/2018 Ganjil","Nunukan "," Kab. Nunukan ","Kalimantan Utara"
"14 "," MI Raodhatut Tarbiyah ","MI ","Swasta ","111265030009 ","96 ","9 ","1 ","6 ","0 ","0 ","2017/2018 Ganjil","Nunukan "," Kab. Nunukan ","Kalimantan Utara"
"1 "," MTS Al Ma`arif Sesayap ","MTS ","Swasta ","121265040001 ","21 ","9 ","1 ","3 ","0 ","0 ","2018/2019 Genap","Sesayap "," Kab. Tana Tidung ","Kalimantan Utara"
"2 "," MI Mi Alkhairaat ","MI ","Swasta ","111265040001 ","131 ","16 ","1 ","7 ","0 ","0 ","2018/2019 Genap","Sesayap "," Kab. Tana Tidung ","Kalimantan Utara"
"1 "," MTS Al Ma`arif Sesayap ","MTS ","Swasta ","121265040001 ","24 ","9 ","1 ","3 ","0 ","0 ","2018/2019 Ganjil","Sesayap "," Kab. Tana Tidung ","Kalimantan Utara"
"2 "," MI Mi Alkhairaat ","MI ","Swasta ","111265040001 ","131 ","16 ","1 ","7 ","0 ","0 ","2018/2019 Ganjil","Sesayap "," Kab. Tana Tidung ","Kalimantan Utara"
"1 "," MTS Al Ma`arif Sesayap ","MTS ","Swasta ","121265040001 ","4 ","9 ","1 ","3 ","0 ","0 ","2017/2018 Ganjil","Sesayap "," Kab. Tana Tidung ","Kalimantan Utara"
"2 "," MI Mi Alkhairaat ","MI ","Swasta ","111265040001 ","89 ","16 ","1 ","7 ","0 ","0 ","2017/2018 Ganjil","Sesayap "," Kab. Tana Tidung ","Kalimantan Utara"
