#,"Nama Lembaga",Jenjang,Status,NSM,Siswa,Guru,Tendik,Rombel,Perpus,Lab.,Semester,Kecamatan,Kabupaten/Kota,Provinsi
"1 "," MA Al Hidayah Bomberay ","MA ","Swasta ","131292030001 ","54 ","14 ","1 ","4 ","1 ","0 ","2018/2019 Genap","Bomberay "," Kab. Fak Fak ","Papua Barat"
"2 "," MTS Nurul Falah Bomberay ","MTS ","Swasta ","121292030003 ","43 ","13 ","1 ","7 ","1 ","0 ","2018/2019 Genap","Bomberay "," Kab. Fak Fak ","Papua Barat"
"1 "," MA Al Hidayah Bomberay ","MA ","Swasta ","131292030001 ","53 ","14 ","1 ","4 ","1 ","0 ","2018/2019 Ganjil","Bomberay "," Kab. Fak Fak ","Papua Barat"
"2 "," MTS Nurul Falah Bomberay ","MTS ","Swasta ","121292030003 ","46 ","13 ","1 ","7 ","1 ","0 ","2018/2019 Ganjil","Bomberay "," Kab. Fak Fak ","Papua Barat"
"1 "," MA Al Hidayah Bomberay ","MA ","Swasta ","131292030001 ","35 ","14 ","1 ","4 ","1 ","0 ","2017/2018 Ganjil","Bomberay "," Kab. Fak Fak ","Papua Barat"
"2 "," MTS Nurul Falah Bomberay ","MTS ","Swasta ","121292030003 ","27 ","13 ","1 ","7 ","1 ","0 ","2017/2018 Ganjil","Bomberay "," Kab. Fak Fak ","Papua Barat"
"1 "," RA Aisyiyah Bustanul Athfal -1 ","RA ","Swasta ","101292030018 ","80 ","6 ","1 ","2 ","0 ","0 ","2018/2019 Genap","Fakfak "," Kab. Fak Fak ","Papua Barat"
"2 "," RA Aisyiyah Bustanul Athfal 3 ","RA ","Swasta ","101292030007 ","80 ","5 ","2 ","4 ","0 ","0 ","2018/2019 Genap","Fakfak "," Kab. Fak Fak ","Papua Barat"
"3 "," RA Al - Ma`arif 1 ","RA ","Swasta ","101292030012 ","27 ","2 ","1 ","2 ","0 ","0 ","2018/2019 Genap","Fakfak "," Kab. Fak Fak ","Papua Barat"
"4 "," MI Al Maarif 1 ","MI ","Swasta ","111292030005 ","62 ","8 ","1 ","10 ","0 ","0 ","2018/2019 Genap","Fakfak "," Kab. Fak Fak ","Papua Barat"
"5 "," MI Al-Mahdi ","MI ","Swasta ","111292030006 ","57 ","9 ","1 ","6 ","0 ","0 ","2018/2019 Genap","Fakfak "," Kab. Fak Fak ","Papua Barat"
"6 "," RA Al-Mahdi Werpigan ","RA ","Swasta ","101292030011 ","53 ","4 ","1 ","2 ","0 ","0 ","2018/2019 Genap","Fakfak "," Kab. Fak Fak ","Papua Barat"
"7 "," RA Asy-Syafi`iyah 1 ","RA ","Swasta ","101292030001 ","10 ","1 ","1 ","0 ","0 ","0 ","2018/2019 Genap","Fakfak "," Kab. Fak Fak ","Papua Barat"
"8 "," RA Asy-Syafi`iyah 2 ","RA ","Swasta ","101292030015 ","41 ","3 ","1 ","2 ","0 ","0 ","2018/2019 Genap","Fakfak "," Kab. Fak Fak ","Papua Barat"
"9 "," RA Asy-Syafi`iyah 3 Fakfak ","RA ","Swasta ","101292030004 ","60 ","5 ","1 ","2 ","0 ","0 ","2018/2019 Genap","Fakfak "," Kab. Fak Fak ","Papua Barat"
"10 "," RA Az-Zahro ","RA ","Swasta ","101292030013 ","36 ","3 ","1 ","2 ","0 ","0 ","2018/2019 Genap","Fakfak "," Kab. Fak Fak ","Papua Barat"
"11 "," MI Darul Da'wah Wal Irsyad ","MI ","Swasta ","111292030004 ","120 ","9 ","1 ","8 ","0 ","0 ","2018/2019 Genap","Fakfak "," Kab. Fak Fak ","Papua Barat"
"12 "," MA Fakfak ","MA ","Negeri ","131192030001 ","386 ","31 ","8 ","16 ","1 ","4 ","2018/2019 Genap","Fakfak "," Kab. Fak Fak ","Papua Barat"
"13 "," MTS Fakfak ","MTS ","Negeri ","121192030001 ","536 ","35 ","1 ","18 ","0 ","0 ","2018/2019 Genap","Fakfak "," Kab. Fak Fak ","Papua Barat"
"14 "," MI Miftahul Jannah ","MI ","Swasta ","111292030009 ","97 ","12 ","1 ","11 ","0 ","0 ","2018/2019 Genap","Fakfak "," Kab. Fak Fak ","Papua Barat"
"15 "," MI Muhammadiyah ","MI ","Swasta ","111292030007 ","175 ","9 ","1 ","6 ","0 ","0 ","2018/2019 Genap","Fakfak "," Kab. Fak Fak ","Papua Barat"
"1 "," RA Aisyiyah Bustanul Athfal -1 ","RA ","Swasta ","101292030018 ","80 ","6 ","1 ","2 ","0 ","0 ","2018/2019 Ganjil","Fakfak "," Kab. Fak Fak ","Papua Barat"
"2 "," RA Aisyiyah Bustanul Athfal 3 ","RA ","Swasta ","101292030007 ","74 ","5 ","2 ","4 ","0 ","0 ","2018/2019 Ganjil","Fakfak "," Kab. Fak Fak ","Papua Barat"
"3 "," RA Al - Ma`arif 1 ","RA ","Swasta ","101292030012 ","22 ","2 ","1 ","2 ","0 ","0 ","2018/2019 Ganjil","Fakfak "," Kab. Fak Fak ","Papua Barat"
"4 "," MI Al Maarif 1 ","MI ","Swasta ","111292030005 ","68 ","8 ","1 ","10 ","0 ","0 ","2018/2019 Ganjil","Fakfak "," Kab. Fak Fak ","Papua Barat"
"5 "," MI Al-Mahdi ","MI ","Swasta ","111292030006 ","57 ","9 ","1 ","6 ","0 ","0 ","2018/2019 Ganjil","Fakfak "," Kab. Fak Fak ","Papua Barat"
"6 "," RA Al-Mahdi Werpigan ","RA ","Swasta ","101292030011 ","1 ","4 ","1 ","2 ","0 ","0 ","2018/2019 Ganjil","Fakfak "," Kab. Fak Fak ","Papua Barat"
"7 "," RA Asy-Syafi`iyah 1 ","RA ","Swasta ","101292030001 ","10 ","1 ","1 ","0 ","0 ","0 ","2018/2019 Ganjil","Fakfak "," Kab. Fak Fak ","Papua Barat"
"8 "," RA Asy-Syafi`iyah 2 ","RA ","Swasta ","101292030015 ","41 ","3 ","1 ","2 ","0 ","0 ","2018/2019 Ganjil","Fakfak "," Kab. Fak Fak ","Papua Barat"
"9 "," RA Asy-Syafi`iyah 3 Fakfak ","RA ","Swasta ","101292030004 ","60 ","5 ","1 ","2 ","0 ","0 ","2018/2019 Ganjil","Fakfak "," Kab. Fak Fak ","Papua Barat"
"10 "," RA Az-Zahro ","RA ","Swasta ","101292030013 ","37 ","3 ","1 ","2 ","0 ","0 ","2018/2019 Ganjil","Fakfak "," Kab. Fak Fak ","Papua Barat"
"11 "," MI Darul Da'wah Wal Irsyad ","MI ","Swasta ","111292030004 ","123 ","9 ","1 ","8 ","0 ","0 ","2018/2019 Ganjil","Fakfak "," Kab. Fak Fak ","Papua Barat"
"12 "," MA Fakfak ","MA ","Negeri ","131192030001 ","409 ","31 ","8 ","16 ","1 ","4 ","2018/2019 Ganjil","Fakfak "," Kab. Fak Fak ","Papua Barat"
"13 "," MTS Fakfak ","MTS ","Negeri ","121192030001 ","544 ","35 ","1 ","18 ","0 ","0 ","2018/2019 Ganjil","Fakfak "," Kab. Fak Fak ","Papua Barat"
"14 "," MI Miftahul Jannah ","MI ","Swasta ","111292030009 ","99 ","12 ","1 ","11 ","0 ","0 ","2018/2019 Ganjil","Fakfak "," Kab. Fak Fak ","Papua Barat"
"15 "," MI Muhammadiyah ","MI ","Swasta ","111292030007 ","175 ","9 ","1 ","6 ","0 ","0 ","2018/2019 Ganjil","Fakfak "," Kab. Fak Fak ","Papua Barat"
"1 "," RA Aisyiyah Bustanul Athfal -1 ","RA ","Swasta ","101292030018 ","7 ","6 ","1 ","2 ","0 ","0 ","2017/2018 Ganjil","Fakfak "," Kab. Fak Fak ","Papua Barat"
"2 "," RA Aisyiyah Bustanul Athfal 3 ","RA ","Swasta ","101292030007 ","27 ","5 ","2 ","4 ","0 ","0 ","2017/2018 Ganjil","Fakfak "," Kab. Fak Fak ","Papua Barat"
"3 "," RA Al - Ma`arif 1 ","RA ","Swasta ","101292030012 ","9 ","2 ","1 ","2 ","0 ","0 ","2017/2018 Ganjil","Fakfak "," Kab. Fak Fak ","Papua Barat"
"4 "," MI Al Maarif 1 ","MI ","Swasta ","111292030005 ","44 ","8 ","1 ","10 ","0 ","0 ","2017/2018 Ganjil","Fakfak "," Kab. Fak Fak ","Papua Barat"
"5 "," MI Al-Mahdi ","MI ","Swasta ","111292030006 ","46 ","9 ","1 ","6 ","0 ","0 ","2017/2018 Ganjil","Fakfak "," Kab. Fak Fak ","Papua Barat"
"6 "," RA Al-Mahdi Werpigan ","RA ","Swasta ","101292030011 ","1 ","4 ","1 ","2 ","0 ","0 ","2017/2018 Ganjil","Fakfak "," Kab. Fak Fak ","Papua Barat"
"7 "," RA Asy-Syafi`iyah 1 ","RA ","Swasta ","101292030001 ","10 ","1 ","1 ","0 ","0 ","0 ","2017/2018 Ganjil","Fakfak "," Kab. Fak Fak ","Papua Barat"
"8 "," RA Asy-Syafi`iyah 2 ","RA ","Swasta ","101292030015 ","24 ","3 ","1 ","2 ","0 ","0 ","2017/2018 Ganjil","Fakfak "," Kab. Fak Fak ","Papua Barat"
"9 "," RA Asy-Syafi`iyah 3 Fakfak ","RA ","Swasta ","101292030004 ","17 ","5 ","1 ","2 ","0 ","0 ","2017/2018 Ganjil","Fakfak "," Kab. Fak Fak ","Papua Barat"
"10 "," RA Az-Zahro ","RA ","Swasta ","101292030013 ","21 ","3 ","1 ","2 ","0 ","0 ","2017/2018 Ganjil","Fakfak "," Kab. Fak Fak ","Papua Barat"
"11 "," MI Darul Da'wah Wal Irsyad ","MI ","Swasta ","111292030004 ","78 ","9 ","1 ","8 ","0 ","0 ","2017/2018 Ganjil","Fakfak "," Kab. Fak Fak ","Papua Barat"
"12 "," MA Fakfak ","MA ","Negeri ","131192030001 ","256 ","31 ","8 ","16 ","1 ","4 ","2017/2018 Ganjil","Fakfak "," Kab. Fak Fak ","Papua Barat"
"13 "," MTS Fakfak ","MTS ","Negeri ","121192030001 ","337 ","35 ","1 ","18 ","0 ","0 ","2017/2018 Ganjil","Fakfak "," Kab. Fak Fak ","Papua Barat"
"14 "," MI Miftahul Jannah ","MI ","Swasta ","111292030009 ","85 ","12 ","1 ","11 ","0 ","0 ","2017/2018 Ganjil","Fakfak "," Kab. Fak Fak ","Papua Barat"
"15 "," MI Muhammadiyah ","MI ","Swasta ","111292030007 ","134 ","9 ","1 ","6 ","0 ","0 ","2017/2018 Ganjil","Fakfak "," Kab. Fak Fak ","Papua Barat"
"1 "," RA Aisyiyah Bustanul Athfal 4 ","RA ","Swasta ","101292203005 ","34 ","3 ","1 ","4 ","0 ","0 ","2018/2019 Genap","Fakfak Barat "," Kab. Fak Fak ","Papua Barat"
"2 "," MTS Al-Fath ","MTS ","Swasta ","121292030004 ","27 ","13 ","2 ","3 ","0 ","0 ","2018/2019 Genap","Fakfak Barat "," Kab. Fak Fak ","Papua Barat"
"1 "," RA Aisyiyah Bustanul Athfal 4 ","RA ","Swasta ","101292203005 ","36 ","3 ","1 ","4 ","0 ","0 ","2018/2019 Ganjil","Fakfak Barat "," Kab. Fak Fak ","Papua Barat"
"2 "," MTS Al-Fath ","MTS ","Swasta ","121292030004 ","27 ","13 ","2 ","3 ","0 ","0 ","2018/2019 Ganjil","Fakfak Barat "," Kab. Fak Fak ","Papua Barat"
"1 "," RA Aisyiyah Bustanul Athfal 4 ","RA ","Swasta ","101292203005 ","1 ","3 ","1 ","4 ","0 ","0 ","2017/2018 Ganjil","Fakfak Barat "," Kab. Fak Fak ","Papua Barat"
"2 "," MTS Al-Fath ","MTS ","Swasta ","121292030004 ","19 ","13 ","2 ","3 ","0 ","0 ","2017/2018 Ganjil","Fakfak Barat "," Kab. Fak Fak ","Papua Barat"
"1 "," RA Al Ma`arif 2 ","RA ","Swasta ","101292030014 ","30 ","3 ","1 ","2 ","0 ","0 ","2018/2019 Genap","Fakfak Tengah "," Kab. Fak Fak ","Papua Barat"
"2 "," RA Asy-Syafi`iyah Katemba ","RA ","Swasta ","101292030006 ","4 ","1 ","1 ","2 ","0 ","0 ","2018/2019 Genap","Fakfak Tengah "," Kab. Fak Fak ","Papua Barat"
"3 "," MTS Muhammadiyah ","MTS ","Swasta ","121292030002 ","118 ","15 ","1 ","8 ","1 ","1 ","2018/2019 Genap","Fakfak Tengah "," Kab. Fak Fak ","Papua Barat"
"4 "," MI Nurul Huda ","MI ","Swasta ","111292030002 ","78 ","6 ","1 ","6 ","0 ","0 ","2018/2019 Genap","Fakfak Tengah "," Kab. Fak Fak ","Papua Barat"
"1 "," RA Al Ma`arif 2 ","RA ","Swasta ","101292030014 ","30 ","3 ","1 ","2 ","0 ","0 ","2018/2019 Ganjil","Fakfak Tengah "," Kab. Fak Fak ","Papua Barat"
"2 "," RA Asy-Syafi`iyah Katemba ","RA ","Swasta ","101292030006 ","1 ","1 ","1 ","2 ","0 ","0 ","2018/2019 Ganjil","Fakfak Tengah "," Kab. Fak Fak ","Papua Barat"
"3 "," MTS Muhammadiyah ","MTS ","Swasta ","121292030002 ","117 ","15 ","1 ","8 ","1 ","1 ","2018/2019 Ganjil","Fakfak Tengah "," Kab. Fak Fak ","Papua Barat"
"4 "," MI Nurul Huda ","MI ","Swasta ","111292030002 ","84 ","6 ","1 ","6 ","0 ","0 ","2018/2019 Ganjil","Fakfak Tengah "," Kab. Fak Fak ","Papua Barat"
"1 "," RA Al Ma`arif 2 ","RA ","Swasta ","101292030014 ","4 ","3 ","1 ","2 ","0 ","0 ","2017/2018 Ganjil","Fakfak Tengah "," Kab. Fak Fak ","Papua Barat"
"2 "," RA Asy-Syafi`iyah Katemba ","RA ","Swasta ","101292030006 ","1 ","1 ","1 ","2 ","0 ","0 ","2017/2018 Ganjil","Fakfak Tengah "," Kab. Fak Fak ","Papua Barat"
"3 "," MTS Muhammadiyah ","MTS ","Swasta ","121292030002 ","72 ","15 ","1 ","8 ","1 ","1 ","2017/2018 Ganjil","Fakfak Tengah "," Kab. Fak Fak ","Papua Barat"
"4 "," MI Nurul Huda ","MI ","Swasta ","111292030002 ","67 ","6 ","1 ","6 ","0 ","0 ","2017/2018 Ganjil","Fakfak Tengah "," Kab. Fak Fak ","Papua Barat"
"1 "," MI Al Maarif 3 ","MI ","Swasta ","111292030008 ","54 ","6 ","1 ","6 ","0 ","0 ","2018/2019 Genap","Karas "," Kab. Fak Fak ","Papua Barat"
"1 "," MI Al Maarif 3 ","MI ","Swasta ","111292030008 ","58 ","6 ","1 ","6 ","0 ","0 ","2018/2019 Ganjil","Karas "," Kab. Fak Fak ","Papua Barat"
"1 "," MI Al Maarif 3 ","MI ","Swasta ","111292030008 ","47 ","6 ","1 ","6 ","0 ","0 ","2017/2018 Ganjil","Karas "," Kab. Fak Fak ","Papua Barat"
"1 "," RA Bustanul Athfal-2 ","RA ","Swasta ","101292030003 ","7 ","1 ","1 ","0 ","0 ","0 ","2018/2019 Genap","Kokas "," Kab. Fak Fak ","Papua Barat"
"1 "," RA Bustanul Athfal-2 ","RA ","Swasta ","101292030003 ","7 ","1 ","1 ","0 ","0 ","0 ","2018/2019 Ganjil","Kokas "," Kab. Fak Fak ","Papua Barat"
"1 "," RA Bustanul Athfal-2 ","RA ","Swasta ","101292030003 ","7 ","1 ","1 ","0 ","0 ","0 ","2017/2018 Ganjil","Kokas "," Kab. Fak Fak ","Papua Barat"
"1 "," MA Al Ma`arif ","MA ","Swasta ","131292030003 ","86 ","16 ","3 ","6 ","0 ","0 ","2018/2019 Genap","Teluk Patipi "," Kab. Fak Fak ","Papua Barat"
"2 "," MI Asy-Syafiiyah ","MI ","Swasta ","111292030003 ","280 ","19 ","7 ","13 ","0 ","0 ","2018/2019 Genap","Teluk Patipi "," Kab. Fak Fak ","Papua Barat"
"3 "," MI Fakfak ","MI ","Negeri ","111192030001 ","158 ","19 ","4 ","11 ","1 ","0 ","2018/2019 Genap","Teluk Patipi "," Kab. Fak Fak ","Papua Barat"
"1 "," MA Al Ma`arif ","MA ","Swasta ","131292030003 ","114 ","16 ","3 ","6 ","0 ","0 ","2018/2019 Ganjil","Teluk Patipi "," Kab. Fak Fak ","Papua Barat"
"2 "," MI Asy-Syafiiyah ","MI ","Swasta ","111292030003 ","283 ","19 ","7 ","13 ","0 ","0 ","2018/2019 Ganjil","Teluk Patipi "," Kab. Fak Fak ","Papua Barat"
"3 "," MI Fakfak ","MI ","Negeri ","111192030001 ","160 ","19 ","4 ","11 ","1 ","0 ","2018/2019 Ganjil","Teluk Patipi "," Kab. Fak Fak ","Papua Barat"
"1 "," MA Al Ma`arif ","MA ","Swasta ","131292030003 ","66 ","16 ","3 ","6 ","0 ","0 ","2017/2018 Ganjil","Teluk Patipi "," Kab. Fak Fak ","Papua Barat"
"2 "," MI Asy-Syafiiyah ","MI ","Swasta ","111292030003 ","237 ","19 ","7 ","13 ","0 ","0 ","2017/2018 Ganjil","Teluk Patipi "," Kab. Fak Fak ","Papua Barat"
"3 "," MI Fakfak ","MI ","Negeri ","111192030001 ","158 ","19 ","4 ","11 ","1 ","0 ","2017/2018 Ganjil","Teluk Patipi "," Kab. Fak Fak ","Papua Barat"
"1 "," MA Al Ma`arif ","MA ","Swasta ","131292030003 ","86 ","16 ","3 ","6 ","0 ","0 ","2018/2019 Genap","Teluk Patippi "," Kab. Fak Fak ","Papua Barat"
"2 "," MI Asy-Syafiiyah ","MI ","Swasta ","111292030003 ","280 ","19 ","7 ","13 ","0 ","0 ","2018/2019 Genap","Teluk Patippi "," Kab. Fak Fak ","Papua Barat"
"3 "," MI Fakfak ","MI ","Negeri ","111192030001 ","158 ","19 ","4 ","11 ","1 ","0 ","2018/2019 Genap","Teluk Patippi "," Kab. Fak Fak ","Papua Barat"
"1 "," MA Al Ma`arif ","MA ","Swasta ","131292030003 ","114 ","16 ","3 ","6 ","0 ","0 ","2018/2019 Ganjil","Teluk Patippi "," Kab. Fak Fak ","Papua Barat"
"2 "," MI Asy-Syafiiyah ","MI ","Swasta ","111292030003 ","283 ","19 ","7 ","13 ","0 ","0 ","2018/2019 Ganjil","Teluk Patippi "," Kab. Fak Fak ","Papua Barat"
"3 "," MI Fakfak ","MI ","Negeri ","111192030001 ","160 ","19 ","4 ","11 ","1 ","0 ","2018/2019 Ganjil","Teluk Patippi "," Kab. Fak Fak ","Papua Barat"
"1 "," MA Al Ma`arif ","MA ","Swasta ","131292030003 ","66 ","16 ","3 ","6 ","0 ","0 ","2017/2018 Ganjil","Teluk Patippi "," Kab. Fak Fak ","Papua Barat"
"2 "," MI Asy-Syafiiyah ","MI ","Swasta ","111292030003 ","237 ","19 ","7 ","13 ","0 ","0 ","2017/2018 Ganjil","Teluk Patippi "," Kab. Fak Fak ","Papua Barat"
"3 "," MI Fakfak ","MI ","Negeri ","111192030001 ","158 ","19 ","4 ","11 ","1 ","0 ","2017/2018 Ganjil","Teluk Patippi "," Kab. Fak Fak ","Papua Barat"
"1 "," RA Al-Jannah ","RA ","Swasta ","101292080003 ","33 ","2 ","1 ","2 ","0 ","0 ","2018/2019 Genap","Kaimana "," Kab. Kaimana ","Papua Barat"
"2 "," MTS Al Madinah ","MTS ","Swasta ","121292080001 ","52 ","19 ","2 ","3 ","1 ","1 ","2018/2019 Genap","Kaimana "," Kab. Kaimana ","Papua Barat"
"3 "," MA Ihya Ulumuddin ","MA ","Swasta ","131292080001 ","76 ","15 ","1 ","5 ","0 ","0 ","2018/2019 Genap","Kaimana "," Kab. Kaimana ","Papua Barat"
"4 "," MI KAIMANA ","MI ","Negeri ","111192080001 ","121 ","21 ","1 ","13 ","1 ","0 ","2018/2019 Genap","Kaimana "," Kab. Kaimana ","Papua Barat"
"5 "," MI Luqman Al Hakim ","MI ","Swasta ","111292080001 ","96 ","12 ","1 ","13 ","0 ","0 ","2018/2019 Genap","Kaimana "," Kab. Kaimana ","Papua Barat"
"1 "," RA Al-Jannah ","RA ","Swasta ","101292080003 ","33 ","2 ","1 ","2 ","0 ","0 ","2018/2019 Ganjil","Kaimana "," Kab. Kaimana ","Papua Barat"
"2 "," MTS Al Madinah ","MTS ","Swasta ","121292080001 ","57 ","19 ","2 ","3 ","1 ","1 ","2018/2019 Ganjil","Kaimana "," Kab. Kaimana ","Papua Barat"
"3 "," MA Ihya Ulumuddin ","MA ","Swasta ","131292080001 ","80 ","15 ","1 ","5 ","0 ","0 ","2018/2019 Ganjil","Kaimana "," Kab. Kaimana ","Papua Barat"
"4 "," MI KAIMANA ","MI ","Negeri ","111192080001 ","122 ","21 ","1 ","13 ","1 ","0 ","2018/2019 Ganjil","Kaimana "," Kab. Kaimana ","Papua Barat"
"5 "," MI Luqman Al Hakim ","MI ","Swasta ","111292080001 ","97 ","12 ","1 ","13 ","0 ","0 ","2018/2019 Ganjil","Kaimana "," Kab. Kaimana ","Papua Barat"
"1 "," RA Al-Jannah ","RA ","Swasta ","101292080003 ","1 ","2 ","1 ","2 ","0 ","0 ","2017/2018 Ganjil","Kaimana "," Kab. Kaimana ","Papua Barat"
"2 "," MTS Al Madinah ","MTS ","Swasta ","121292080001 ","50 ","19 ","2 ","3 ","1 ","1 ","2017/2018 Ganjil","Kaimana "," Kab. Kaimana ","Papua Barat"
"3 "," MA Ihya Ulumuddin ","MA ","Swasta ","131292080001 ","39 ","15 ","1 ","5 ","0 ","0 ","2017/2018 Ganjil","Kaimana "," Kab. Kaimana ","Papua Barat"
"4 "," MI KAIMANA ","MI ","Negeri ","111192080001 ","119 ","21 ","1 ","13 ","1 ","0 ","2017/2018 Ganjil","Kaimana "," Kab. Kaimana ","Papua Barat"
"5 "," MI Luqman Al Hakim ","MI ","Swasta ","111292080001 ","68 ","12 ","1 ","13 ","0 ","0 ","2017/2018 Ganjil","Kaimana "," Kab. Kaimana ","Papua Barat"
"1 "," MTS Al-Akbar ","MTS ","Swasta ","121292710007 ","201 ","22 ","2 ","9 ","1 ","0 ","2018/2019 Genap","Sorong "," Kota Sorong ","Papua Barat"
"2 "," RA Al Maarif ","RA ","Swasta ","101292710006 ","67 ","7 ","1 ","5 ","0 ","0 ","2018/2019 Genap","Sorong "," Kota Sorong ","Papua Barat"
"3 "," RA AL MUJAHIDIN ","RA ","Swasta ","101292710015 ","40 ","5 ","1 ","3 ","0 ","0 ","2018/2019 Genap","Sorong "," Kota Sorong ","Papua Barat"
"4 "," MTS Annur ","MTS ","Swasta ","121292710005 ","177 ","20 ","2 ","7 ","0 ","0 ","2018/2019 Genap","Sorong "," Kota Sorong ","Papua Barat"
"5 "," MI Annur Yapis ","MI ","Swasta ","111292710004 ","299 ","6 ","1 ","14 ","0 ","0 ","2018/2019 Genap","Sorong "," Kota Sorong ","Papua Barat"
"6 "," RA Annur Yapis ","RA ","Swasta ","101292710005 ","61 ","6 ","1 ","5 ","0 ","0 ","2018/2019 Genap","Sorong "," Kota Sorong ","Papua Barat"
"7 "," MI Emeyodere ","MI ","Swasta ","111292710007 ","151 ","16 ","1 ","6 ","0 ","0 ","2018/2019 Genap","Sorong "," Kota Sorong ","Papua Barat"
"1 "," MTS Al-Akbar ","MTS ","Swasta ","121292710007 ","201 ","22 ","2 ","9 ","1 ","0 ","2018/2019 Ganjil","Sorong "," Kota Sorong ","Papua Barat"
"2 "," RA Al Maarif ","RA ","Swasta ","101292710006 ","6 ","7 ","1 ","5 ","0 ","0 ","2018/2019 Ganjil","Sorong "," Kota Sorong ","Papua Barat"
"3 "," RA AL MUJAHIDIN ","RA ","Swasta ","101292710015 ","38 ","5 ","1 ","3 ","0 ","0 ","2018/2019 Ganjil","Sorong "," Kota Sorong ","Papua Barat"
"4 "," MTS Annur ","MTS ","Swasta ","121292710005 ","191 ","20 ","2 ","7 ","0 ","0 ","2018/2019 Ganjil","Sorong "," Kota Sorong ","Papua Barat"
"5 "," MI Annur Yapis ","MI ","Swasta ","111292710004 ","285 ","6 ","1 ","14 ","0 ","0 ","2018/2019 Ganjil","Sorong "," Kota Sorong ","Papua Barat"
"6 "," RA Annur Yapis ","RA ","Swasta ","101292710005 ","31 ","6 ","1 ","5 ","0 ","0 ","2018/2019 Ganjil","Sorong "," Kota Sorong ","Papua Barat"
"7 "," MI Emeyodere ","MI ","Swasta ","111292710007 ","157 ","16 ","1 ","6 ","0 ","0 ","2018/2019 Ganjil","Sorong "," Kota Sorong ","Papua Barat"
"1 "," MTS Al-Akbar ","MTS ","Swasta ","121292710007 ","156 ","22 ","2 ","9 ","1 ","0 ","2017/2018 Ganjil","Sorong "," Kota Sorong ","Papua Barat"
"2 "," RA Al Maarif ","RA ","Swasta ","101292710006 ","1 ","7 ","1 ","5 ","0 ","0 ","2017/2018 Ganjil","Sorong "," Kota Sorong ","Papua Barat"
"3 "," RA AL MUJAHIDIN ","RA ","Swasta ","101292710015 ","1 ","5 ","1 ","3 ","0 ","0 ","2017/2018 Ganjil","Sorong "," Kota Sorong ","Papua Barat"
"4 "," MTS Annur ","MTS ","Swasta ","121292710005 ","138 ","20 ","2 ","7 ","0 ","0 ","2017/2018 Ganjil","Sorong "," Kota Sorong ","Papua Barat"
"5 "," MI Annur Yapis ","MI ","Swasta ","111292710004 ","279 ","6 ","1 ","14 ","0 ","0 ","2017/2018 Ganjil","Sorong "," Kota Sorong ","Papua Barat"
"6 "," RA Annur Yapis ","RA ","Swasta ","101292710005 ","6 ","6 ","1 ","5 ","0 ","0 ","2017/2018 Ganjil","Sorong "," Kota Sorong ","Papua Barat"
"7 "," MI Emeyodere ","MI ","Swasta ","111292710007 ","151 ","16 ","1 ","6 ","0 ","0 ","2017/2018 Ganjil","Sorong "," Kota Sorong ","Papua Barat"
"1 "," MI Integral Hidayatullah ","MI ","Swasta ","111292710009 ","114 ","7 ","1 ","6 ","0 ","0 ","2018/2019 Genap","Sorong Barat "," Kota Sorong ","Papua Barat"
"2 "," RA Permata Hati ","RA ","Swasta ","101292710011 ","42 ","3 ","1 ","2 ","0 ","0 ","2018/2019 Genap","Sorong Barat "," Kota Sorong ","Papua Barat"
"1 "," MI Integral Hidayatullah ","MI ","Swasta ","111292710009 ","115 ","7 ","1 ","6 ","0 ","0 ","2018/2019 Ganjil","Sorong Barat "," Kota Sorong ","Papua Barat"
"2 "," RA Permata Hati ","RA ","Swasta ","101292710011 ","42 ","3 ","1 ","2 ","0 ","0 ","2018/2019 Ganjil","Sorong Barat "," Kota Sorong ","Papua Barat"
"1 "," MI Integral Hidayatullah ","MI ","Swasta ","111292710009 ","78 ","7 ","1 ","6 ","0 ","0 ","2017/2018 Ganjil","Sorong Barat "," Kota Sorong ","Papua Barat"
"2 "," RA Permata Hati ","RA ","Swasta ","101292710011 ","1 ","3 ","1 ","2 ","0 ","0 ","2017/2018 Ganjil","Sorong Barat "," Kota Sorong ","Papua Barat"
"1 "," MI Al Ma`arif ","MI ","Swasta ","111292710001 ","549 ","32 ","5 ","23 ","0 ","0 ","2018/2019 Genap","Sorong Manoi "," Kota Sorong ","Papua Barat"
"2 "," RA An Nimah ","RA ","Swasta ","101292710001 ","1 ","1 ","1 ","3 ","0 ","0 ","2018/2019 Genap","Sorong Manoi "," Kota Sorong ","Papua Barat"
"3 "," MA Kota Sorong ","MA ","Negeri ","131192710001 ","716 ","60 ","14 ","29 ","1 ","0 ","2018/2019 Genap","Sorong Manoi "," Kota Sorong ","Papua Barat"
"4 "," MTS Kota Sorong ","MTS ","Negeri ","121192710001 ","731 ","54 ","10 ","25 ","0 ","0 ","2018/2019 Genap","Sorong Manoi "," Kota Sorong ","Papua Barat"
"1 "," MI Al Ma`arif ","MI ","Swasta ","111292710001 ","553 ","32 ","5 ","23 ","0 ","0 ","2018/2019 Ganjil","Sorong Manoi "," Kota Sorong ","Papua Barat"
"2 "," RA An Nimah ","RA ","Swasta ","101292710001 ","1 ","1 ","1 ","3 ","0 ","0 ","2018/2019 Ganjil","Sorong Manoi "," Kota Sorong ","Papua Barat"
"3 "," MA Kota Sorong ","MA ","Negeri ","131192710001 ","737 ","60 ","14 ","29 ","1 ","0 ","2018/2019 Ganjil","Sorong Manoi "," Kota Sorong ","Papua Barat"
"4 "," MTS Kota Sorong ","MTS ","Negeri ","121192710001 ","738 ","54 ","10 ","25 ","0 ","0 ","2018/2019 Ganjil","Sorong Manoi "," Kota Sorong ","Papua Barat"
"1 "," MI Al Ma`arif ","MI ","Swasta ","111292710001 ","431 ","32 ","5 ","23 ","0 ","0 ","2017/2018 Ganjil","Sorong Manoi "," Kota Sorong ","Papua Barat"
"2 "," RA An Nimah ","RA ","Swasta ","101292710001 ","1 ","1 ","1 ","3 ","0 ","0 ","2017/2018 Ganjil","Sorong Manoi "," Kota Sorong ","Papua Barat"
"3 "," MA Kota Sorong ","MA ","Negeri ","131192710001 ","455 ","60 ","14 ","29 ","1 ","0 ","2017/2018 Ganjil","Sorong Manoi "," Kota Sorong ","Papua Barat"
"4 "," MTS Kota Sorong ","MTS ","Negeri ","121192710001 ","488 ","54 ","10 ","25 ","0 ","0 ","2017/2018 Ganjil","Sorong Manoi "," Kota Sorong ","Papua Barat"
"1 "," RA Aisyiyah Bustanul Athfal 3 ","RA ","Swasta ","101292710003 ","132 ","8 ","1 ","9 ","0 ","0 ","2018/2019 Genap","Sorong Timur "," Kota Sorong ","Papua Barat"
"2 "," MI AL ISHLAH ","MI ","Swasta ","111292710010 ","1 ","1 ","1 ","0 ","0 ","0 ","2018/2019 Genap","Sorong Timur "," Kota Sorong ","Papua Barat"
"3 "," MI Al Kautsar ","MI ","Swasta ","111292710008 ","196 ","14 ","1 ","13 ","0 ","0 ","2018/2019 Genap","Sorong Timur "," Kota Sorong ","Papua Barat"
"4 "," MI Arraoda ","MI ","Swasta ","111292710005 ","217 ","12 ","2 ","62 ","1 ","0 ","2018/2019 Genap","Sorong Timur "," Kota Sorong ","Papua Barat"
"5 "," RA Avicenna ","RA ","Swasta ","101292710012 ","58 ","6 ","1 ","4 ","0 ","0 ","2018/2019 Genap","Sorong Timur "," Kota Sorong ","Papua Barat"
"6 "," RA DARUL 'ULUM ","RA ","Swasta ","101292710016 ","1 ","2 ","1 ","3 ","0 ","0 ","2018/2019 Genap","Sorong Timur "," Kota Sorong ","Papua Barat"
"7 "," MTS Emeyodere ","MTS ","Swasta ","121292710003 ","20 ","6 ","1 ","3 ","0 ","0 ","2018/2019 Genap","Sorong Timur "," Kota Sorong ","Papua Barat"
"8 "," MI Guppi ","MI ","Swasta ","111292710003 ","180 ","11 ","1 ","6 ","1 ","0 ","2018/2019 Genap","Sorong Timur "," Kota Sorong ","Papua Barat"
"9 "," MA Insan Kamil ","MA ","Swasta ","131292710002 ","47 ","2 ","1 ","7 ","0 ","0 ","2018/2019 Genap","Sorong Timur "," Kota Sorong ","Papua Barat"
"10 "," RA Miftahul Khair ","RA ","Swasta ","101292710010 ","1 ","3 ","1 ","2 ","1 ","0 ","2018/2019 Genap","Sorong Timur "," Kota Sorong ","Papua Barat"
"11 "," MTS MTS AZ-ZIKRA ","MTS ","Swasta ","121292710004 ","70 ","17 ","1 ","4 ","0 ","0 ","2018/2019 Genap","Sorong Timur "," Kota Sorong ","Papua Barat"
"12 "," MTS Muhammadiyah 1 Kota Sorong ","MTS ","Swasta ","121292710002 ","185 ","14 ","1 ","8 ","1 ","1 ","2018/2019 Genap","Sorong Timur "," Kota Sorong ","Papua Barat"
"13 "," RA NAHDLATUL ULUM ","RA ","Swasta ","101292710017 ","1 ","3 ","1 ","4 ","0 ","0 ","2018/2019 Genap","Sorong Timur "," Kota Sorong ","Papua Barat"
"14 "," MTS Sains Algebra ","MTS ","Swasta ","121292710006 ","214 ","18 ","3 ","9 ","1 ","2 ","2018/2019 Genap","Sorong Timur "," Kota Sorong ","Papua Barat"
"15 "," MI Sains Al Hidayah ","MI ","Swasta ","111292710006 ","368 ","21 ","4 ","12 ","2 ","1 ","2018/2019 Genap","Sorong Timur "," Kota Sorong ","Papua Barat"
"16 "," MI Yapis Quba ","MI ","Swasta ","111292710002 ","434 ","21 ","1 ","13 ","0 ","0 ","2018/2019 Genap","Sorong Timur "," Kota Sorong ","Papua Barat"
"1 "," RA Aisyiyah Bustanul Athfal 3 ","RA ","Swasta ","101292710003 ","75 ","8 ","1 ","9 ","0 ","0 ","2018/2019 Ganjil","Sorong Timur "," Kota Sorong ","Papua Barat"
"2 "," MI AL ISHLAH ","MI ","Swasta ","111292710010 ","1 ","1 ","1 ","0 ","0 ","0 ","2018/2019 Ganjil","Sorong Timur "," Kota Sorong ","Papua Barat"
"3 "," MI Al Kautsar ","MI ","Swasta ","111292710008 ","200 ","14 ","1 ","13 ","0 ","0 ","2018/2019 Ganjil","Sorong Timur "," Kota Sorong ","Papua Barat"
"4 "," MI Arraoda ","MI ","Swasta ","111292710005 ","222 ","12 ","2 ","62 ","1 ","0 ","2018/2019 Ganjil","Sorong Timur "," Kota Sorong ","Papua Barat"
"5 "," RA Avicenna ","RA ","Swasta ","101292710012 ","58 ","6 ","1 ","4 ","0 ","0 ","2018/2019 Ganjil","Sorong Timur "," Kota Sorong ","Papua Barat"
"6 "," RA DARUL 'ULUM ","RA ","Swasta ","101292710016 ","1 ","2 ","1 ","3 ","0 ","0 ","2018/2019 Ganjil","Sorong Timur "," Kota Sorong ","Papua Barat"
"7 "," MTS Emeyodere ","MTS ","Swasta ","121292710003 ","24 ","6 ","1 ","3 ","0 ","0 ","2018/2019 Ganjil","Sorong Timur "," Kota Sorong ","Papua Barat"
"8 "," MI Guppi ","MI ","Swasta ","111292710003 ","183 ","11 ","1 ","6 ","1 ","0 ","2018/2019 Ganjil","Sorong Timur "," Kota Sorong ","Papua Barat"
"9 "," MA Insan Kamil ","MA ","Swasta ","131292710002 ","49 ","2 ","1 ","7 ","0 ","0 ","2018/2019 Ganjil","Sorong Timur "," Kota Sorong ","Papua Barat"
"10 "," RA Miftahul Khair ","RA ","Swasta ","101292710010 ","1 ","3 ","1 ","2 ","1 ","0 ","2018/2019 Ganjil","Sorong Timur "," Kota Sorong ","Papua Barat"
"11 "," MTS MTS AZ-ZIKRA ","MTS ","Swasta ","121292710004 ","72 ","17 ","1 ","4 ","0 ","0 ","2018/2019 Ganjil","Sorong Timur "," Kota Sorong ","Papua Barat"
"12 "," MTS Muhammadiyah 1 Kota Sorong ","MTS ","Swasta ","121292710002 ","211 ","14 ","1 ","8 ","1 ","1 ","2018/2019 Ganjil","Sorong Timur "," Kota Sorong ","Papua Barat"
"13 "," RA NAHDLATUL ULUM ","RA ","Swasta ","101292710017 ","1 ","3 ","1 ","4 ","0 ","0 ","2018/2019 Ganjil","Sorong Timur "," Kota Sorong ","Papua Barat"
"14 "," MTS Sains Algebra ","MTS ","Swasta ","121292710006 ","214 ","18 ","3 ","9 ","1 ","2 ","2018/2019 Ganjil","Sorong Timur "," Kota Sorong ","Papua Barat"
"15 "," MI Sains Al Hidayah ","MI ","Swasta ","111292710006 ","368 ","21 ","4 ","12 ","2 ","1 ","2018/2019 Ganjil","Sorong Timur "," Kota Sorong ","Papua Barat"
"16 "," MI Yapis Quba ","MI ","Swasta ","111292710002 ","494 ","21 ","1 ","13 ","0 ","0 ","2018/2019 Ganjil","Sorong Timur "," Kota Sorong ","Papua Barat"
"1 "," RA Aisyiyah Bustanul Athfal 3 ","RA ","Swasta ","101292710003 ","10 ","8 ","1 ","9 ","0 ","0 ","2017/2018 Ganjil","Sorong Timur "," Kota Sorong ","Papua Barat"
"2 "," MI AL ISHLAH ","MI ","Swasta ","111292710010 ","1 ","1 ","1 ","0 ","0 ","0 ","2017/2018 Ganjil","Sorong Timur "," Kota Sorong ","Papua Barat"
"3 "," MI Al Kautsar ","MI ","Swasta ","111292710008 ","196 ","14 ","1 ","13 ","0 ","0 ","2017/2018 Ganjil","Sorong Timur "," Kota Sorong ","Papua Barat"
"4 "," MI Arraoda ","MI ","Swasta ","111292710005 ","186 ","12 ","2 ","62 ","1 ","0 ","2017/2018 Ganjil","Sorong Timur "," Kota Sorong ","Papua Barat"
"5 "," RA Avicenna ","RA ","Swasta ","101292710012 ","5 ","6 ","1 ","4 ","0 ","0 ","2017/2018 Ganjil","Sorong Timur "," Kota Sorong ","Papua Barat"
"6 "," RA DARUL 'ULUM ","RA ","Swasta ","101292710016 ","1 ","2 ","1 ","3 ","0 ","0 ","2017/2018 Ganjil","Sorong Timur "," Kota Sorong ","Papua Barat"
"7 "," MTS Emeyodere ","MTS ","Swasta ","121292710003 ","21 ","6 ","1 ","3 ","0 ","0 ","2017/2018 Ganjil","Sorong Timur "," Kota Sorong ","Papua Barat"
"8 "," MI Guppi ","MI ","Swasta ","111292710003 ","154 ","11 ","1 ","6 ","1 ","0 ","2017/2018 Ganjil","Sorong Timur "," Kota Sorong ","Papua Barat"
"9 "," MA Insan Kamil ","MA ","Swasta ","131292710002 ","31 ","2 ","1 ","7 ","0 ","0 ","2017/2018 Ganjil","Sorong Timur "," Kota Sorong ","Papua Barat"
"10 "," RA Miftahul Khair ","RA ","Swasta ","101292710010 ","1 ","3 ","1 ","2 ","1 ","0 ","2017/2018 Ganjil","Sorong Timur "," Kota Sorong ","Papua Barat"
"11 "," MTS MTS AZ-ZIKRA ","MTS ","Swasta ","121292710004 ","51 ","17 ","1 ","4 ","0 ","0 ","2017/2018 Ganjil","Sorong Timur "," Kota Sorong ","Papua Barat"
"12 "," MTS Muhammadiyah 1 Kota Sorong ","MTS ","Swasta ","121292710002 ","123 ","14 ","1 ","8 ","1 ","1 ","2017/2018 Ganjil","Sorong Timur "," Kota Sorong ","Papua Barat"
"13 "," RA NAHDLATUL ULUM ","RA ","Swasta ","101292710017 ","1 ","3 ","1 ","4 ","0 ","0 ","2017/2018 Ganjil","Sorong Timur "," Kota Sorong ","Papua Barat"
"14 "," MTS Sains Algebra ","MTS ","Swasta ","121292710006 ","144 ","18 ","3 ","9 ","1 ","2 ","2017/2018 Ganjil","Sorong Timur "," Kota Sorong ","Papua Barat"
"15 "," MI Sains Al Hidayah ","MI ","Swasta ","111292710006 ","264 ","21 ","4 ","12 ","2 ","1 ","2017/2018 Ganjil","Sorong Timur "," Kota Sorong ","Papua Barat"
"16 "," MI Yapis Quba ","MI ","Swasta ","111292710002 ","363 ","21 ","1 ","13 ","0 ","0 ","2017/2018 Ganjil","Sorong Timur "," Kota Sorong ","Papua Barat"
"1 "," RA Al Mukmin ","RA ","Swasta ","101292710013 ","23 ","2 ","1 ","2 ","0 ","0 ","2018/2019 Genap","Sorong Utara "," Kota Sorong ","Papua Barat"
"2 "," RA Fastabiqul Khoirot ","RA ","Swasta ","101292710008 ","36 ","3 ","1 ","3 ","0 ","0 ","2018/2019 Genap","Sorong Utara "," Kota Sorong ","Papua Barat"
"3 "," RA Guppi ","RA ","Swasta ","101292710004 ","1 ","1 ","1 ","0 ","0 ","0 ","2018/2019 Genap","Sorong Utara "," Kota Sorong ","Papua Barat"
"4 "," RA KH. AHMAD DAHLAN ","RA ","Swasta ","101292710014 ","1 ","1 ","1 ","0 ","0 ","0 ","2018/2019 Genap","Sorong Utara "," Kota Sorong ","Papua Barat"
"5 "," MTS Mts Arraoda ","MTS ","Swasta ","121292710008 ","47 ","18 ","1 ","3 ","0 ","0 ","2018/2019 Genap","Sorong Utara "," Kota Sorong ","Papua Barat"
"6 "," RA Ra Aisyiyah 2 ","RA ","Swasta ","101292710002 ","76 ","5 ","1 ","6 ","0 ","0 ","2018/2019 Genap","Sorong Utara "," Kota Sorong ","Papua Barat"
"1 "," RA Al Mukmin ","RA ","Swasta ","101292710013 ","24 ","2 ","1 ","2 ","0 ","0 ","2018/2019 Ganjil","Sorong Utara "," Kota Sorong ","Papua Barat"
"2 "," RA Fastabiqul Khoirot ","RA ","Swasta ","101292710008 ","35 ","3 ","1 ","3 ","0 ","0 ","2018/2019 Ganjil","Sorong Utara "," Kota Sorong ","Papua Barat"
"3 "," RA Guppi ","RA ","Swasta ","101292710004 ","1 ","1 ","1 ","0 ","0 ","0 ","2018/2019 Ganjil","Sorong Utara "," Kota Sorong ","Papua Barat"
"4 "," RA KH. AHMAD DAHLAN ","RA ","Swasta ","101292710014 ","1 ","1 ","1 ","0 ","0 ","0 ","2018/2019 Ganjil","Sorong Utara "," Kota Sorong ","Papua Barat"
"5 "," MTS Mts Arraoda ","MTS ","Swasta ","121292710008 ","47 ","18 ","1 ","3 ","0 ","0 ","2018/2019 Ganjil","Sorong Utara "," Kota Sorong ","Papua Barat"
"6 "," RA Ra Aisyiyah 2 ","RA ","Swasta ","101292710002 ","76 ","5 ","1 ","6 ","0 ","0 ","2018/2019 Ganjil","Sorong Utara "," Kota Sorong ","Papua Barat"
"1 "," RA Al Mukmin ","RA ","Swasta ","101292710013 ","7 ","2 ","1 ","2 ","0 ","0 ","2017/2018 Ganjil","Sorong Utara "," Kota Sorong ","Papua Barat"
"2 "," RA Fastabiqul Khoirot ","RA ","Swasta ","101292710008 ","9 ","3 ","1 ","3 ","0 ","0 ","2017/2018 Ganjil","Sorong Utara "," Kota Sorong ","Papua Barat"
"3 "," RA Guppi ","RA ","Swasta ","101292710004 ","1 ","1 ","1 ","0 ","0 ","0 ","2017/2018 Ganjil","Sorong Utara "," Kota Sorong ","Papua Barat"
"4 "," RA KH. AHMAD DAHLAN ","RA ","Swasta ","101292710014 ","1 ","1 ","1 ","0 ","0 ","0 ","2017/2018 Ganjil","Sorong Utara "," Kota Sorong ","Papua Barat"
"5 "," MTS Mts Arraoda ","MTS ","Swasta ","121292710008 ","27 ","18 ","1 ","3 ","0 ","0 ","2017/2018 Ganjil","Sorong Utara "," Kota Sorong ","Papua Barat"
"6 "," RA Ra Aisyiyah 2 ","RA ","Swasta ","101292710002 ","26 ","5 ","1 ","6 ","0 ","0 ","2017/2018 Ganjil","Sorong Utara "," Kota Sorong ","Papua Barat"
"1 "," MI 2 Manokwari ","MI ","Negeri ","111192020002 ","230 ","15 ","4 ","27 ","0 ","0 ","2018/2019 Genap"," "," Kab. Manokwari ","Papua Barat"
"2 "," RA Al-Khairaat Wariori ","RA ","Swasta ","101292020006 ","15 ","1 ","1 ","2 ","0 ","0 ","2018/2019 Genap"," "," Kab. Manokwari ","Papua Barat"
"3 "," RA Al- Khairat ","RA ","Swasta ","101292020001 ","159 ","8 ","1 ","6 ","0 ","0 ","2018/2019 Genap"," "," Kab. Manokwari ","Papua Barat"
"4 "," RA Al Khairat Warmare ","RA ","Swasta ","101292020005 ","11 ","1 ","1 ","2 ","0 ","0 ","2018/2019 Genap"," "," Kab. Manokwari ","Papua Barat"
"5 "," MI Miftahul Huda ","MI ","Swasta ","111292020002 ","127 ","13 ","1 ","6 ","1 ","0 ","2018/2019 Genap"," "," Kab. Manokwari ","Papua Barat"
"6 "," RA NURUL HAROMAIN ","RA ","Swasta ","101292020007 ","1 ","1 ","1 ","0 ","0 ","0 ","2018/2019 Genap"," "," Kab. Manokwari ","Papua Barat"
"1 "," MI 2 Manokwari ","MI ","Negeri ","111192020002 ","230 ","15 ","4 ","27 ","0 ","0 ","2018/2019 Ganjil"," "," Kab. Manokwari ","Papua Barat"
"2 "," RA Al-Khairaat Wariori ","RA ","Swasta ","101292020006 ","1 ","1 ","1 ","2 ","0 ","0 ","2018/2019 Ganjil"," "," Kab. Manokwari ","Papua Barat"
"3 "," RA Al- Khairat ","RA ","Swasta ","101292020001 ","159 ","8 ","1 ","6 ","0 ","0 ","2018/2019 Ganjil"," "," Kab. Manokwari ","Papua Barat"
"4 "," RA Al Khairat Warmare ","RA ","Swasta ","101292020005 ","11 ","1 ","1 ","2 ","0 ","0 ","2018/2019 Ganjil"," "," Kab. Manokwari ","Papua Barat"
"5 "," MI Miftahul Huda ","MI ","Swasta ","111292020002 ","126 ","13 ","1 ","6 ","1 ","0 ","2018/2019 Ganjil"," "," Kab. Manokwari ","Papua Barat"
"6 "," RA NURUL HAROMAIN ","RA ","Swasta ","101292020007 ","1 ","1 ","1 ","0 ","0 ","0 ","2018/2019 Ganjil"," "," Kab. Manokwari ","Papua Barat"
"1 "," MI 2 Manokwari ","MI ","Negeri ","111192020002 ","170 ","15 ","4 ","27 ","0 ","0 ","2017/2018 Ganjil"," "," Kab. Manokwari ","Papua Barat"
"2 "," RA Al-Khairaat Wariori ","RA ","Swasta ","101292020006 ","1 ","1 ","1 ","2 ","0 ","0 ","2017/2018 Ganjil"," "," Kab. Manokwari ","Papua Barat"
"3 "," RA Al- Khairat ","RA ","Swasta ","101292020001 ","78 ","8 ","1 ","6 ","0 ","0 ","2017/2018 Ganjil"," "," Kab. Manokwari ","Papua Barat"
"4 "," RA Al Khairat Warmare ","RA ","Swasta ","101292020005 ","6 ","1 ","1 ","2 ","0 ","0 ","2017/2018 Ganjil"," "," Kab. Manokwari ","Papua Barat"
"5 "," MI Miftahul Huda ","MI ","Swasta ","111292020002 ","103 ","13 ","1 ","6 ","1 ","0 ","2017/2018 Ganjil"," "," Kab. Manokwari ","Papua Barat"
"6 "," RA NURUL HAROMAIN ","RA ","Swasta ","101292020007 ","1 ","1 ","1 ","0 ","0 ","0 ","2017/2018 Ganjil"," "," Kab. Manokwari ","Papua Barat"
"1 "," RA Al- Khairat Manokwari ","RA ","Swasta ","101292020004 ","49 ","6 ","1 ","2 ","0 ","0 ","2018/2019 Genap","Manokwari Barat "," Kab. Manokwari ","Papua Barat"
"2 "," RA Bina Insan Nusantara ","RA ","Swasta ","101292020009 ","54 ","4 ","2 ","4 ","0 ","0 ","2018/2019 Genap","Manokwari Barat "," Kab. Manokwari ","Papua Barat"
"3 "," MI Ibnu Khaldun ","MI ","Swasta ","111292020003 ","198 ","11 ","1 ","20 ","0 ","0 ","2018/2019 Genap","Manokwari Barat "," Kab. Manokwari ","Papua Barat"
"4 "," RA Integral Al-Hijrah ","RA ","Swasta ","101292020002 ","86 ","1 ","1 ","5 ","0 ","0 ","2018/2019 Genap","Manokwari Barat "," Kab. Manokwari ","Papua Barat"
"1 "," RA Al- Khairat Manokwari ","RA ","Swasta ","101292020004 ","49 ","6 ","1 ","2 ","0 ","0 ","2018/2019 Ganjil","Manokwari Barat "," Kab. Manokwari ","Papua Barat"
"2 "," RA Bina Insan Nusantara ","RA ","Swasta ","101292020009 ","54 ","4 ","2 ","4 ","0 ","0 ","2018/2019 Ganjil","Manokwari Barat "," Kab. Manokwari ","Papua Barat"
"3 "," MI Ibnu Khaldun ","MI ","Swasta ","111292020003 ","235 ","11 ","1 ","20 ","0 ","0 ","2018/2019 Ganjil","Manokwari Barat "," Kab. Manokwari ","Papua Barat"
"4 "," RA Integral Al-Hijrah ","RA ","Swasta ","101292020002 ","86 ","1 ","1 ","5 ","0 ","0 ","2018/2019 Ganjil","Manokwari Barat "," Kab. Manokwari ","Papua Barat"
"1 "," RA Al- Khairat Manokwari ","RA ","Swasta ","101292020004 ","1 ","6 ","1 ","2 ","0 ","0 ","2017/2018 Ganjil","Manokwari Barat "," Kab. Manokwari ","Papua Barat"
"2 "," RA Bina Insan Nusantara ","RA ","Swasta ","101292020009 ","7 ","4 ","2 ","4 ","0 ","0 ","2017/2018 Ganjil","Manokwari Barat "," Kab. Manokwari ","Papua Barat"
"3 "," MI Ibnu Khaldun ","MI ","Swasta ","111292020003 ","104 ","11 ","1 ","20 ","0 ","0 ","2017/2018 Ganjil","Manokwari Barat "," Kab. Manokwari ","Papua Barat"
"4 "," RA Integral Al-Hijrah ","RA ","Swasta ","101292020002 ","6 ","1 ","1 ","5 ","0 ","0 ","2017/2018 Ganjil","Manokwari Barat "," Kab. Manokwari ","Papua Barat"
"1 "," MA Integral Hidayatullah ","MA ","Swasta ","131292020002 ","62 ","14 ","1 ","6 ","0 ","0 ","2018/2019 Genap","Manokwari Selatan "," Kab. Manokwari ","Papua Barat"
"2 "," MTS Luqmanul Hakim ","MTS ","Swasta ","121292020001 ","146 ","10 ","1 ","6 ","1 ","1 ","2018/2019 Genap","Manokwari Selatan "," Kab. Manokwari ","Papua Barat"
"1 "," MA Integral Hidayatullah ","MA ","Swasta ","131292020002 ","65 ","14 ","1 ","6 ","0 ","0 ","2018/2019 Ganjil","Manokwari Selatan "," Kab. Manokwari ","Papua Barat"
"2 "," MTS Luqmanul Hakim ","MTS ","Swasta ","121292020001 ","150 ","10 ","1 ","6 ","1 ","1 ","2018/2019 Ganjil","Manokwari Selatan "," Kab. Manokwari ","Papua Barat"
"1 "," MA Integral Hidayatullah ","MA ","Swasta ","131292020002 ","39 ","14 ","1 ","6 ","0 ","0 ","2017/2018 Ganjil","Manokwari Selatan "," Kab. Manokwari ","Papua Barat"
"2 "," MTS Luqmanul Hakim ","MTS ","Swasta ","121292020001 ","76 ","10 ","1 ","6 ","1 ","1 ","2017/2018 Ganjil","Manokwari Selatan "," Kab. Manokwari ","Papua Barat"
"1 "," MI 2 Manokwari ","MI ","Negeri ","111192020002 ","230 ","15 ","4 ","27 ","0 ","0 ","2018/2019 Genap","Masni "," Kab. Manokwari ","Papua Barat"
"2 "," RA Al-Khairaat Wariori ","RA ","Swasta ","101292020006 ","15 ","1 ","1 ","2 ","0 ","0 ","2018/2019 Genap","Masni "," Kab. Manokwari ","Papua Barat"
"3 "," RA Al- Khairat ","RA ","Swasta ","101292020001 ","159 ","8 ","1 ","6 ","0 ","0 ","2018/2019 Genap","Masni "," Kab. Manokwari ","Papua Barat"
"4 "," RA Al Khairat Warmare ","RA ","Swasta ","101292020005 ","11 ","1 ","1 ","2 ","0 ","0 ","2018/2019 Genap","Masni "," Kab. Manokwari ","Papua Barat"
"5 "," MI Miftahul Huda ","MI ","Swasta ","111292020002 ","127 ","13 ","1 ","6 ","1 ","0 ","2018/2019 Genap","Masni "," Kab. Manokwari ","Papua Barat"
"6 "," RA NURUL HAROMAIN ","RA ","Swasta ","101292020007 ","1 ","1 ","1 ","0 ","0 ","0 ","2018/2019 Genap","Masni "," Kab. Manokwari ","Papua Barat"
"1 "," MI 2 Manokwari ","MI ","Negeri ","111192020002 ","230 ","15 ","4 ","27 ","0 ","0 ","2018/2019 Ganjil","Masni "," Kab. Manokwari ","Papua Barat"
"2 "," RA Al-Khairaat Wariori ","RA ","Swasta ","101292020006 ","1 ","1 ","1 ","2 ","0 ","0 ","2018/2019 Ganjil","Masni "," Kab. Manokwari ","Papua Barat"
"3 "," RA Al- Khairat ","RA ","Swasta ","101292020001 ","159 ","8 ","1 ","6 ","0 ","0 ","2018/2019 Ganjil","Masni "," Kab. Manokwari ","Papua Barat"
"4 "," RA Al Khairat Warmare ","RA ","Swasta ","101292020005 ","11 ","1 ","1 ","2 ","0 ","0 ","2018/2019 Ganjil","Masni "," Kab. Manokwari ","Papua Barat"
"5 "," MI Miftahul Huda ","MI ","Swasta ","111292020002 ","126 ","13 ","1 ","6 ","1 ","0 ","2018/2019 Ganjil","Masni "," Kab. Manokwari ","Papua Barat"
"6 "," RA NURUL HAROMAIN ","RA ","Swasta ","101292020007 ","1 ","1 ","1 ","0 ","0 ","0 ","2018/2019 Ganjil","Masni "," Kab. Manokwari ","Papua Barat"
"1 "," MI 2 Manokwari ","MI ","Negeri ","111192020002 ","170 ","15 ","4 ","27 ","0 ","0 ","2017/2018 Ganjil","Masni "," Kab. Manokwari ","Papua Barat"
"2 "," RA Al-Khairaat Wariori ","RA ","Swasta ","101292020006 ","1 ","1 ","1 ","2 ","0 ","0 ","2017/2018 Ganjil","Masni "," Kab. Manokwari ","Papua Barat"
"3 "," RA Al- Khairat ","RA ","Swasta ","101292020001 ","78 ","8 ","1 ","6 ","0 ","0 ","2017/2018 Ganjil","Masni "," Kab. Manokwari ","Papua Barat"
"4 "," RA Al Khairat Warmare ","RA ","Swasta ","101292020005 ","6 ","1 ","1 ","2 ","0 ","0 ","2017/2018 Ganjil","Masni "," Kab. Manokwari ","Papua Barat"
"5 "," MI Miftahul Huda ","MI ","Swasta ","111292020002 ","103 ","13 ","1 ","6 ","1 ","0 ","2017/2018 Ganjil","Masni "," Kab. Manokwari ","Papua Barat"
"6 "," RA NURUL HAROMAIN ","RA ","Swasta ","101292020007 ","1 ","1 ","1 ","0 ","0 ","0 ","2017/2018 Ganjil","Masni "," Kab. Manokwari ","Papua Barat"
"1 "," MI 1 ","MI ","Negeri ","111192020001 ","320 ","26 ","3 ","14 ","0 ","0 ","2018/2019 Genap","Prafi "," Kab. Manokwari ","Papua Barat"
"2 "," MI Baitul Amin ","MI ","Swasta ","111292020004 ","64 ","4 ","1 ","5 ","0 ","0 ","2018/2019 Genap","Prafi "," Kab. Manokwari ","Papua Barat"
"3 "," RA Baitul Amin ","RA ","Swasta ","101292020003 ","25 ","3 ","1 ","2 ","0 ","0 ","2018/2019 Genap","Prafi "," Kab. Manokwari ","Papua Barat"
"4 "," MA Manokwari ","MA ","Negeri ","131192020001 ","93 ","25 ","6 ","6 ","1 ","3 ","2018/2019 Genap","Prafi "," Kab. Manokwari ","Papua Barat"
"5 "," MTS Manokwari ","MTS ","Negeri ","121192020001 ","360 ","24 ","5 ","14 ","1 ","3 ","2018/2019 Genap","Prafi "," Kab. Manokwari ","Papua Barat"
"1 "," MI 1 ","MI ","Negeri ","111192020001 ","321 ","26 ","3 ","14 ","0 ","0 ","2018/2019 Ganjil","Prafi "," Kab. Manokwari ","Papua Barat"
"2 "," MI Baitul Amin ","MI ","Swasta ","111292020004 ","64 ","4 ","1 ","5 ","0 ","0 ","2018/2019 Ganjil","Prafi "," Kab. Manokwari ","Papua Barat"
"3 "," RA Baitul Amin ","RA ","Swasta ","101292020003 ","25 ","3 ","1 ","2 ","0 ","0 ","2018/2019 Ganjil","Prafi "," Kab. Manokwari ","Papua Barat"
"4 "," MA Manokwari ","MA ","Negeri ","131192020001 ","93 ","25 ","6 ","6 ","1 ","3 ","2018/2019 Ganjil","Prafi "," Kab. Manokwari ","Papua Barat"
"5 "," MTS Manokwari ","MTS ","Negeri ","121192020001 ","360 ","24 ","5 ","14 ","1 ","3 ","2018/2019 Ganjil","Prafi "," Kab. Manokwari ","Papua Barat"
"1 "," MI 1 ","MI ","Negeri ","111192020001 ","258 ","26 ","3 ","14 ","0 ","0 ","2017/2018 Ganjil","Prafi "," Kab. Manokwari ","Papua Barat"
"2 "," MI Baitul Amin ","MI ","Swasta ","111292020004 ","33 ","4 ","1 ","5 ","0 ","0 ","2017/2018 Ganjil","Prafi "," Kab. Manokwari ","Papua Barat"
"3 "," RA Baitul Amin ","RA ","Swasta ","101292020003 ","1 ","3 ","1 ","2 ","0 ","0 ","2017/2018 Ganjil","Prafi "," Kab. Manokwari ","Papua Barat"
"4 "," MA Manokwari ","MA ","Negeri ","131192020001 ","53 ","25 ","6 ","6 ","1 ","3 ","2017/2018 Ganjil","Prafi "," Kab. Manokwari ","Papua Barat"
"5 "," MTS Manokwari ","MTS ","Negeri ","121192020001 ","243 ","24 ","5 ","14 ","1 ","3 ","2017/2018 Ganjil","Prafi "," Kab. Manokwari ","Papua Barat"
"1 "," MI Ya Bunayya ","MI ","Swasta ","111292020001 ","305 ","12 ","1 ","11 ","1 ","0 ","2018/2019 Genap","Sidey "," Kab. Manokwari ","Papua Barat"
"1 "," MI Ya Bunayya ","MI ","Swasta ","111292020001 ","261 ","12 ","1 ","11 ","1 ","0 ","2018/2019 Ganjil","Sidey "," Kab. Manokwari ","Papua Barat"
"1 "," MI Ya Bunayya ","MI ","Swasta ","111292020001 ","187 ","12 ","1 ","11 ","1 ","0 ","2017/2018 Ganjil","Sidey "," Kab. Manokwari ","Papua Barat"
"1 "," MI 1 ","MI ","Negeri ","111192020001 ","320 ","26 ","3 ","14 ","0 ","0 ","2018/2019 Genap"," "," Kab. Manokwari ","Papua Barat"
"2 "," MI Baitul Amin ","MI ","Swasta ","111292020004 ","64 ","4 ","1 ","5 ","0 ","0 ","2018/2019 Genap"," "," Kab. Manokwari ","Papua Barat"
"3 "," RA Baitul Amin ","RA ","Swasta ","101292020003 ","25 ","3 ","1 ","2 ","0 ","0 ","2018/2019 Genap"," "," Kab. Manokwari ","Papua Barat"
"4 "," MA Manokwari ","MA ","Negeri ","131192020001 ","93 ","25 ","6 ","6 ","1 ","3 ","2018/2019 Genap"," "," Kab. Manokwari ","Papua Barat"
"5 "," MTS Manokwari ","MTS ","Negeri ","121192020001 ","360 ","24 ","5 ","14 ","1 ","3 ","2018/2019 Genap"," "," Kab. Manokwari ","Papua Barat"
"1 "," MI 1 ","MI ","Negeri ","111192020001 ","321 ","26 ","3 ","14 ","0 ","0 ","2018/2019 Ganjil"," "," Kab. Manokwari ","Papua Barat"
"2 "," MI Baitul Amin ","MI ","Swasta ","111292020004 ","64 ","4 ","1 ","5 ","0 ","0 ","2018/2019 Ganjil"," "," Kab. Manokwari ","Papua Barat"
"3 "," RA Baitul Amin ","RA ","Swasta ","101292020003 ","25 ","3 ","1 ","2 ","0 ","0 ","2018/2019 Ganjil"," "," Kab. Manokwari ","Papua Barat"
"4 "," MA Manokwari ","MA ","Negeri ","131192020001 ","93 ","25 ","6 ","6 ","1 ","3 ","2018/2019 Ganjil"," "," Kab. Manokwari ","Papua Barat"
"5 "," MTS Manokwari ","MTS ","Negeri ","121192020001 ","360 ","24 ","5 ","14 ","1 ","3 ","2018/2019 Ganjil"," "," Kab. Manokwari ","Papua Barat"
"1 "," MI 1 ","MI ","Negeri ","111192020001 ","258 ","26 ","3 ","14 ","0 ","0 ","2017/2018 Ganjil"," "," Kab. Manokwari ","Papua Barat"
"2 "," MI Baitul Amin ","MI ","Swasta ","111292020004 ","33 ","4 ","1 ","5 ","0 ","0 ","2017/2018 Ganjil"," "," Kab. Manokwari ","Papua Barat"
"3 "," RA Baitul Amin ","RA ","Swasta ","101292020003 ","1 ","3 ","1 ","2 ","0 ","0 ","2017/2018 Ganjil"," "," Kab. Manokwari ","Papua Barat"
"4 "," MA Manokwari ","MA ","Negeri ","131192020001 ","53 ","25 ","6 ","6 ","1 ","3 ","2017/2018 Ganjil"," "," Kab. Manokwari ","Papua Barat"
"5 "," MTS Manokwari ","MTS ","Negeri ","121192020001 ","243 ","24 ","5 ","14 ","1 ","3 ","2017/2018 Ganjil"," "," Kab. Manokwari ","Papua Barat"
"1 "," MI 2 Manokwari ","MI ","Negeri ","111192020002 ","230 ","15 ","4 ","27 ","0 ","0 ","2018/2019 Genap"," "," Kab. Manokwari ","Papua Barat"
"2 "," RA Al-Khairaat Wariori ","RA ","Swasta ","101292020006 ","15 ","1 ","1 ","2 ","0 ","0 ","2018/2019 Genap"," "," Kab. Manokwari ","Papua Barat"
"3 "," RA Al- Khairat ","RA ","Swasta ","101292020001 ","159 ","8 ","1 ","6 ","0 ","0 ","2018/2019 Genap"," "," Kab. Manokwari ","Papua Barat"
"4 "," RA Al Khairat Warmare ","RA ","Swasta ","101292020005 ","11 ","1 ","1 ","2 ","0 ","0 ","2018/2019 Genap"," "," Kab. Manokwari ","Papua Barat"
"5 "," MI Miftahul Huda ","MI ","Swasta ","111292020002 ","127 ","13 ","1 ","6 ","1 ","0 ","2018/2019 Genap"," "," Kab. Manokwari ","Papua Barat"
"6 "," RA NURUL HAROMAIN ","RA ","Swasta ","101292020007 ","1 ","1 ","1 ","0 ","0 ","0 ","2018/2019 Genap"," "," Kab. Manokwari ","Papua Barat"
"1 "," MI 2 Manokwari ","MI ","Negeri ","111192020002 ","230 ","15 ","4 ","27 ","0 ","0 ","2018/2019 Ganjil"," "," Kab. Manokwari ","Papua Barat"
"2 "," RA Al-Khairaat Wariori ","RA ","Swasta ","101292020006 ","1 ","1 ","1 ","2 ","0 ","0 ","2018/2019 Ganjil"," "," Kab. Manokwari ","Papua Barat"
"3 "," RA Al- Khairat ","RA ","Swasta ","101292020001 ","159 ","8 ","1 ","6 ","0 ","0 ","2018/2019 Ganjil"," "," Kab. Manokwari ","Papua Barat"
"4 "," RA Al Khairat Warmare ","RA ","Swasta ","101292020005 ","11 ","1 ","1 ","2 ","0 ","0 ","2018/2019 Ganjil"," "," Kab. Manokwari ","Papua Barat"
"5 "," MI Miftahul Huda ","MI ","Swasta ","111292020002 ","126 ","13 ","1 ","6 ","1 ","0 ","2018/2019 Ganjil"," "," Kab. Manokwari ","Papua Barat"
"6 "," RA NURUL HAROMAIN ","RA ","Swasta ","101292020007 ","1 ","1 ","1 ","0 ","0 ","0 ","2018/2019 Ganjil"," "," Kab. Manokwari ","Papua Barat"
"1 "," MI 2 Manokwari ","MI ","Negeri ","111192020002 ","170 ","15 ","4 ","27 ","0 ","0 ","2017/2018 Ganjil"," "," Kab. Manokwari ","Papua Barat"
"2 "," RA Al-Khairaat Wariori ","RA ","Swasta ","101292020006 ","1 ","1 ","1 ","2 ","0 ","0 ","2017/2018 Ganjil"," "," Kab. Manokwari ","Papua Barat"
"3 "," RA Al- Khairat ","RA ","Swasta ","101292020001 ","78 ","8 ","1 ","6 ","0 ","0 ","2017/2018 Ganjil"," "," Kab. Manokwari ","Papua Barat"
"4 "," RA Al Khairat Warmare ","RA ","Swasta ","101292020005 ","6 ","1 ","1 ","2 ","0 ","0 ","2017/2018 Ganjil"," "," Kab. Manokwari ","Papua Barat"
"5 "," MI Miftahul Huda ","MI ","Swasta ","111292020002 ","103 ","13 ","1 ","6 ","1 ","0 ","2017/2018 Ganjil"," "," Kab. Manokwari ","Papua Barat"
"6 "," RA NURUL HAROMAIN ","RA ","Swasta ","101292020007 ","1 ","1 ","1 ","0 ","0 ","0 ","2017/2018 Ganjil"," "," Kab. Manokwari ","Papua Barat"
"1 "," RA Al- Khairat Manokwari ","RA ","Swasta ","101292020004 ","49 ","6 ","1 ","2 ","0 ","0 ","2018/2019 Genap"," "," Kab. Manokwari ","Papua Barat"
"2 "," RA Bina Insan Nusantara ","RA ","Swasta ","101292020009 ","54 ","4 ","2 ","4 ","0 ","0 ","2018/2019 Genap"," "," Kab. Manokwari ","Papua Barat"
"3 "," MI Ibnu Khaldun ","MI ","Swasta ","111292020003 ","198 ","11 ","1 ","20 ","0 ","0 ","2018/2019 Genap"," "," Kab. Manokwari ","Papua Barat"
"4 "," RA Integral Al-Hijrah ","RA ","Swasta ","101292020002 ","86 ","1 ","1 ","5 ","0 ","0 ","2018/2019 Genap"," "," Kab. Manokwari ","Papua Barat"
"1 "," RA Al- Khairat Manokwari ","RA ","Swasta ","101292020004 ","49 ","6 ","1 ","2 ","0 ","0 ","2018/2019 Ganjil"," "," Kab. Manokwari ","Papua Barat"
"2 "," RA Bina Insan Nusantara ","RA ","Swasta ","101292020009 ","54 ","4 ","2 ","4 ","0 ","0 ","2018/2019 Ganjil"," "," Kab. Manokwari ","Papua Barat"
"3 "," MI Ibnu Khaldun ","MI ","Swasta ","111292020003 ","235 ","11 ","1 ","20 ","0 ","0 ","2018/2019 Ganjil"," "," Kab. Manokwari ","Papua Barat"
"4 "," RA Integral Al-Hijrah ","RA ","Swasta ","101292020002 ","86 ","1 ","1 ","5 ","0 ","0 ","2018/2019 Ganjil"," "," Kab. Manokwari ","Papua Barat"
"1 "," RA Al- Khairat Manokwari ","RA ","Swasta ","101292020004 ","1 ","6 ","1 ","2 ","0 ","0 ","2017/2018 Ganjil"," "," Kab. Manokwari ","Papua Barat"
"2 "," RA Bina Insan Nusantara ","RA ","Swasta ","101292020009 ","7 ","4 ","2 ","4 ","0 ","0 ","2017/2018 Ganjil"," "," Kab. Manokwari ","Papua Barat"
"3 "," MI Ibnu Khaldun ","MI ","Swasta ","111292020003 ","104 ","11 ","1 ","20 ","0 ","0 ","2017/2018 Ganjil"," "," Kab. Manokwari ","Papua Barat"
"4 "," RA Integral Al-Hijrah ","RA ","Swasta ","101292020002 ","6 ","1 ","1 ","5 ","0 ","0 ","2017/2018 Ganjil"," "," Kab. Manokwari ","Papua Barat"
"1 "," MI 2 Manokwari ","MI ","Negeri ","111192020002 ","230 ","15 ","4 ","27 ","0 ","0 ","2018/2019 Genap","Masni "," Kab. Manokwari ","Papua Barat"
"2 "," RA Al-Khairaat Wariori ","RA ","Swasta ","101292020006 ","15 ","1 ","1 ","2 ","0 ","0 ","2018/2019 Genap","Masni "," Kab. Manokwari ","Papua Barat"
"3 "," RA Al- Khairat ","RA ","Swasta ","101292020001 ","159 ","8 ","1 ","6 ","0 ","0 ","2018/2019 Genap","Masni "," Kab. Manokwari ","Papua Barat"
"4 "," RA Al Khairat Warmare ","RA ","Swasta ","101292020005 ","11 ","1 ","1 ","2 ","0 ","0 ","2018/2019 Genap","Masni "," Kab. Manokwari ","Papua Barat"
"5 "," MI Miftahul Huda ","MI ","Swasta ","111292020002 ","127 ","13 ","1 ","6 ","1 ","0 ","2018/2019 Genap","Masni "," Kab. Manokwari ","Papua Barat"
"6 "," RA NURUL HAROMAIN ","RA ","Swasta ","101292020007 ","1 ","1 ","1 ","0 ","0 ","0 ","2018/2019 Genap","Masni "," Kab. Manokwari ","Papua Barat"
"1 "," MI 2 Manokwari ","MI ","Negeri ","111192020002 ","230 ","15 ","4 ","27 ","0 ","0 ","2018/2019 Ganjil","Masni "," Kab. Manokwari ","Papua Barat"
"2 "," RA Al-Khairaat Wariori ","RA ","Swasta ","101292020006 ","1 ","1 ","1 ","2 ","0 ","0 ","2018/2019 Ganjil","Masni "," Kab. Manokwari ","Papua Barat"
"3 "," RA Al- Khairat ","RA ","Swasta ","101292020001 ","159 ","8 ","1 ","6 ","0 ","0 ","2018/2019 Ganjil","Masni "," Kab. Manokwari ","Papua Barat"
"4 "," RA Al Khairat Warmare ","RA ","Swasta ","101292020005 ","11 ","1 ","1 ","2 ","0 ","0 ","2018/2019 Ganjil","Masni "," Kab. Manokwari ","Papua Barat"
"5 "," MI Miftahul Huda ","MI ","Swasta ","111292020002 ","126 ","13 ","1 ","6 ","1 ","0 ","2018/2019 Ganjil","Masni "," Kab. Manokwari ","Papua Barat"
"6 "," RA NURUL HAROMAIN ","RA ","Swasta ","101292020007 ","1 ","1 ","1 ","0 ","0 ","0 ","2018/2019 Ganjil","Masni "," Kab. Manokwari ","Papua Barat"
"1 "," MI 2 Manokwari ","MI ","Negeri ","111192020002 ","170 ","15 ","4 ","27 ","0 ","0 ","2017/2018 Ganjil","Masni "," Kab. Manokwari ","Papua Barat"
"2 "," RA Al-Khairaat Wariori ","RA ","Swasta ","101292020006 ","1 ","1 ","1 ","2 ","0 ","0 ","2017/2018 Ganjil","Masni "," Kab. Manokwari ","Papua Barat"
"3 "," RA Al- Khairat ","RA ","Swasta ","101292020001 ","78 ","8 ","1 ","6 ","0 ","0 ","2017/2018 Ganjil","Masni "," Kab. Manokwari ","Papua Barat"
"4 "," RA Al Khairat Warmare ","RA ","Swasta ","101292020005 ","6 ","1 ","1 ","2 ","0 ","0 ","2017/2018 Ganjil","Masni "," Kab. Manokwari ","Papua Barat"
"5 "," MI Miftahul Huda ","MI ","Swasta ","111292020002 ","103 ","13 ","1 ","6 ","1 ","0 ","2017/2018 Ganjil","Masni "," Kab. Manokwari ","Papua Barat"
"6 "," RA NURUL HAROMAIN ","RA ","Swasta ","101292020007 ","1 ","1 ","1 ","0 ","0 ","0 ","2017/2018 Ganjil","Masni "," Kab. Manokwari ","Papua Barat"
"1 "," MTS Tahfidzul Qur`an Mu`adz Bin Jabal ","MTS ","Swasta ","121292050004 ","56 ","9 ","1 ","4 ","1 ","0 ","2018/2019 Genap","Ayau "," Kab. Raja Ampat ","Papua Barat"
"1 "," MTS Tahfidzul Qur`an Mu`adz Bin Jabal ","MTS ","Swasta ","121292050004 ","59 ","9 ","1 ","4 ","1 ","0 ","2018/2019 Ganjil","Ayau "," Kab. Raja Ampat ","Papua Barat"
"1 "," MTS Tahfidzul Qur`an Mu`adz Bin Jabal ","MTS ","Swasta ","121292050004 ","27 ","9 ","1 ","4 ","1 ","0 ","2017/2018 Ganjil","Ayau "," Kab. Raja Ampat ","Papua Barat"
"1 "," MA IMAM ADIL ","MA ","Swasta ","131292050002 ","1 ","1 ","1 ","2 ","0 ","0 ","2018/2019 Genap","Kota Waisai "," Kab. Raja Ampat ","Papua Barat"
"2 "," MTS Language Insan Mandiri ","MTS ","Swasta ","121292050003 ","82 ","13 ","2 ","4 ","0 ","1 ","2018/2019 Genap","Kota Waisai "," Kab. Raja Ampat ","Papua Barat"
"3 "," MI Luqman El Hakim ","MI ","Swasta ","111292050002 ","248 ","17 ","1 ","11 ","0 ","0 ","2018/2019 Genap","Kota Waisai "," Kab. Raja Ampat ","Papua Barat"
"4 "," RA Luqman El Hakim ","RA ","Swasta ","101292050005 ","17 ","8 ","1 ","3 ","0 ","0 ","2018/2019 Genap","Kota Waisai "," Kab. Raja Ampat ","Papua Barat"
"1 "," MA IMAM ADIL ","MA ","Swasta ","131292050002 ","1 ","1 ","1 ","2 ","0 ","0 ","2018/2019 Ganjil","Kota Waisai "," Kab. Raja Ampat ","Papua Barat"
"2 "," MTS Language Insan Mandiri ","MTS ","Swasta ","121292050003 ","116 ","13 ","2 ","4 ","0 ","1 ","2018/2019 Ganjil","Kota Waisai "," Kab. Raja Ampat ","Papua Barat"
"3 "," MI Luqman El Hakim ","MI ","Swasta ","111292050002 ","248 ","17 ","1 ","11 ","0 ","0 ","2018/2019 Ganjil","Kota Waisai "," Kab. Raja Ampat ","Papua Barat"
"4 "," RA Luqman El Hakim ","RA ","Swasta ","101292050005 ","17 ","8 ","1 ","3 ","0 ","0 ","2018/2019 Ganjil","Kota Waisai "," Kab. Raja Ampat ","Papua Barat"
"1 "," MA IMAM ADIL ","MA ","Swasta ","131292050002 ","1 ","1 ","1 ","2 ","0 ","0 ","2017/2018 Ganjil","Kota Waisai "," Kab. Raja Ampat ","Papua Barat"
"2 "," MTS Language Insan Mandiri ","MTS ","Swasta ","121292050003 ","45 ","13 ","2 ","4 ","0 ","1 ","2017/2018 Ganjil","Kota Waisai "," Kab. Raja Ampat ","Papua Barat"
"3 "," MI Luqman El Hakim ","MI ","Swasta ","111292050002 ","193 ","17 ","1 ","11 ","0 ","0 ","2017/2018 Ganjil","Kota Waisai "," Kab. Raja Ampat ","Papua Barat"
"4 "," RA Luqman El Hakim ","RA ","Swasta ","101292050005 ","2 ","8 ","1 ","3 ","0 ","0 ","2017/2018 Ganjil","Kota Waisai "," Kab. Raja Ampat ","Papua Barat"
"1 "," MI Al Maarif Kareyepop ","MI ","Swasta ","111292050001 ","73 ","5 ","1 ","6 ","0 ","0 ","2018/2019 Genap","Misool "," Kab. Raja Ampat ","Papua Barat"
"1 "," MI Al Maarif Kareyepop ","MI ","Swasta ","111292050001 ","73 ","5 ","1 ","6 ","0 ","0 ","2018/2019 Ganjil","Misool "," Kab. Raja Ampat ","Papua Barat"
"1 "," MI Al Maarif Kareyepop ","MI ","Swasta ","111292050001 ","63 ","5 ","1 ","6 ","0 ","0 ","2017/2018 Ganjil","Misool "," Kab. Raja Ampat ","Papua Barat"
"1 "," MTS Darussalam ","MTS ","Swasta ","121292050001 ","42 ","9 ","1 ","3 ","0 ","0 ","2018/2019 Genap","Misool Barat "," Kab. Raja Ampat ","Papua Barat"
"1 "," MTS Darussalam ","MTS ","Swasta ","121292050001 ","42 ","9 ","1 ","3 ","0 ","0 ","2018/2019 Ganjil","Misool Barat "," Kab. Raja Ampat ","Papua Barat"
"1 "," MTS Darussalam ","MTS ","Swasta ","121292050001 ","29 ","9 ","1 ","3 ","0 ","0 ","2017/2018 Ganjil","Misool Barat "," Kab. Raja Ampat ","Papua Barat"
"1 "," RA Aisiyah 01 ","RA ","Swasta ","101292050002 ","56 ","8 ","1 ","4 ","0 ","0 ","2018/2019 Genap","Salawati Tengah "," Kab. Raja Ampat ","Papua Barat"
"2 "," RA Aisiyah 02 ","RA ","Swasta ","101292050001 ","17 ","6 ","1 ","2 ","0 ","0 ","2018/2019 Genap","Salawati Tengah "," Kab. Raja Ampat ","Papua Barat"
"3 "," MTS Muhammadiyah ","MTS ","Swasta ","121292050002 ","43 ","13 ","1 ","3 ","1 ","1 ","2018/2019 Genap","Salawati Tengah "," Kab. Raja Ampat ","Papua Barat"
"4 "," MA Muhammadiyah Kalobo ","MA ","Swasta ","131292050001 ","52 ","6 ","1 ","9 ","0 ","0 ","2018/2019 Genap","Salawati Tengah "," Kab. Raja Ampat ","Papua Barat"
"1 "," RA Aisiyah 01 ","RA ","Swasta ","101292050002 ","56 ","8 ","1 ","4 ","0 ","0 ","2018/2019 Ganjil","Salawati Tengah "," Kab. Raja Ampat ","Papua Barat"
"2 "," RA Aisiyah 02 ","RA ","Swasta ","101292050001 ","17 ","6 ","1 ","2 ","0 ","0 ","2018/2019 Ganjil","Salawati Tengah "," Kab. Raja Ampat ","Papua Barat"
"3 "," MTS Muhammadiyah ","MTS ","Swasta ","121292050002 ","45 ","13 ","1 ","3 ","1 ","1 ","2018/2019 Ganjil","Salawati Tengah "," Kab. Raja Ampat ","Papua Barat"
"4 "," MA Muhammadiyah Kalobo ","MA ","Swasta ","131292050001 ","50 ","6 ","1 ","9 ","0 ","0 ","2018/2019 Ganjil","Salawati Tengah "," Kab. Raja Ampat ","Papua Barat"
"1 "," RA Aisiyah 01 ","RA ","Swasta ","101292050002 ","19 ","8 ","1 ","4 ","0 ","0 ","2017/2018 Ganjil","Salawati Tengah "," Kab. Raja Ampat ","Papua Barat"
"2 "," RA Aisiyah 02 ","RA ","Swasta ","101292050001 ","6 ","6 ","1 ","2 ","0 ","0 ","2017/2018 Ganjil","Salawati Tengah "," Kab. Raja Ampat ","Papua Barat"
"3 "," MTS Muhammadiyah ","MTS ","Swasta ","121292050002 ","28 ","13 ","1 ","3 ","1 ","1 ","2017/2018 Ganjil","Salawati Tengah "," Kab. Raja Ampat ","Papua Barat"
"4 "," MA Muhammadiyah Kalobo ","MA ","Swasta ","131292050001 ","31 ","6 ","1 ","9 ","0 ","0 ","2017/2018 Ganjil","Salawati Tengah "," Kab. Raja Ampat ","Papua Barat"
"1 "," MTS Al-Ma`arif 1 Aimas ","MTS ","Swasta ","121292010005 ","194 ","16 ","1 ","9 ","1 ","0 ","2018/2019 Genap","Aimas "," Kab. Sorong ","Papua Barat"
"2 "," RA Al-Ma`arif 4 ","RA ","Swasta ","101292010004 ","5 ","1 ","1 ","4 ","0 ","0 ","2018/2019 Genap","Aimas "," Kab. Sorong ","Papua Barat"
"3 "," MTS Muhammadiyah 02 Aimas ","MTS ","Swasta ","121292010003 ","133 ","15 ","2 ","6 ","1 ","1 ","2018/2019 Genap","Aimas "," Kab. Sorong ","Papua Barat"
"4 "," MA Muhammadiyah Aimas ","MA ","Swasta ","131292010003 ","29 ","13 ","6 ","14 ","1 ","3 ","2018/2019 Genap","Aimas "," Kab. Sorong ","Papua Barat"
"5 "," RA Ra Al Maarif 3 ","RA ","Swasta ","101292010005 ","55 ","4 ","2 ","4 ","0 ","0 ","2018/2019 Genap","Aimas "," Kab. Sorong ","Papua Barat"
"6 "," RA Ra Al Maarif 5 ","RA ","Swasta ","101292010007 ","122 ","10 ","1 ","7 ","0 ","0 ","2018/2019 Genap","Aimas "," Kab. Sorong ","Papua Barat"
"7 "," RA RA ROUDLOTUL KHUFFADZ ","RA ","Swasta ","101292010009 ","43 ","1 ","1 ","2 ","0 ","0 ","2018/2019 Genap","Aimas "," Kab. Sorong ","Papua Barat"
"8 "," MI Roudlotul Khuffadz ","MI ","Swasta ","111292010010 ","170 ","17 ","1 ","13 ","0 ","0 ","2018/2019 Genap","Aimas "," Kab. Sorong ","Papua Barat"
"9 "," MTS Roudlotul Khuffadz ","MTS ","Swasta ","121292010009 ","108 ","17 ","2 ","10 ","1 ","1 ","2018/2019 Genap","Aimas "," Kab. Sorong ","Papua Barat"
"10 "," MA ROUDLOTUL KHUFFADZ ","MA ","Swasta ","131292010006 ","12 ","11 ","1 ","3 ","1 ","1 ","2018/2019 Genap","Aimas "," Kab. Sorong ","Papua Barat"
"11 "," MI SORONG ","MI ","Negeri ","111192010001 ","288 ","18 ","3 ","16 ","0 ","0 ","2018/2019 Genap","Aimas "," Kab. Sorong ","Papua Barat"
"1 "," MTS Al-Ma`arif 1 Aimas ","MTS ","Swasta ","121292010005 ","195 ","16 ","1 ","9 ","1 ","0 ","2018/2019 Ganjil","Aimas "," Kab. Sorong ","Papua Barat"
"2 "," RA Al-Ma`arif 4 ","RA ","Swasta ","101292010004 ","5 ","1 ","1 ","4 ","0 ","0 ","2018/2019 Ganjil","Aimas "," Kab. Sorong ","Papua Barat"
"3 "," MTS Muhammadiyah 02 Aimas ","MTS ","Swasta ","121292010003 ","141 ","15 ","2 ","6 ","1 ","1 ","2018/2019 Ganjil","Aimas "," Kab. Sorong ","Papua Barat"
"4 "," MA Muhammadiyah Aimas ","MA ","Swasta ","131292010003 ","32 ","13 ","6 ","14 ","1 ","3 ","2018/2019 Ganjil","Aimas "," Kab. Sorong ","Papua Barat"
"5 "," RA Ra Al Maarif 3 ","RA ","Swasta ","101292010005 ","55 ","4 ","2 ","4 ","0 ","0 ","2018/2019 Ganjil","Aimas "," Kab. Sorong ","Papua Barat"
"6 "," RA Ra Al Maarif 5 ","RA ","Swasta ","101292010007 ","125 ","10 ","1 ","7 ","0 ","0 ","2018/2019 Ganjil","Aimas "," Kab. Sorong ","Papua Barat"
"7 "," RA RA ROUDLOTUL KHUFFADZ ","RA ","Swasta ","101292010009 ","43 ","1 ","1 ","2 ","0 ","0 ","2018/2019 Ganjil","Aimas "," Kab. Sorong ","Papua Barat"
"8 "," MI Roudlotul Khuffadz ","MI ","Swasta ","111292010010 ","176 ","17 ","1 ","13 ","0 ","0 ","2018/2019 Ganjil","Aimas "," Kab. Sorong ","Papua Barat"
"9 "," MTS Roudlotul Khuffadz ","MTS ","Swasta ","121292010009 ","65 ","17 ","2 ","10 ","1 ","1 ","2018/2019 Ganjil","Aimas "," Kab. Sorong ","Papua Barat"
"10 "," MA ROUDLOTUL KHUFFADZ ","MA ","Swasta ","131292010006 ","13 ","11 ","1 ","3 ","1 ","1 ","2018/2019 Ganjil","Aimas "," Kab. Sorong ","Papua Barat"
"11 "," MI SORONG ","MI ","Negeri ","111192010001 ","275 ","18 ","3 ","16 ","0 ","0 ","2018/2019 Ganjil","Aimas "," Kab. Sorong ","Papua Barat"
"1 "," MTS Al-Ma`arif 1 Aimas ","MTS ","Swasta ","121292010005 ","110 ","16 ","1 ","9 ","1 ","0 ","2017/2018 Ganjil","Aimas "," Kab. Sorong ","Papua Barat"
"2 "," RA Al-Ma`arif 4 ","RA ","Swasta ","101292010004 ","5 ","1 ","1 ","4 ","0 ","0 ","2017/2018 Ganjil","Aimas "," Kab. Sorong ","Papua Barat"
"3 "," MTS Muhammadiyah 02 Aimas ","MTS ","Swasta ","121292010003 ","93 ","15 ","2 ","6 ","1 ","1 ","2017/2018 Ganjil","Aimas "," Kab. Sorong ","Papua Barat"
"4 "," MA Muhammadiyah Aimas ","MA ","Swasta ","131292010003 ","22 ","13 ","6 ","14 ","1 ","3 ","2017/2018 Ganjil","Aimas "," Kab. Sorong ","Papua Barat"
"5 "," RA Ra Al Maarif 3 ","RA ","Swasta ","101292010005 ","12 ","4 ","2 ","4 ","0 ","0 ","2017/2018 Ganjil","Aimas "," Kab. Sorong ","Papua Barat"
"6 "," RA Ra Al Maarif 5 ","RA ","Swasta ","101292010007 ","52 ","10 ","1 ","7 ","0 ","0 ","2017/2018 Ganjil","Aimas "," Kab. Sorong ","Papua Barat"
"7 "," RA RA ROUDLOTUL KHUFFADZ ","RA ","Swasta ","101292010009 ","1 ","1 ","1 ","2 ","0 ","0 ","2017/2018 Ganjil","Aimas "," Kab. Sorong ","Papua Barat"
"8 "," MI Roudlotul Khuffadz ","MI ","Swasta ","111292010010 ","122 ","17 ","1 ","13 ","0 ","0 ","2017/2018 Ganjil","Aimas "," Kab. Sorong ","Papua Barat"
"9 "," MTS Roudlotul Khuffadz ","MTS ","Swasta ","121292010009 ","57 ","17 ","2 ","10 ","1 ","1 ","2017/2018 Ganjil","Aimas "," Kab. Sorong ","Papua Barat"
"10 "," MA ROUDLOTUL KHUFFADZ ","MA ","Swasta ","131292010006 ","1 ","11 ","1 ","3 ","1 ","1 ","2017/2018 Ganjil","Aimas "," Kab. Sorong ","Papua Barat"
"11 "," MI SORONG ","MI ","Negeri ","111192010001 ","248 ","18 ","3 ","16 ","0 ","0 ","2017/2018 Ganjil","Aimas "," Kab. Sorong ","Papua Barat"
"1 "," MI Al-Ma`arif 1 Mariyai ","MI ","Swasta ","111292010005 ","135 ","9 ","1 ","6 ","0 ","0 ","2018/2019 Genap","Mariat "," Kab. Sorong ","Papua Barat"
"2 "," MA Darul Istiqamah ","MA ","Swasta ","131292010005 ","6 ","1 ","1 ","3 ","0 ","0 ","2018/2019 Genap","Mariat "," Kab. Sorong ","Papua Barat"
"3 "," MI Darul Istiqamah ","MI ","Swasta ","111292010001 ","42 ","4 ","1 ","6 ","0 ","0 ","2018/2019 Genap","Mariat "," Kab. Sorong ","Papua Barat"
"4 "," MTS Darul Istiqamah ","MTS ","Swasta ","121292010001 ","11 ","1 ","1 ","3 ","0 ","0 ","2018/2019 Genap","Mariat "," Kab. Sorong ","Papua Barat"
"5 "," MI MI Al Ikhtiar Al Maarif 4 ","MI ","Swasta ","111292010008 ","130 ","9 ","1 ","6 ","0 ","0 ","2018/2019 Genap","Mariat "," Kab. Sorong ","Papua Barat"
"6 "," MI Muhammadiyah 01 Klamalu ","MI ","Swasta ","111292010003 ","194 ","12 ","1 ","7 ","0 ","0 ","2018/2019 Genap","Mariat "," Kab. Sorong ","Papua Barat"
"7 "," MI Muhammadiyah 2 Mariyai ","MI ","Swasta ","111292010004 ","183 ","12 ","1 ","8 ","0 ","0 ","2018/2019 Genap","Mariat "," Kab. Sorong ","Papua Barat"
"8 "," RA Ra Al Ma`arif 1 ","RA ","Swasta ","101292010001 ","63 ","4 ","2 ","4 ","0 ","0 ","2018/2019 Genap","Mariat "," Kab. Sorong ","Papua Barat"
"9 "," MTS SORONG ","MTS ","Negeri ","121192010001 ","208 ","35 ","7 ","14 ","0 ","0 ","2018/2019 Genap","Mariat "," Kab. Sorong ","Papua Barat"
"1 "," MI Al-Ma`arif 1 Mariyai ","MI ","Swasta ","111292010005 ","115 ","9 ","1 ","6 ","0 ","0 ","2018/2019 Ganjil","Mariat "," Kab. Sorong ","Papua Barat"
"2 "," MA Darul Istiqamah ","MA ","Swasta ","131292010005 ","8 ","1 ","1 ","3 ","0 ","0 ","2018/2019 Ganjil","Mariat "," Kab. Sorong ","Papua Barat"
"3 "," MI Darul Istiqamah ","MI ","Swasta ","111292010001 ","42 ","4 ","1 ","6 ","0 ","0 ","2018/2019 Ganjil","Mariat "," Kab. Sorong ","Papua Barat"
"4 "," MTS Darul Istiqamah ","MTS ","Swasta ","121292010001 ","6 ","1 ","1 ","3 ","0 ","0 ","2018/2019 Ganjil","Mariat "," Kab. Sorong ","Papua Barat"
"5 "," MI MI Al Ikhtiar Al Maarif 4 ","MI ","Swasta ","111292010008 ","132 ","9 ","1 ","6 ","0 ","0 ","2018/2019 Ganjil","Mariat "," Kab. Sorong ","Papua Barat"
"6 "," MI Muhammadiyah 01 Klamalu ","MI ","Swasta ","111292010003 ","192 ","12 ","1 ","7 ","0 ","0 ","2018/2019 Ganjil","Mariat "," Kab. Sorong ","Papua Barat"
"7 "," MI Muhammadiyah 2 Mariyai ","MI ","Swasta ","111292010004 ","188 ","12 ","1 ","8 ","0 ","0 ","2018/2019 Ganjil","Mariat "," Kab. Sorong ","Papua Barat"
"8 "," RA Ra Al Ma`arif 1 ","RA ","Swasta ","101292010001 ","63 ","4 ","2 ","4 ","0 ","0 ","2018/2019 Ganjil","Mariat "," Kab. Sorong ","Papua Barat"
"9 "," MTS SORONG ","MTS ","Negeri ","121192010001 ","224 ","35 ","7 ","14 ","0 ","0 ","2018/2019 Ganjil","Mariat "," Kab. Sorong ","Papua Barat"
"1 "," MI Al-Ma`arif 1 Mariyai ","MI ","Swasta ","111292010005 ","76 ","9 ","1 ","6 ","0 ","0 ","2017/2018 Ganjil","Mariat "," Kab. Sorong ","Papua Barat"
"2 "," MA Darul Istiqamah ","MA ","Swasta ","131292010005 ","6 ","1 ","1 ","3 ","0 ","0 ","2017/2018 Ganjil","Mariat "," Kab. Sorong ","Papua Barat"
"3 "," MI Darul Istiqamah ","MI ","Swasta ","111292010001 ","35 ","4 ","1 ","6 ","0 ","0 ","2017/2018 Ganjil","Mariat "," Kab. Sorong ","Papua Barat"
"4 "," MTS Darul Istiqamah ","MTS ","Swasta ","121292010001 ","7 ","1 ","1 ","3 ","0 ","0 ","2017/2018 Ganjil","Mariat "," Kab. Sorong ","Papua Barat"
"5 "," MI MI Al Ikhtiar Al Maarif 4 ","MI ","Swasta ","111292010008 ","99 ","9 ","1 ","6 ","0 ","0 ","2017/2018 Ganjil","Mariat "," Kab. Sorong ","Papua Barat"
"6 "," MI Muhammadiyah 01 Klamalu ","MI ","Swasta ","111292010003 ","161 ","12 ","1 ","7 ","0 ","0 ","2017/2018 Ganjil","Mariat "," Kab. Sorong ","Papua Barat"
"7 "," MI Muhammadiyah 2 Mariyai ","MI ","Swasta ","111292010004 ","146 ","12 ","1 ","8 ","0 ","0 ","2017/2018 Ganjil","Mariat "," Kab. Sorong ","Papua Barat"
"8 "," RA Ra Al Ma`arif 1 ","RA ","Swasta ","101292010001 ","5 ","4 ","2 ","4 ","0 ","0 ","2017/2018 Ganjil","Mariat "," Kab. Sorong ","Papua Barat"
"9 "," MTS SORONG ","MTS ","Negeri ","121192010001 ","114 ","35 ","7 ","14 ","0 ","0 ","2017/2018 Ganjil","Mariat "," Kab. Sorong ","Papua Barat"
"1 "," MA Al Ma`Arif ","MA ","Swasta ","131292010004 ","1 ","1 ","1 ","0 ","0 ","0 ","2018/2019 Genap","Mayamuk "," Kab. Sorong ","Papua Barat"
"2 "," MI Al Maarif 2 ","MI ","Swasta ","111292010009 ","108 ","13 ","1 ","6 ","0 ","0 ","2018/2019 Genap","Mayamuk "," Kab. Sorong ","Papua Barat"
"3 "," RA Al Ma`arif 9 Makbalim ","RA ","Swasta ","101292010015 ","50 ","1 ","2 ","2 ","0 ","0 ","2018/2019 Genap","Mayamuk "," Kab. Sorong ","Papua Barat"
"4 "," MI Al Mubarokah ","MI ","Swasta ","111292010002 ","145 ","17 ","1 ","8 ","0 ","0 ","2018/2019 Genap","Mayamuk "," Kab. Sorong ","Papua Barat"
"5 "," RA Baitul Maqdist ","RA ","Swasta ","101292010011 ","73 ","2 ","2 ","3 ","0 ","0 ","2018/2019 Genap","Mayamuk "," Kab. Sorong ","Papua Barat"
"6 "," MA Insan Cendekia Sorong ","MA ","Negeri ","131192010001 ","211 ","26 ","1 ","41 ","0 ","0 ","2018/2019 Genap","Mayamuk "," Kab. Sorong ","Papua Barat"
"7 "," MA Integral Hidayatullah ","MA ","Swasta ","131292010001 ","17 ","19 ","1 ","3 ","0 ","0 ","2018/2019 Genap","Mayamuk "," Kab. Sorong ","Papua Barat"
"8 "," MI Integral Hidayatullah ","MI ","Swasta ","111292010006 ","22 ","12 ","1 ","6 ","0 ","0 ","2018/2019 Genap","Mayamuk "," Kab. Sorong ","Papua Barat"
"9 "," MTS Integral Hidayatullah ","MTS ","Swasta ","121292010007 ","42 ","3 ","5 ","3 ","0 ","0 ","2018/2019 Genap","Mayamuk "," Kab. Sorong ","Papua Barat"
"10 "," MTS Mts Al Ma`arif 2 Mayamuk ","MTS ","Swasta ","121292010006 ","103 ","15 ","1 ","13 ","0 ","0 ","2018/2019 Genap","Mayamuk "," Kab. Sorong ","Papua Barat"
"11 "," MTS Muhammadiyah 1 Salawati ","MTS ","Swasta ","121292010002 ","114 ","16 ","1 ","6 ","1 ","0 ","2018/2019 Genap","Mayamuk "," Kab. Sorong ","Papua Barat"
"12 "," MA NEGERI SORONG ","MA ","Negeri ","131192010002 ","39 ","12 ","2 ","3 ","1 ","0 ","2018/2019 Genap","Mayamuk "," Kab. Sorong ","Papua Barat"
"13 "," MA Nurul Yaqin ","MA ","Swasta ","131292010002 ","163 ","13 ","1 ","12 ","1 ","2 ","2018/2019 Genap","Mayamuk "," Kab. Sorong ","Papua Barat"
"14 "," RA Ra Al Hidayah ","RA ","Swasta ","101292010013 ","12 ","2 ","1 ","1 ","0 ","0 ","2018/2019 Genap","Mayamuk "," Kab. Sorong ","Papua Barat"
"15 "," RA Ra Al Ma`arif 2 ","RA ","Swasta ","101292010002 ","41 ","3 ","1 ","2 ","0 ","0 ","2018/2019 Genap","Mayamuk "," Kab. Sorong ","Papua Barat"
"1 "," MA Al Ma`Arif ","MA ","Swasta ","131292010004 ","1 ","1 ","1 ","0 ","0 ","0 ","2018/2019 Ganjil","Mayamuk "," Kab. Sorong ","Papua Barat"
"2 "," MI Al Maarif 2 ","MI ","Swasta ","111292010009 ","107 ","13 ","1 ","6 ","0 ","0 ","2018/2019 Ganjil","Mayamuk "," Kab. Sorong ","Papua Barat"
"3 "," RA Al Ma`arif 9 Makbalim ","RA ","Swasta ","101292010015 ","50 ","1 ","2 ","2 ","0 ","0 ","2018/2019 Ganjil","Mayamuk "," Kab. Sorong ","Papua Barat"
"4 "," MI Al Mubarokah ","MI ","Swasta ","111292010002 ","147 ","17 ","1 ","8 ","0 ","0 ","2018/2019 Ganjil","Mayamuk "," Kab. Sorong ","Papua Barat"
"5 "," RA Baitul Maqdist ","RA ","Swasta ","101292010011 ","73 ","2 ","2 ","3 ","0 ","0 ","2018/2019 Ganjil","Mayamuk "," Kab. Sorong ","Papua Barat"
"6 "," MA Insan Cendekia Sorong ","MA ","Negeri ","131192010001 ","100 ","26 ","1 ","41 ","0 ","0 ","2018/2019 Ganjil","Mayamuk "," Kab. Sorong ","Papua Barat"
"7 "," MA Integral Hidayatullah ","MA ","Swasta ","131292010001 ","16 ","19 ","1 ","3 ","0 ","0 ","2018/2019 Ganjil","Mayamuk "," Kab. Sorong ","Papua Barat"
"8 "," MI Integral Hidayatullah ","MI ","Swasta ","111292010006 ","21 ","12 ","1 ","6 ","0 ","0 ","2018/2019 Ganjil","Mayamuk "," Kab. Sorong ","Papua Barat"
"9 "," MTS Integral Hidayatullah ","MTS ","Swasta ","121292010007 ","53 ","3 ","5 ","3 ","0 ","0 ","2018/2019 Ganjil","Mayamuk "," Kab. Sorong ","Papua Barat"
"10 "," MTS Mts Al Ma`arif 2 Mayamuk ","MTS ","Swasta ","121292010006 ","108 ","15 ","1 ","13 ","0 ","0 ","2018/2019 Ganjil","Mayamuk "," Kab. Sorong ","Papua Barat"
"11 "," MTS Muhammadiyah 1 Salawati ","MTS ","Swasta ","121292010002 ","85 ","16 ","1 ","6 ","1 ","0 ","2018/2019 Ganjil","Mayamuk "," Kab. Sorong ","Papua Barat"
"12 "," MA NEGERI SORONG ","MA ","Negeri ","131192010002 ","41 ","12 ","2 ","3 ","1 ","0 ","2018/2019 Ganjil","Mayamuk "," Kab. Sorong ","Papua Barat"
"13 "," MA Nurul Yaqin ","MA ","Swasta ","131292010002 ","172 ","13 ","1 ","12 ","1 ","2 ","2018/2019 Ganjil","Mayamuk "," Kab. Sorong ","Papua Barat"
"14 "," RA Ra Al Hidayah ","RA ","Swasta ","101292010013 ","12 ","2 ","1 ","1 ","0 ","0 ","2018/2019 Ganjil","Mayamuk "," Kab. Sorong ","Papua Barat"
"15 "," RA Ra Al Ma`arif 2 ","RA ","Swasta ","101292010002 ","41 ","3 ","1 ","2 ","0 ","0 ","2018/2019 Ganjil","Mayamuk "," Kab. Sorong ","Papua Barat"
"1 "," MA Al Ma`Arif ","MA ","Swasta ","131292010004 ","1 ","1 ","1 ","0 ","0 ","0 ","2017/2018 Ganjil","Mayamuk "," Kab. Sorong ","Papua Barat"
"2 "," MI Al Maarif 2 ","MI ","Swasta ","111292010009 ","93 ","13 ","1 ","6 ","0 ","0 ","2017/2018 Ganjil","Mayamuk "," Kab. Sorong ","Papua Barat"
"3 "," RA Al Ma`arif 9 Makbalim ","RA ","Swasta ","101292010015 ","18 ","1 ","2 ","2 ","0 ","0 ","2017/2018 Ganjil","Mayamuk "," Kab. Sorong ","Papua Barat"
"4 "," MI Al Mubarokah ","MI ","Swasta ","111292010002 ","133 ","17 ","1 ","8 ","0 ","0 ","2017/2018 Ganjil","Mayamuk "," Kab. Sorong ","Papua Barat"
"5 "," RA Baitul Maqdist ","RA ","Swasta ","101292010011 ","19 ","2 ","2 ","3 ","0 ","0 ","2017/2018 Ganjil","Mayamuk "," Kab. Sorong ","Papua Barat"
"6 "," MA Insan Cendekia Sorong ","MA ","Negeri ","131192010001 ","1 ","26 ","1 ","41 ","0 ","0 ","2017/2018 Ganjil","Mayamuk "," Kab. Sorong ","Papua Barat"
"7 "," MA Integral Hidayatullah ","MA ","Swasta ","131292010001 ","20 ","19 ","1 ","3 ","0 ","0 ","2017/2018 Ganjil","Mayamuk "," Kab. Sorong ","Papua Barat"
"8 "," MI Integral Hidayatullah ","MI ","Swasta ","111292010006 ","19 ","12 ","1 ","6 ","0 ","0 ","2017/2018 Ganjil","Mayamuk "," Kab. Sorong ","Papua Barat"
"9 "," MTS Integral Hidayatullah ","MTS ","Swasta ","121292010007 ","33 ","3 ","5 ","3 ","0 ","0 ","2017/2018 Ganjil","Mayamuk "," Kab. Sorong ","Papua Barat"
"10 "," MTS Mts Al Ma`arif 2 Mayamuk ","MTS ","Swasta ","121292010006 ","51 ","15 ","1 ","13 ","0 ","0 ","2017/2018 Ganjil","Mayamuk "," Kab. Sorong ","Papua Barat"
"11 "," MTS Muhammadiyah 1 Salawati ","MTS ","Swasta ","121292010002 ","79 ","16 ","1 ","6 ","1 ","0 ","2017/2018 Ganjil","Mayamuk "," Kab. Sorong ","Papua Barat"
"12 "," MA NEGERI SORONG ","MA ","Negeri ","131192010002 ","33 ","12 ","2 ","3 ","1 ","0 ","2017/2018 Ganjil","Mayamuk "," Kab. Sorong ","Papua Barat"
"13 "," MA Nurul Yaqin ","MA ","Swasta ","131292010002 ","108 ","13 ","1 ","12 ","1 ","2 ","2017/2018 Ganjil","Mayamuk "," Kab. Sorong ","Papua Barat"
"14 "," RA Ra Al Hidayah ","RA ","Swasta ","101292010013 ","6 ","2 ","1 ","1 ","0 ","0 ","2017/2018 Ganjil","Mayamuk "," Kab. Sorong ","Papua Barat"
"15 "," RA Ra Al Ma`arif 2 ","RA ","Swasta ","101292010002 ","18 ","3 ","1 ","2 ","0 ","0 ","2017/2018 Ganjil","Mayamuk "," Kab. Sorong ","Papua Barat"
"1 "," MI Al Ma`arif 3 Majener ","MI ","Swasta ","111292010007 ","75 ","9 ","1 ","6 ","0 ","0 ","2018/2019 Genap","Salawati "," Kab. Sorong ","Papua Barat"
"2 "," MTS Muhammadiyah 3 Salawati ","MTS ","Swasta ","121292010004 ","32 ","10 ","1 ","11 ","0 ","0 ","2018/2019 Genap","Salawati "," Kab. Sorong ","Papua Barat"
"3 "," RA Ra. Al-Irsyad 2 Majener ","RA ","Swasta ","101292010012 ","47 ","2 ","2 ","2 ","0 ","0 ","2018/2019 Genap","Salawati "," Kab. Sorong ","Papua Barat"
"4 "," RA Ra Al-Ma`arif 6 ","RA ","Swasta ","101292010006 ","13 ","3 ","1 ","2 ","0 ","0 ","2018/2019 Genap","Salawati "," Kab. Sorong ","Papua Barat"
"5 "," RA Ra Al-Ma`arif 8 ","RA ","Swasta ","101292010014 ","27 ","3 ","1 ","2 ","0 ","0 ","2018/2019 Genap","Salawati "," Kab. Sorong ","Papua Barat"
"1 "," MI Al Ma`arif 3 Majener ","MI ","Swasta ","111292010007 ","75 ","9 ","1 ","6 ","0 ","0 ","2018/2019 Ganjil","Salawati "," Kab. Sorong ","Papua Barat"
"2 "," MTS Muhammadiyah 3 Salawati ","MTS ","Swasta ","121292010004 ","35 ","10 ","1 ","11 ","0 ","0 ","2018/2019 Ganjil","Salawati "," Kab. Sorong ","Papua Barat"
"3 "," RA Ra. Al-Irsyad 2 Majener ","RA ","Swasta ","101292010012 ","47 ","2 ","2 ","2 ","0 ","0 ","2018/2019 Ganjil","Salawati "," Kab. Sorong ","Papua Barat"
"4 "," RA Ra Al-Ma`arif 6 ","RA ","Swasta ","101292010006 ","13 ","3 ","1 ","2 ","0 ","0 ","2018/2019 Ganjil","Salawati "," Kab. Sorong ","Papua Barat"
"5 "," RA Ra Al-Ma`arif 8 ","RA ","Swasta ","101292010014 ","27 ","3 ","1 ","2 ","0 ","0 ","2018/2019 Ganjil","Salawati "," Kab. Sorong ","Papua Barat"
"1 "," MI Al Ma`arif 3 Majener ","MI ","Swasta ","111292010007 ","48 ","9 ","1 ","6 ","0 ","0 ","2017/2018 Ganjil","Salawati "," Kab. Sorong ","Papua Barat"
"2 "," MTS Muhammadiyah 3 Salawati ","MTS ","Swasta ","121292010004 ","19 ","10 ","1 ","11 ","0 ","0 ","2017/2018 Ganjil","Salawati "," Kab. Sorong ","Papua Barat"
"3 "," RA Ra. Al-Irsyad 2 Majener ","RA ","Swasta ","101292010012 ","26 ","2 ","2 ","2 ","0 ","0 ","2017/2018 Ganjil","Salawati "," Kab. Sorong ","Papua Barat"
"4 "," RA Ra Al-Ma`arif 6 ","RA ","Swasta ","101292010006 ","13 ","3 ","1 ","2 ","0 ","0 ","2017/2018 Ganjil","Salawati "," Kab. Sorong ","Papua Barat"
"5 "," RA Ra Al-Ma`arif 8 ","RA ","Swasta ","101292010014 ","16 ","3 ","1 ","2 ","0 ","0 ","2017/2018 Ganjil","Salawati "," Kab. Sorong ","Papua Barat"
"1 "," MTS MTS Yamueti Kokoda ","MTS ","Swasta ","121292040001 ","45 ","10 ","1 ","3 ","0 ","0 ","2018/2019 Genap","Kokoda "," Kab. Sorong Selatan ","Papua Barat"
"2 "," MI SORONG SELATAN ","MI ","Negeri ","111192040001 ","111 ","15 ","5 ","10 ","1 ","0 ","2018/2019 Genap","Kokoda "," Kab. Sorong Selatan ","Papua Barat"
"1 "," MTS MTS Yamueti Kokoda ","MTS ","Swasta ","121292040001 ","46 ","10 ","1 ","3 ","0 ","0 ","2018/2019 Ganjil","Kokoda "," Kab. Sorong Selatan ","Papua Barat"
"2 "," MI SORONG SELATAN ","MI ","Negeri ","111192040001 ","111 ","15 ","5 ","10 ","1 ","0 ","2018/2019 Ganjil","Kokoda "," Kab. Sorong Selatan ","Papua Barat"
"1 "," MTS MTS Yamueti Kokoda ","MTS ","Swasta ","121292040001 ","26 ","10 ","1 ","3 ","0 ","0 ","2017/2018 Ganjil","Kokoda "," Kab. Sorong Selatan ","Papua Barat"
"2 "," MI SORONG SELATAN ","MI ","Negeri ","111192040001 ","97 ","15 ","5 ","10 ","1 ","0 ","2017/2018 Ganjil","Kokoda "," Kab. Sorong Selatan ","Papua Barat"
"1 "," RA Jabal Nur ","RA ","Swasta ","101292040002 ","10 ","6 ","1 ","2 ","0 ","0 ","2018/2019 Genap","Teminabuan "," Kab. Sorong Selatan ","Papua Barat"
"2 "," RA Ra Hidayatullah ","RA ","Swasta ","101292040001 ","30 ","6 ","2 ","6 ","0 ","0 ","2018/2019 Genap","Teminabuan "," Kab. Sorong Selatan ","Papua Barat"
"1 "," RA Jabal Nur ","RA ","Swasta ","101292040002 ","3 ","6 ","1 ","2 ","0 ","0 ","2018/2019 Ganjil","Teminabuan "," Kab. Sorong Selatan ","Papua Barat"
"2 "," RA Ra Hidayatullah ","RA ","Swasta ","101292040001 ","17 ","6 ","2 ","6 ","0 ","0 ","2018/2019 Ganjil","Teminabuan "," Kab. Sorong Selatan ","Papua Barat"
"1 "," RA Jabal Nur ","RA ","Swasta ","101292040002 ","3 ","6 ","1 ","2 ","0 ","0 ","2017/2018 Ganjil","Teminabuan "," Kab. Sorong Selatan ","Papua Barat"
"2 "," RA Ra Hidayatullah ","RA ","Swasta ","101292040001 ","17 ","6 ","2 ","6 ","0 ","0 ","2017/2018 Ganjil","Teminabuan "," Kab. Sorong Selatan ","Papua Barat"
"1 "," MI TELUK BINTUNI ","MI ","Negeri ","111192060001 ","111 ","1 ","1 ","6 ","1 ","0 ","2018/2019 Genap","Babo "," Kab. Teluk Bintuni ","Papua Barat"
"1 "," MI TELUK BINTUNI ","MI ","Negeri ","111192060001 ","111 ","1 ","1 ","6 ","1 ","0 ","2018/2019 Ganjil","Babo "," Kab. Teluk Bintuni ","Papua Barat"
"1 "," MI TELUK BINTUNI ","MI ","Negeri ","111192060001 ","108 ","1 ","1 ","6 ","1 ","0 ","2017/2018 Ganjil","Babo "," Kab. Teluk Bintuni ","Papua Barat"
"1 "," MI Muhammadiyah Bintuni ","MI ","Swasta ","111292060007 ","127 ","12 ","1 ","6 ","0 ","0 ","2018/2019 Genap","Bintuni "," Kab. Teluk Bintuni ","Papua Barat"
"1 "," MI Muhammadiyah Bintuni ","MI ","Swasta ","111292060007 ","132 ","12 ","1 ","6 ","0 ","0 ","2018/2019 Ganjil","Bintuni "," Kab. Teluk Bintuni ","Papua Barat"
"1 "," MI Muhammadiyah Bintuni ","MI ","Swasta ","111292060007 ","107 ","12 ","1 ","6 ","0 ","0 ","2017/2018 Ganjil","Bintuni "," Kab. Teluk Bintuni ","Papua Barat"
"1 "," MA Baitul Amin ","MA ","Swasta ","131292060001 ","52 ","12 ","1 ","6 ","0 ","0 ","2018/2019 Genap","Manimeri "," Kab. Teluk Bintuni ","Papua Barat"
"2 "," MI Baitul Amin ","MI ","Swasta ","111292060005 ","104 ","8 ","1 ","6 ","1 ","0 ","2018/2019 Genap","Manimeri "," Kab. Teluk Bintuni ","Papua Barat"
"3 "," MTS Baitul Amin ","MTS ","Swasta ","121292060001 ","55 ","7 ","1 ","4 ","0 ","0 ","2018/2019 Genap","Manimeri "," Kab. Teluk Bintuni ","Papua Barat"
"4 "," MI Mi An-Nur Waraitama ","MI ","Swasta ","111292060003 ","42 ","6 ","1 ","6 ","0 ","0 ","2018/2019 Genap","Manimeri "," Kab. Teluk Bintuni ","Papua Barat"
"1 "," MA Baitul Amin ","MA ","Swasta ","131292060001 ","54 ","12 ","1 ","6 ","0 ","0 ","2018/2019 Ganjil","Manimeri "," Kab. Teluk Bintuni ","Papua Barat"
"2 "," MI Baitul Amin ","MI ","Swasta ","111292060005 ","114 ","8 ","1 ","6 ","1 ","0 ","2018/2019 Ganjil","Manimeri "," Kab. Teluk Bintuni ","Papua Barat"
"3 "," MTS Baitul Amin ","MTS ","Swasta ","121292060001 ","73 ","7 ","1 ","4 ","0 ","0 ","2018/2019 Ganjil","Manimeri "," Kab. Teluk Bintuni ","Papua Barat"
"4 "," MI Mi An-Nur Waraitama ","MI ","Swasta ","111292060003 ","44 ","6 ","1 ","6 ","0 ","0 ","2018/2019 Ganjil","Manimeri "," Kab. Teluk Bintuni ","Papua Barat"
"1 "," MA Baitul Amin ","MA ","Swasta ","131292060001 ","16 ","12 ","1 ","6 ","0 ","0 ","2017/2018 Ganjil","Manimeri "," Kab. Teluk Bintuni ","Papua Barat"
"2 "," MI Baitul Amin ","MI ","Swasta ","111292060005 ","94 ","8 ","1 ","6 ","1 ","0 ","2017/2018 Ganjil","Manimeri "," Kab. Teluk Bintuni ","Papua Barat"
"3 "," MTS Baitul Amin ","MTS ","Swasta ","121292060001 ","24 ","7 ","1 ","4 ","0 ","0 ","2017/2018 Ganjil","Manimeri "," Kab. Teluk Bintuni ","Papua Barat"
"4 "," MI Mi An-Nur Waraitama ","MI ","Swasta ","111292060003 ","39 ","6 ","1 ","6 ","0 ","0 ","2017/2018 Ganjil","Manimeri "," Kab. Teluk Bintuni ","Papua Barat"
"1 "," MI Nurul Falach ","MI ","Swasta ","111292060006 ","71 ","9 ","1 ","6 ","1 ","0 ","2018/2019 Genap","Sumuri "," Kab. Teluk Bintuni ","Papua Barat"
"1 "," MI Nurul Falach ","MI ","Swasta ","111292060006 ","71 ","9 ","1 ","6 ","1 ","0 ","2018/2019 Ganjil","Sumuri "," Kab. Teluk Bintuni ","Papua Barat"
"1 "," MI Nurul Falach ","MI ","Swasta ","111292060006 ","70 ","9 ","1 ","6 ","1 ","0 ","2017/2018 Ganjil","Sumuri "," Kab. Teluk Bintuni ","Papua Barat"
"1 "," MI Alfalah Muhammadiyah ","MI ","Swasta ","111292060004 ","41 ","11 ","1 ","7 ","0 ","0 ","2018/2019 Genap","Tomu "," Kab. Teluk Bintuni ","Papua Barat"
"1 "," MI Alfalah Muhammadiyah ","MI ","Swasta ","111292060004 ","41 ","11 ","1 ","7 ","0 ","0 ","2018/2019 Ganjil","Tomu "," Kab. Teluk Bintuni ","Papua Barat"
"1 "," MI Alfalah Muhammadiyah ","MI ","Swasta ","111292060004 ","31 ","11 ","1 ","7 ","0 ","0 ","2017/2018 Ganjil","Tomu "," Kab. Teluk Bintuni ","Papua Barat"
"1 "," RA Nurul Hasanah Yapis ","RA ","Swasta ","101292070001 ","5 ","7 ","1 ","4 ","0 ","0 ","2018/2019 Genap","Wasior "," Kab. Teluk Wondama ","Papua Barat"
"2 "," MI Yapis Wasior ","MI ","Swasta ","111292070001 ","239 ","20 ","1 ","17 ","0 ","0 ","2018/2019 Genap","Wasior "," Kab. Teluk Wondama ","Papua Barat"
"3 "," MTS Yapis Wasior ","MTS ","Swasta ","121292070001 ","33 ","9 ","1 ","3 ","0 ","0 ","2018/2019 Genap","Wasior "," Kab. Teluk Wondama ","Papua Barat"
"1 "," RA Nurul Hasanah Yapis ","RA ","Swasta ","101292070001 ","5 ","7 ","1 ","4 ","0 ","0 ","2018/2019 Ganjil","Wasior "," Kab. Teluk Wondama ","Papua Barat"
"2 "," MI Yapis Wasior ","MI ","Swasta ","111292070001 ","246 ","20 ","1 ","17 ","0 ","0 ","2018/2019 Ganjil","Wasior "," Kab. Teluk Wondama ","Papua Barat"
"3 "," MTS Yapis Wasior ","MTS ","Swasta ","121292070001 ","34 ","9 ","1 ","3 ","0 ","0 ","2018/2019 Ganjil","Wasior "," Kab. Teluk Wondama ","Papua Barat"
"1 "," RA Nurul Hasanah Yapis ","RA ","Swasta ","101292070001 ","5 ","7 ","1 ","4 ","0 ","0 ","2017/2018 Ganjil","Wasior "," Kab. Teluk Wondama ","Papua Barat"
"2 "," MI Yapis Wasior ","MI ","Swasta ","111292070001 ","147 ","20 ","1 ","17 ","0 ","0 ","2017/2018 Ganjil","Wasior "," Kab. Teluk Wondama ","Papua Barat"
"3 "," MTS Yapis Wasior ","MTS ","Swasta ","121292070001 ","25 ","9 ","1 ","3 ","0 ","0 ","2017/2018 Ganjil","Wasior "," Kab. Teluk Wondama ","Papua Barat"
