#,"Nama Lembaga",Jenjang,Status,NSM,Siswa,Guru,Tendik,Rombel,Perpus,Lab.,Semester,Kecamatan,Kabupaten/Kota,Provinsi
"1 "," RA Al Madina ","RA ","Swasta ","101291060001 ","57 ","5 ","1 ","4 ","0 ","0 ","2018/2019 Genap","Biak Kota "," Kab. Biak Numfor ",Papua
"1 "," RA Al Madina ","RA ","Swasta ","101291060001 ","57 ","5 ","1 ","4 ","0 ","0 ","2018/2019 Ganjil","Biak Kota "," Kab. Biak Numfor ",Papua
"1 "," RA Al Madina ","RA ","Swasta ","101291060001 ","2 ","5 ","1 ","4 ","0 ","0 ","2017/2018 Ganjil","Biak Kota "," Kab. Biak Numfor ",Papua
"1 "," RA AL - IKHLAS ","RA ","Swasta ","101291060002 ","39 ","4 ","1 ","3 ","0 ","0 ","2018/2019 Genap","Samofa "," Kab. Biak Numfor ",Papua
"2 "," MI Ddi Babussalam ","MI ","Swasta ","111291060001 ","59 ","14 ","1 ","6 ","1 ","0 ","2018/2019 Genap","Samofa "," Kab. Biak Numfor ",Papua
"3 "," MTS DDI Babussalam ","MTS ","Swasta ","121291060001 ","67 ","11 ","1 ","3 ","0 ","0 ","2018/2019 Genap","Samofa "," Kab. Biak Numfor ",Papua
"1 "," RA AL - IKHLAS ","RA ","Swasta ","101291060002 ","63 ","4 ","1 ","3 ","0 ","0 ","2018/2019 Ganjil","Samofa "," Kab. Biak Numfor ",Papua
"2 "," MI Ddi Babussalam ","MI ","Swasta ","111291060001 ","59 ","14 ","1 ","6 ","1 ","0 ","2018/2019 Ganjil","Samofa "," Kab. Biak Numfor ",Papua
"3 "," MTS DDI Babussalam ","MTS ","Swasta ","121291060001 ","67 ","11 ","1 ","3 ","0 ","0 ","2018/2019 Ganjil","Samofa "," Kab. Biak Numfor ",Papua
"1 "," RA AL - IKHLAS ","RA ","Swasta ","101291060002 ","10 ","4 ","1 ","3 ","0 ","0 ","2017/2018 Ganjil","Samofa "," Kab. Biak Numfor ",Papua
"2 "," MI Ddi Babussalam ","MI ","Swasta ","111291060001 ","42 ","14 ","1 ","6 ","1 ","0 ","2017/2018 Ganjil","Samofa "," Kab. Biak Numfor ",Papua
"3 "," MTS DDI Babussalam ","MTS ","Swasta ","121291060001 ","33 ","11 ","1 ","3 ","0 ","0 ","2017/2018 Ganjil","Samofa "," Kab. Biak Numfor ",Papua
"1 "," MI Nurush Shobah ","MI ","Swasta ","111291160001 ","310 ","18 ","1 ","13 ","1 ","1 ","2018/2019 Genap","Jair "," Kab. Boven Digoel ",Papua
"2 "," RA Nurush Shobah ","RA ","Swasta ","101291160001 ","146 ","9 ","1 ","12 ","0 ","0 ","2018/2019 Genap","Jair "," Kab. Boven Digoel ",Papua
"3 "," MTS Nurush Shobah Asiki ","MTS ","Swasta ","121291160001 ","74 ","8 ","1 ","4 ","1 ","1 ","2018/2019 Genap","Jair "," Kab. Boven Digoel ",Papua
"1 "," MI Nurush Shobah ","MI ","Swasta ","111291160001 ","310 ","18 ","1 ","13 ","1 ","1 ","2018/2019 Ganjil","Jair "," Kab. Boven Digoel ",Papua
"2 "," RA Nurush Shobah ","RA ","Swasta ","101291160001 ","143 ","9 ","1 ","12 ","0 ","0 ","2018/2019 Ganjil","Jair "," Kab. Boven Digoel ",Papua
"3 "," MTS Nurush Shobah Asiki ","MTS ","Swasta ","121291160001 ","50 ","8 ","1 ","4 ","1 ","1 ","2018/2019 Ganjil","Jair "," Kab. Boven Digoel ",Papua
"1 "," MI Nurush Shobah ","MI ","Swasta ","111291160001 ","251 ","18 ","1 ","13 ","1 ","1 ","2017/2018 Ganjil","Jair "," Kab. Boven Digoel ",Papua
"2 "," RA Nurush Shobah ","RA ","Swasta ","101291160001 ","71 ","9 ","1 ","12 ","0 ","0 ","2017/2018 Ganjil","Jair "," Kab. Boven Digoel ",Papua
"3 "," MTS Nurush Shobah Asiki ","MTS ","Swasta ","121291160001 ","42 ","8 ","1 ","4 ","1 ","1 ","2017/2018 Ganjil","Jair "," Kab. Boven Digoel ",Papua
"1 "," MI Al Ikhlas ","MI ","Swasta ","111291030004 ","224 ","15 ","1 ","8 ","0 ","0 ","2018/2019 Genap","Depapre "," Kab. Jayapura ",Papua
"1 "," MI Al Ikhlas ","MI ","Swasta ","111291030004 ","237 ","15 ","1 ","8 ","0 ","0 ","2018/2019 Ganjil","Depapre "," Kab. Jayapura ",Papua
"1 "," MI Al Ikhlas ","MI ","Swasta ","111291030004 ","168 ","15 ","1 ","8 ","0 ","0 ","2017/2018 Ganjil","Depapre "," Kab. Jayapura ",Papua
"1 "," MI Ar-Ridha ","MI ","Swasta ","111291030003 ","185 ","11 ","1 ","7 ","1 ","0 ","2018/2019 Genap","Nimbokrang "," Kab. Jayapura ",Papua
"2 "," MA Jayapura ","MA ","Negeri ","131191030001 ","79 ","17 ","1 ","5 ","0 ","0 ","2018/2019 Genap","Nimbokrang "," Kab. Jayapura ",Papua
"3 "," MTS Jayapura ","MTS ","Negeri ","121191030001 ","105 ","20 ","7 ","11 ","0 ","2 ","2018/2019 Genap","Nimbokrang "," Kab. Jayapura ",Papua
"4 "," MI Nurul Hidayah ","MI ","Swasta ","111291030002 ","115 ","11 ","1 ","12 ","0 ","0 ","2018/2019 Genap","Nimbokrang "," Kab. Jayapura ",Papua
"1 "," MI Ar-Ridha ","MI ","Swasta ","111291030003 ","185 ","11 ","1 ","7 ","1 ","0 ","2018/2019 Ganjil","Nimbokrang "," Kab. Jayapura ",Papua
"2 "," MA Jayapura ","MA ","Negeri ","131191030001 ","79 ","17 ","1 ","5 ","0 ","0 ","2018/2019 Ganjil","Nimbokrang "," Kab. Jayapura ",Papua
"3 "," MTS Jayapura ","MTS ","Negeri ","121191030001 ","105 ","20 ","7 ","11 ","0 ","2 ","2018/2019 Ganjil","Nimbokrang "," Kab. Jayapura ",Papua
"4 "," MI Nurul Hidayah ","MI ","Swasta ","111291030002 ","115 ","11 ","1 ","12 ","0 ","0 ","2018/2019 Ganjil","Nimbokrang "," Kab. Jayapura ",Papua
"1 "," MI Ar-Ridha ","MI ","Swasta ","111291030003 ","164 ","11 ","1 ","7 ","1 ","0 ","2017/2018 Ganjil","Nimbokrang "," Kab. Jayapura ",Papua
"2 "," MA Jayapura ","MA ","Negeri ","131191030001 ","53 ","17 ","1 ","5 ","0 ","0 ","2017/2018 Ganjil","Nimbokrang "," Kab. Jayapura ",Papua
"3 "," MTS Jayapura ","MTS ","Negeri ","121191030001 ","93 ","20 ","7 ","11 ","0 ","2 ","2017/2018 Ganjil","Nimbokrang "," Kab. Jayapura ",Papua
"4 "," MI Nurul Hidayah ","MI ","Swasta ","111291030002 ","104 ","11 ","1 ","12 ","0 ","0 ","2017/2018 Ganjil","Nimbokrang "," Kab. Jayapura ",Papua
"1 "," MI Miftahul Haq ","MI ","Swasta ","111291030001 ","111 ","11 ","1 ","7 ","0 ","0 ","2018/2019 Genap","Nimboran "," Kab. Jayapura ",Papua
"1 "," MI Miftahul Haq ","MI ","Swasta ","111291030001 ","111 ","11 ","1 ","7 ","0 ","0 ","2018/2019 Ganjil","Nimboran "," Kab. Jayapura ",Papua
"1 "," MI Miftahul Haq ","MI ","Swasta ","111291030001 ","99 ","11 ","1 ","7 ","0 ","0 ","2017/2018 Ganjil","Nimboran "," Kab. Jayapura ",Papua
"1 "," MI Ddi ","MI ","Swasta ","111291030005 ","467 ","28 ","1 ","19 ","1 ","1 ","2018/2019 Genap","Sentani "," Kab. Jayapura ",Papua
"2 "," MTS Ddi-Ad Sentani ","MTS ","Swasta ","121291030003 ","58 ","16 ","1 ","3 ","0 ","0 ","2018/2019 Genap","Sentani "," Kab. Jayapura ",Papua
"3 "," MI MI Ypkp ","MI ","Swasta ","111291030006 ","174 ","10 ","1 ","8 ","0 ","0 ","2018/2019 Genap","Sentani "," Kab. Jayapura ",Papua
"4 "," MA Nurul Anwar ","MA ","Swasta ","131291030003 ","37 ","3 ","1 ","3 ","1 ","0 ","2018/2019 Genap","Sentani "," Kab. Jayapura ",Papua
"5 "," MTS Nurul Anwar ","MTS ","Swasta ","121291030002 ","71 ","10 ","2 ","6 ","0 ","0 ","2018/2019 Genap","Sentani "," Kab. Jayapura ",Papua
"6 "," MA Ypkp Sentani ","MA ","Swasta ","131291030002 ","43 ","7 ","1 ","4 ","1 ","1 ","2018/2019 Genap","Sentani "," Kab. Jayapura ",Papua
"7 "," MTS Ypkp Sentani ","MTS ","Swasta ","121291030001 ","319 ","25 ","1 ","13 ","0 ","0 ","2018/2019 Genap","Sentani "," Kab. Jayapura ",Papua
"1 "," MI Ddi ","MI ","Swasta ","111291030005 ","467 ","28 ","1 ","19 ","1 ","1 ","2018/2019 Ganjil","Sentani "," Kab. Jayapura ",Papua
"2 "," MTS Ddi-Ad Sentani ","MTS ","Swasta ","121291030003 ","55 ","16 ","1 ","3 ","0 ","0 ","2018/2019 Ganjil","Sentani "," Kab. Jayapura ",Papua
"3 "," MI MI Ypkp ","MI ","Swasta ","111291030006 ","161 ","10 ","1 ","8 ","0 ","0 ","2018/2019 Ganjil","Sentani "," Kab. Jayapura ",Papua
"4 "," MA Nurul Anwar ","MA ","Swasta ","131291030003 ","37 ","3 ","1 ","3 ","1 ","0 ","2018/2019 Ganjil","Sentani "," Kab. Jayapura ",Papua
"5 "," MTS Nurul Anwar ","MTS ","Swasta ","121291030002 ","78 ","10 ","2 ","6 ","0 ","0 ","2018/2019 Ganjil","Sentani "," Kab. Jayapura ",Papua
"6 "," MA Ypkp Sentani ","MA ","Swasta ","131291030002 ","50 ","7 ","1 ","4 ","1 ","1 ","2018/2019 Ganjil","Sentani "," Kab. Jayapura ",Papua
"7 "," MTS Ypkp Sentani ","MTS ","Swasta ","121291030001 ","322 ","25 ","1 ","13 ","0 ","0 ","2018/2019 Ganjil","Sentani "," Kab. Jayapura ",Papua
"1 "," MI Ddi ","MI ","Swasta ","111291030005 ","409 ","28 ","1 ","19 ","1 ","1 ","2017/2018 Ganjil","Sentani "," Kab. Jayapura ",Papua
"2 "," MTS Ddi-Ad Sentani ","MTS ","Swasta ","121291030003 ","54 ","16 ","1 ","3 ","0 ","0 ","2017/2018 Ganjil","Sentani "," Kab. Jayapura ",Papua
"3 "," MI MI Ypkp ","MI ","Swasta ","111291030006 ","158 ","10 ","1 ","8 ","0 ","0 ","2017/2018 Ganjil","Sentani "," Kab. Jayapura ",Papua
"4 "," MA Nurul Anwar ","MA ","Swasta ","131291030003 ","36 ","3 ","1 ","3 ","1 ","0 ","2017/2018 Ganjil","Sentani "," Kab. Jayapura ",Papua
"5 "," MTS Nurul Anwar ","MTS ","Swasta ","121291030002 ","48 ","10 ","2 ","6 ","0 ","0 ","2017/2018 Ganjil","Sentani "," Kab. Jayapura ",Papua
"6 "," MA Ypkp Sentani ","MA ","Swasta ","131291030002 ","16 ","7 ","1 ","4 ","1 ","1 ","2017/2018 Ganjil","Sentani "," Kab. Jayapura ",Papua
"7 "," MTS Ypkp Sentani ","MTS ","Swasta ","121291030001 ","221 ","25 ","1 ","13 ","0 ","0 ","2017/2018 Ganjil","Sentani "," Kab. Jayapura ",Papua
"1 "," RA Al Ikhlas ","RA ","Swasta ","101291030004 ","10 ","4 ","1 ","4 ","0 ","0 ","2018/2019 Genap","Sentani Barat "," Kab. Jayapura ",Papua
"1 "," RA Al Ikhlas ","RA ","Swasta ","101291030004 ","1 ","4 ","1 ","4 ","0 ","0 ","2018/2019 Ganjil","Sentani Barat "," Kab. Jayapura ",Papua
"1 "," RA Al Ikhlas ","RA ","Swasta ","101291030004 ","1 ","4 ","1 ","4 ","0 ","0 ","2017/2018 Ganjil","Sentani Barat "," Kab. Jayapura ",Papua
"1 "," MTS JAYAWIJAYA ","MTS ","Negeri ","121191020001 ","1 ","1 ","1 ","0 ","0 ","0 ","2018/2019 Genap","Walesi "," Kab. Jayawijaya ",Papua
"2 "," MTS Marasugun Walesi ","MTS ","Swasta ","121291020001 ","20 ","16 ","1 ","3 ","0 ","0 ","2018/2019 Genap","Walesi "," Kab. Jayawijaya ",Papua
"1 "," MTS JAYAWIJAYA ","MTS ","Negeri ","121191020001 ","1 ","1 ","1 ","0 ","0 ","0 ","2018/2019 Ganjil","Walesi "," Kab. Jayawijaya ",Papua
"2 "," MTS Marasugun Walesi ","MTS ","Swasta ","121291020001 ","20 ","16 ","1 ","3 ","0 ","0 ","2018/2019 Ganjil","Walesi "," Kab. Jayawijaya ",Papua
"1 "," MTS JAYAWIJAYA ","MTS ","Negeri ","121191020001 ","1 ","1 ","1 ","0 ","0 ","0 ","2017/2018 Ganjil","Walesi "," Kab. Jayawijaya ",Papua
"2 "," MTS Marasugun Walesi ","MTS ","Swasta ","121291020001 ","7 ","16 ","1 ","3 ","0 ","0 ","2017/2018 Ganjil","Walesi "," Kab. Jayawijaya ",Papua
"1 "," RA Ar - Rahman ","RA ","Swasta ","101291020001 ","46 ","4 ","1 ","4 ","0 ","0 ","2018/2019 Genap","Wamena "," Kab. Jayawijaya ",Papua
"1 "," RA Ar - Rahman ","RA ","Swasta ","101291020001 ","46 ","4 ","1 ","4 ","0 ","0 ","2018/2019 Ganjil","Wamena "," Kab. Jayawijaya ",Papua
"1 "," RA Ar - Rahman ","RA ","Swasta ","101291020001 ","1 ","4 ","1 ","4 ","0 ","0 ","2017/2018 Ganjil","Wamena "," Kab. Jayawijaya ",Papua
"1 "," MI Ar-Rahman ","MI ","Swasta ","111291020002 ","93 ","11 ","4 ","8 ","0 ","0 ","2018/2019 Genap","Waan "," Kab. Jayawijaya ",Papua
"2 "," MI Merasugun Asso Walesi ","MI ","Swasta ","111291020001 ","165 ","14 ","1 ","6 ","0 ","0 ","2018/2019 Genap","Waan "," Kab. Jayawijaya ",Papua
"1 "," MI Ar-Rahman ","MI ","Swasta ","111291020002 ","93 ","11 ","4 ","8 ","0 ","0 ","2018/2019 Ganjil","Waan "," Kab. Jayawijaya ",Papua
"2 "," MI Merasugun Asso Walesi ","MI ","Swasta ","111291020001 ","165 ","14 ","1 ","6 ","0 ","0 ","2018/2019 Ganjil","Waan "," Kab. Jayawijaya ",Papua
"1 "," MI Ar-Rahman ","MI ","Swasta ","111291020002 ","33 ","11 ","4 ","8 ","0 ","0 ","2017/2018 Ganjil","Waan "," Kab. Jayawijaya ",Papua
"2 "," MI Merasugun Asso Walesi ","MI ","Swasta ","111291020001 ","86 ","14 ","1 ","6 ","0 ","0 ","2017/2018 Ganjil","Waan "," Kab. Jayawijaya ",Papua
"1 "," MI Al-Fitrah ","MI ","Swasta ","111291110004 ","35 ","17 ","1 ","6 ","0 ","0 ","2018/2019 Genap","Arso "," Kab. Keerom ",Papua
"2 "," MA Al-Muhtadin ","MA ","Swasta ","131291110001 ","20 ","19 ","1 ","3 ","1 ","0 ","2018/2019 Genap","Arso "," Kab. Keerom ",Papua
"3 "," MI Al-Muhtadin ","MI ","Swasta ","111291110002 ","91 ","15 ","1 ","9 ","0 ","0 ","2018/2019 Genap","Arso "," Kab. Keerom ",Papua
"4 "," MTS Al-Muhtadin ","MTS ","Swasta ","121291110003 ","97 ","16 ","1 ","14 ","0 ","0 ","2018/2019 Genap","Arso "," Kab. Keerom ",Papua
"5 "," MI Al-Mu`min ","MI ","Swasta ","111291110003 ","100 ","11 ","1 ","10 ","0 ","0 ","2018/2019 Genap","Arso "," Kab. Keerom ",Papua
"6 "," MI AMANAH ","MI ","Swasta ","111291110005 ","25 ","5 ","2 ","8 ","0 ","0 ","2018/2019 Genap","Arso "," Kab. Keerom ",Papua
"1 "," MI Al-Fitrah ","MI ","Swasta ","111291110004 ","35 ","17 ","1 ","6 ","0 ","0 ","2018/2019 Ganjil","Arso "," Kab. Keerom ",Papua
"2 "," MA Al-Muhtadin ","MA ","Swasta ","131291110001 ","21 ","19 ","1 ","3 ","1 ","0 ","2018/2019 Ganjil","Arso "," Kab. Keerom ",Papua
"3 "," MI Al-Muhtadin ","MI ","Swasta ","111291110002 ","91 ","15 ","1 ","9 ","0 ","0 ","2018/2019 Ganjil","Arso "," Kab. Keerom ",Papua
"4 "," MTS Al-Muhtadin ","MTS ","Swasta ","121291110003 ","97 ","16 ","1 ","14 ","0 ","0 ","2018/2019 Ganjil","Arso "," Kab. Keerom ",Papua
"5 "," MI Al-Mu`min ","MI ","Swasta ","111291110003 ","103 ","11 ","1 ","10 ","0 ","0 ","2018/2019 Ganjil","Arso "," Kab. Keerom ",Papua
"6 "," MI AMANAH ","MI ","Swasta ","111291110005 ","25 ","5 ","2 ","8 ","0 ","0 ","2018/2019 Ganjil","Arso "," Kab. Keerom ",Papua
"1 "," MI Al-Fitrah ","MI ","Swasta ","111291110004 ","34 ","17 ","1 ","6 ","0 ","0 ","2017/2018 Ganjil","Arso "," Kab. Keerom ",Papua
"2 "," MA Al-Muhtadin ","MA ","Swasta ","131291110001 ","19 ","19 ","1 ","3 ","1 ","0 ","2017/2018 Ganjil","Arso "," Kab. Keerom ",Papua
"3 "," MI Al-Muhtadin ","MI ","Swasta ","111291110002 ","91 ","15 ","1 ","9 ","0 ","0 ","2017/2018 Ganjil","Arso "," Kab. Keerom ",Papua
"4 "," MTS Al-Muhtadin ","MTS ","Swasta ","121291110003 ","67 ","16 ","1 ","14 ","0 ","0 ","2017/2018 Ganjil","Arso "," Kab. Keerom ",Papua
"5 "," MI Al-Mu`min ","MI ","Swasta ","111291110003 ","74 ","11 ","1 ","10 ","0 ","0 ","2017/2018 Ganjil","Arso "," Kab. Keerom ",Papua
"6 "," MI AMANAH ","MI ","Swasta ","111291110005 ","8 ","5 ","2 ","8 ","0 ","0 ","2017/2018 Ganjil","Arso "," Kab. Keerom ",Papua
"1 "," MI Al-Azhar ","MI ","Swasta ","111291110001 ","187 ","14 ","2 ","10 ","0 ","0 ","2018/2019 Genap","Skanto "," Kab. Keerom ",Papua
"2 "," MTS AL-AZHAR YAPIS ARSO IV ","MTS ","Swasta ","121291110002 ","114 ","20 ","1 ","8 ","1 ","1 ","2018/2019 Genap","Skanto "," Kab. Keerom ",Papua
"3 "," MA Keerom ","MA ","Swasta ","131291110002 ","128 ","22 ","2 ","10 ","1 ","1 ","2018/2019 Genap","Skanto "," Kab. Keerom ",Papua
"4 "," MI Keerom ","MI ","Negeri ","111191110001 ","347 ","28 ","7 ","81 ","1 ","1 ","2018/2019 Genap","Skanto "," Kab. Keerom ",Papua
"5 "," MA KEEROM ","MA ","Negeri ","131191110001 ","1 ","1 ","1 ","0 ","0 ","0 ","2018/2019 Genap","Skanto "," Kab. Keerom ",Papua
"6 "," MTS Nurul Huda Arso III ","MTS ","Swasta ","121291110001 ","163 ","26 ","5 ","9 ","1 ","2 ","2018/2019 Genap","Skanto "," Kab. Keerom ",Papua
"1 "," MI Al-Azhar ","MI ","Swasta ","111291110001 ","187 ","14 ","2 ","10 ","0 ","0 ","2018/2019 Ganjil","Skanto "," Kab. Keerom ",Papua
"2 "," MTS AL-AZHAR YAPIS ARSO IV ","MTS ","Swasta ","121291110002 ","114 ","20 ","1 ","8 ","1 ","1 ","2018/2019 Ganjil","Skanto "," Kab. Keerom ",Papua
"3 "," MA Keerom ","MA ","Swasta ","131291110002 ","130 ","22 ","2 ","10 ","1 ","1 ","2018/2019 Ganjil","Skanto "," Kab. Keerom ",Papua
"4 "," MI Keerom ","MI ","Negeri ","111191110001 ","348 ","28 ","7 ","81 ","1 ","1 ","2018/2019 Ganjil","Skanto "," Kab. Keerom ",Papua
"5 "," MA KEEROM ","MA ","Negeri ","131191110001 ","1 ","1 ","1 ","0 ","0 ","0 ","2018/2019 Ganjil","Skanto "," Kab. Keerom ",Papua
"6 "," MTS Nurul Huda Arso III ","MTS ","Swasta ","121291110001 ","166 ","26 ","5 ","9 ","1 ","2 ","2018/2019 Ganjil","Skanto "," Kab. Keerom ",Papua
"1 "," MI Al-Azhar ","MI ","Swasta ","111291110001 ","159 ","14 ","2 ","10 ","0 ","0 ","2017/2018 Ganjil","Skanto "," Kab. Keerom ",Papua
"2 "," MTS AL-AZHAR YAPIS ARSO IV ","MTS ","Swasta ","121291110002 ","99 ","20 ","1 ","8 ","1 ","1 ","2017/2018 Ganjil","Skanto "," Kab. Keerom ",Papua
"3 "," MA Keerom ","MA ","Swasta ","131291110002 ","88 ","22 ","2 ","10 ","1 ","1 ","2017/2018 Ganjil","Skanto "," Kab. Keerom ",Papua
"4 "," MI Keerom ","MI ","Negeri ","111191110001 ","280 ","28 ","7 ","81 ","1 ","1 ","2017/2018 Ganjil","Skanto "," Kab. Keerom ",Papua
"5 "," MA KEEROM ","MA ","Negeri ","131191110001 ","1 ","1 ","1 ","0 ","0 ","0 ","2017/2018 Ganjil","Skanto "," Kab. Keerom ",Papua
"6 "," MTS Nurul Huda Arso III ","MTS ","Swasta ","121291110001 ","163 ","26 ","5 ","9 ","1 ","2 ","2017/2018 Ganjil","Skanto "," Kab. Keerom ",Papua
"1 "," MA Darussalam Serui ","MA ","Swasta ","131291050001 ","79 ","23 ","1 ","3 ","2 ","1 ","2018/2019 Genap","Yapen Selatan "," Kab. Kepulauan Yapen ",Papua
"2 "," MI Darussalam Serui ","MI ","Swasta ","111291050001 ","520 ","33 ","5 ","21 ","1 ","0 ","2018/2019 Genap","Yapen Selatan "," Kab. Kepulauan Yapen ",Papua
"3 "," MTS Darussalam Serui ","MTS ","Swasta ","121291050001 ","190 ","23 ","1 ","13 ","0 ","2 ","2018/2019 Genap","Yapen Selatan "," Kab. Kepulauan Yapen ",Papua
"4 "," RA Muslimat Nu ","RA ","Swasta ","101291050001 ","23 ","1 ","1 ","0 ","0 ","0 ","2018/2019 Genap","Yapen Selatan "," Kab. Kepulauan Yapen ",Papua
"5 "," MI Nahdlatul Ulama Serui ","MI ","Swasta ","111291050002 ","76 ","6 ","1 ","6 ","1 ","0 ","2018/2019 Genap","Yapen Selatan "," Kab. Kepulauan Yapen ",Papua
"6 "," RA Nurul Ilmi ","RA ","Swasta ","101291050003 ","25 ","4 ","1 ","0 ","0 ","0 ","2018/2019 Genap","Yapen Selatan "," Kab. Kepulauan Yapen ",Papua
"1 "," MA Darussalam Serui ","MA ","Swasta ","131291050001 ","94 ","23 ","1 ","3 ","2 ","1 ","2018/2019 Ganjil","Yapen Selatan "," Kab. Kepulauan Yapen ",Papua
"2 "," MI Darussalam Serui ","MI ","Swasta ","111291050001 ","511 ","33 ","5 ","21 ","1 ","0 ","2018/2019 Ganjil","Yapen Selatan "," Kab. Kepulauan Yapen ",Papua
"3 "," MTS Darussalam Serui ","MTS ","Swasta ","121291050001 ","194 ","23 ","1 ","13 ","0 ","2 ","2018/2019 Ganjil","Yapen Selatan "," Kab. Kepulauan Yapen ",Papua
"4 "," RA Muslimat Nu ","RA ","Swasta ","101291050001 ","23 ","1 ","1 ","0 ","0 ","0 ","2018/2019 Ganjil","Yapen Selatan "," Kab. Kepulauan Yapen ",Papua
"5 "," MI Nahdlatul Ulama Serui ","MI ","Swasta ","111291050002 ","76 ","6 ","1 ","6 ","1 ","0 ","2018/2019 Ganjil","Yapen Selatan "," Kab. Kepulauan Yapen ",Papua
"6 "," RA Nurul Ilmi ","RA ","Swasta ","101291050003 ","25 ","4 ","1 ","0 ","0 ","0 ","2018/2019 Ganjil","Yapen Selatan "," Kab. Kepulauan Yapen ",Papua
"1 "," MA Darussalam Serui ","MA ","Swasta ","131291050001 ","45 ","23 ","1 ","3 ","2 ","1 ","2017/2018 Ganjil","Yapen Selatan "," Kab. Kepulauan Yapen ",Papua
"2 "," MI Darussalam Serui ","MI ","Swasta ","111291050001 ","408 ","33 ","5 ","21 ","1 ","0 ","2017/2018 Ganjil","Yapen Selatan "," Kab. Kepulauan Yapen ",Papua
"3 "," MTS Darussalam Serui ","MTS ","Swasta ","121291050001 ","125 ","23 ","1 ","13 ","0 ","2 ","2017/2018 Ganjil","Yapen Selatan "," Kab. Kepulauan Yapen ",Papua
"4 "," RA Muslimat Nu ","RA ","Swasta ","101291050001 ","23 ","1 ","1 ","0 ","0 ","0 ","2017/2018 Ganjil","Yapen Selatan "," Kab. Kepulauan Yapen ",Papua
"5 "," MI Nahdlatul Ulama Serui ","MI ","Swasta ","111291050002 ","66 ","6 ","1 ","6 ","1 ","0 ","2017/2018 Ganjil","Yapen Selatan "," Kab. Kepulauan Yapen ",Papua
"6 "," RA Nurul Ilmi ","RA ","Swasta ","101291050003 ","25 ","4 ","1 ","0 ","0 ","0 ","2017/2018 Ganjil","Yapen Selatan "," Kab. Kepulauan Yapen ",Papua
"1 "," MI Al Fatah ","MI ","Swasta ","111291710003 ","234 ","1 ","1 ","7 ","0 ","0 ","2018/2019 Genap","Abepura "," Kota Jayapura ",Papua
"2 "," RA Al Fatah ","RA ","Swasta ","101291710001 ","48 ","2 ","1 ","4 ","0 ","0 ","2018/2019 Genap","Abepura "," Kota Jayapura ",Papua
"3 "," MI Al-Hidayah ","MI ","Swasta ","111291710005 ","276 ","19 ","1 ","10 ","0 ","0 ","2018/2019 Genap","Abepura "," Kota Jayapura ",Papua
"4 "," MTS Al-Hidayah ","MTS ","Swasta ","121291710011 ","95 ","17 ","1 ","7 ","0 ","0 ","2018/2019 Genap","Abepura "," Kota Jayapura ",Papua
"5 "," RA AL-HIDAYAH ABEPURA ","RA ","Swasta ","101291710005 ","1 ","3 ","1 ","2 ","0 ","0 ","2018/2019 Genap","Abepura "," Kota Jayapura ",Papua
"6 "," MI Ash Shalihin ","MI ","Swasta ","111291710002 ","207 ","11 ","1 ","8 ","0 ","0 ","2018/2019 Genap","Abepura "," Kota Jayapura ",Papua
"7 "," MA Darul Ma`arif Numbay ","MA ","Swasta ","131291710003 ","89 ","9 ","1 ","6 ","0 ","0 ","2018/2019 Genap","Abepura "," Kota Jayapura ",Papua
"8 "," MI Darul Ma`arif Numbay ","MI ","Swasta ","111291710004 ","367 ","20 ","1 ","14 ","0 ","0 ","2018/2019 Genap","Abepura "," Kota Jayapura ",Papua
"9 "," MTS Darul Ma`arif Numbay ","MTS ","Swasta ","121291710005 ","170 ","15 ","1 ","9 ","0 ","0 ","2018/2019 Genap","Abepura "," Kota Jayapura ",Papua
"10 "," MTS Muhammadiyah ","MTS ","Swasta ","121291710007 ","111 ","18 ","3 ","15 ","0 ","1 ","2018/2019 Genap","Abepura "," Kota Jayapura ",Papua
"1 "," MI Al Fatah ","MI ","Swasta ","111291710003 ","236 ","1 ","1 ","7 ","0 ","0 ","2018/2019 Ganjil","Abepura "," Kota Jayapura ",Papua
"2 "," RA Al Fatah ","RA ","Swasta ","101291710001 ","48 ","2 ","1 ","4 ","0 ","0 ","2018/2019 Ganjil","Abepura "," Kota Jayapura ",Papua
"3 "," MI Al-Hidayah ","MI ","Swasta ","111291710005 ","292 ","19 ","1 ","10 ","0 ","0 ","2018/2019 Ganjil","Abepura "," Kota Jayapura ",Papua
"4 "," MTS Al-Hidayah ","MTS ","Swasta ","121291710011 ","98 ","17 ","1 ","7 ","0 ","0 ","2018/2019 Ganjil","Abepura "," Kota Jayapura ",Papua
"5 "," RA AL-HIDAYAH ABEPURA ","RA ","Swasta ","101291710005 ","1 ","3 ","1 ","2 ","0 ","0 ","2018/2019 Ganjil","Abepura "," Kota Jayapura ",Papua
"6 "," MI Ash Shalihin ","MI ","Swasta ","111291710002 ","208 ","11 ","1 ","8 ","0 ","0 ","2018/2019 Ganjil","Abepura "," Kota Jayapura ",Papua
"7 "," MA Darul Ma`arif Numbay ","MA ","Swasta ","131291710003 ","82 ","9 ","1 ","6 ","0 ","0 ","2018/2019 Ganjil","Abepura "," Kota Jayapura ",Papua
"8 "," MI Darul Ma`arif Numbay ","MI ","Swasta ","111291710004 ","382 ","20 ","1 ","14 ","0 ","0 ","2018/2019 Ganjil","Abepura "," Kota Jayapura ",Papua
"9 "," MTS Darul Ma`arif Numbay ","MTS ","Swasta ","121291710005 ","176 ","15 ","1 ","9 ","0 ","0 ","2018/2019 Ganjil","Abepura "," Kota Jayapura ",Papua
"10 "," MTS Muhammadiyah ","MTS ","Swasta ","121291710007 ","118 ","18 ","3 ","15 ","0 ","1 ","2018/2019 Ganjil","Abepura "," Kota Jayapura ",Papua
"1 "," MI Al Fatah ","MI ","Swasta ","111291710003 ","165 ","1 ","1 ","7 ","0 ","0 ","2017/2018 Ganjil","Abepura "," Kota Jayapura ",Papua
"2 "," RA Al Fatah ","RA ","Swasta ","101291710001 ","1 ","2 ","1 ","4 ","0 ","0 ","2017/2018 Ganjil","Abepura "," Kota Jayapura ",Papua
"3 "," MI Al-Hidayah ","MI ","Swasta ","111291710005 ","232 ","19 ","1 ","10 ","0 ","0 ","2017/2018 Ganjil","Abepura "," Kota Jayapura ",Papua
"4 "," MTS Al-Hidayah ","MTS ","Swasta ","121291710011 ","63 ","17 ","1 ","7 ","0 ","0 ","2017/2018 Ganjil","Abepura "," Kota Jayapura ",Papua
"5 "," RA AL-HIDAYAH ABEPURA ","RA ","Swasta ","101291710005 ","1 ","3 ","1 ","2 ","0 ","0 ","2017/2018 Ganjil","Abepura "," Kota Jayapura ",Papua
"6 "," MI Ash Shalihin ","MI ","Swasta ","111291710002 ","158 ","11 ","1 ","8 ","0 ","0 ","2017/2018 Ganjil","Abepura "," Kota Jayapura ",Papua
"7 "," MA Darul Ma`arif Numbay ","MA ","Swasta ","131291710003 ","48 ","9 ","1 ","6 ","0 ","0 ","2017/2018 Ganjil","Abepura "," Kota Jayapura ",Papua
"8 "," MI Darul Ma`arif Numbay ","MI ","Swasta ","111291710004 ","324 ","20 ","1 ","14 ","0 ","0 ","2017/2018 Ganjil","Abepura "," Kota Jayapura ",Papua
"9 "," MTS Darul Ma`arif Numbay ","MTS ","Swasta ","121291710005 ","130 ","15 ","1 ","9 ","0 ","0 ","2017/2018 Ganjil","Abepura "," Kota Jayapura ",Papua
"10 "," MTS Muhammadiyah ","MTS ","Swasta ","121291710007 ","11 ","18 ","3 ","15 ","0 ","1 ","2017/2018 Ganjil","Abepura "," Kota Jayapura ",Papua
"1 "," MA Al Muttaqin ","MA ","Swasta ","131291710004 ","69 ","16 ","2 ","6 ","1 ","2 ","2018/2019 Genap","Heram "," Kota Jayapura ",Papua
"2 "," MTS Al Muttaqin ","MTS ","Swasta ","121291710008 ","82 ","14 ","1 ","3 ","0 ","0 ","2018/2019 Genap","Heram "," Kota Jayapura ",Papua
"3 "," MI Yaa Bunayya ","MI ","Swasta ","111291710008 ","155 ","18 ","1 ","11 ","1 ","0 ","2018/2019 Genap","Heram "," Kota Jayapura ",Papua
"4 "," RA Yaa Bunayya ","RA ","Swasta ","101291710004 ","70 ","9 ","1 ","6 ","0 ","0 ","2018/2019 Genap","Heram "," Kota Jayapura ",Papua
"1 "," MA Al Muttaqin ","MA ","Swasta ","131291710004 ","69 ","16 ","2 ","6 ","1 ","2 ","2018/2019 Ganjil","Heram "," Kota Jayapura ",Papua
"2 "," MTS Al Muttaqin ","MTS ","Swasta ","121291710008 ","84 ","14 ","1 ","3 ","0 ","0 ","2018/2019 Ganjil","Heram "," Kota Jayapura ",Papua
"3 "," MI Yaa Bunayya ","MI ","Swasta ","111291710008 ","153 ","18 ","1 ","11 ","1 ","0 ","2018/2019 Ganjil","Heram "," Kota Jayapura ",Papua
"4 "," RA Yaa Bunayya ","RA ","Swasta ","101291710004 ","70 ","9 ","1 ","6 ","0 ","0 ","2018/2019 Ganjil","Heram "," Kota Jayapura ",Papua
"1 "," MA Al Muttaqin ","MA ","Swasta ","131291710004 ","51 ","16 ","2 ","6 ","1 ","2 ","2017/2018 Ganjil","Heram "," Kota Jayapura ",Papua
"2 "," MTS Al Muttaqin ","MTS ","Swasta ","121291710008 ","56 ","14 ","1 ","3 ","0 ","0 ","2017/2018 Ganjil","Heram "," Kota Jayapura ",Papua
"3 "," MI Yaa Bunayya ","MI ","Swasta ","111291710008 ","110 ","18 ","1 ","11 ","1 ","0 ","2017/2018 Ganjil","Heram "," Kota Jayapura ",Papua
"4 "," RA Yaa Bunayya ","RA ","Swasta ","101291710004 ","22 ","9 ","1 ","6 ","0 ","0 ","2017/2018 Ganjil","Heram "," Kota Jayapura ",Papua
"1 "," RA Al Hamidi ","RA ","Swasta ","101291710002 ","49 ","1 ","1 ","11 ","0 ","0 ","2018/2019 Genap","Jayapura Selatan "," Kota Jayapura ",Papua
"2 "," MI BAIT QURANY DDI ","MI ","Swasta ","111291710007 ","349 ","23 ","1 ","16 ","1 ","2 ","2018/2019 Genap","Jayapura Selatan "," Kota Jayapura ",Papua
"3 "," MA DDI ","MA ","Swasta ","131291710001 ","70 ","12 ","1 ","3 ","0 ","0 ","2018/2019 Genap","Jayapura Selatan "," Kota Jayapura ",Papua
"4 "," MTS DDI ","MTS ","Swasta ","121291710001 ","231 ","12 ","1 ","14 ","1 ","1 ","2018/2019 Genap","Jayapura Selatan "," Kota Jayapura ",Papua
"1 "," RA Al Hamidi ","RA ","Swasta ","101291710002 ","49 ","1 ","1 ","11 ","0 ","0 ","2018/2019 Ganjil","Jayapura Selatan "," Kota Jayapura ",Papua
"2 "," MI BAIT QURANY DDI ","MI ","Swasta ","111291710007 ","349 ","23 ","1 ","16 ","1 ","2 ","2018/2019 Ganjil","Jayapura Selatan "," Kota Jayapura ",Papua
"3 "," MA DDI ","MA ","Swasta ","131291710001 ","71 ","12 ","1 ","3 ","0 ","0 ","2018/2019 Ganjil","Jayapura Selatan "," Kota Jayapura ",Papua
"4 "," MTS DDI ","MTS ","Swasta ","121291710001 ","234 ","12 ","1 ","14 ","1 ","1 ","2018/2019 Ganjil","Jayapura Selatan "," Kota Jayapura ",Papua
"1 "," RA Al Hamidi ","RA ","Swasta ","101291710002 ","49 ","1 ","1 ","11 ","0 ","0 ","2017/2018 Ganjil","Jayapura Selatan "," Kota Jayapura ",Papua
"2 "," MI BAIT QURANY DDI ","MI ","Swasta ","111291710007 ","259 ","23 ","1 ","16 ","1 ","2 ","2017/2018 Ganjil","Jayapura Selatan "," Kota Jayapura ",Papua
"3 "," MA DDI ","MA ","Swasta ","131291710001 ","50 ","12 ","1 ","3 ","0 ","0 ","2017/2018 Ganjil","Jayapura Selatan "," Kota Jayapura ",Papua
"4 "," MTS DDI ","MTS ","Swasta ","121291710001 ","156 ","12 ","1 ","14 ","1 ","1 ","2017/2018 Ganjil","Jayapura Selatan "," Kota Jayapura ",Papua
"1 "," MA Baiturrahim ","MA ","Swasta ","131291710006 ","77 ","4 ","1 ","3 ","0 ","0 ","2018/2019 Genap","Jayapura Utara "," Kota Jayapura ",Papua
"2 "," MTS Baiturrahim ","MTS ","Swasta ","121291710004 ","301 ","10 ","1 ","11 ","0 ","0 ","2018/2019 Genap","Jayapura Utara "," Kota Jayapura ",Papua
"3 "," MI Nurul Huda Yapis ","MI ","Swasta ","111291710001 ","395 ","13 ","1 ","11 ","0 ","0 ","2018/2019 Genap","Jayapura Utara "," Kota Jayapura ",Papua
"1 "," MA Baiturrahim ","MA ","Swasta ","131291710006 ","80 ","4 ","1 ","3 ","0 ","0 ","2018/2019 Ganjil","Jayapura Utara "," Kota Jayapura ",Papua
"2 "," MTS Baiturrahim ","MTS ","Swasta ","121291710004 ","305 ","10 ","1 ","11 ","0 ","0 ","2018/2019 Ganjil","Jayapura Utara "," Kota Jayapura ",Papua
"3 "," MI Nurul Huda Yapis ","MI ","Swasta ","111291710001 ","396 ","13 ","1 ","11 ","0 ","0 ","2018/2019 Ganjil","Jayapura Utara "," Kota Jayapura ",Papua
"1 "," MA Baiturrahim ","MA ","Swasta ","131291710006 ","51 ","4 ","1 ","3 ","0 ","0 ","2017/2018 Ganjil","Jayapura Utara "," Kota Jayapura ",Papua
"2 "," MTS Baiturrahim ","MTS ","Swasta ","121291710004 ","206 ","10 ","1 ","11 ","0 ","0 ","2017/2018 Ganjil","Jayapura Utara "," Kota Jayapura ",Papua
"3 "," MI Nurul Huda Yapis ","MI ","Swasta ","111291710001 ","282 ","13 ","1 ","11 ","0 ","0 ","2017/2018 Ganjil","Jayapura Utara "," Kota Jayapura ",Papua
"1 "," MA Integral Hidayatullah ","MA ","Swasta ","131291710005 ","19 ","1 ","1 ","2 ","0 ","0 ","2018/2019 Genap","Muara Tami "," Kota Jayapura ",Papua
"2 "," MI Integral Hidayatullah ","MI ","Swasta ","111291710006 ","72 ","9 ","1 ","8 ","1 ","0 ","2018/2019 Genap","Muara Tami "," Kota Jayapura ",Papua
"3 "," MTS Integral Hidayatullah ","MTS ","Swasta ","121291710003 ","61 ","1 ","1 ","3 ","0 ","0 ","2018/2019 Genap","Muara Tami "," Kota Jayapura ",Papua
"4 "," MI Kota Jayapura ","MI ","Negeri ","111191710001 ","419 ","40 ","1 ","23 ","1 ","3 ","2018/2019 Genap","Muara Tami "," Kota Jayapura ",Papua
"5 "," MTS KOTA JAYAPURA ","MTS ","Negeri ","121191710001 ","1 ","1 ","1 ","0 ","0 ","0 ","2018/2019 Genap","Muara Tami "," Kota Jayapura ",Papua
"6 "," MA MA Persiapan Negeri Koya Barat ","MA ","Swasta ","131291710007 ","19 ","16 ","1 ","3 ","0 ","0 ","2018/2019 Genap","Muara Tami "," Kota Jayapura ",Papua
"7 "," MTS Persiapan Negeri Koya Barat ","MTS ","Swasta ","121291710010 ","270 ","17 ","1 ","21 ","1 ","1 ","2018/2019 Genap","Muara Tami "," Kota Jayapura ",Papua
"8 "," MA Yapni ","MA ","Swasta ","131291710002 ","20 ","8 ","1 ","7 ","0 ","0 ","2018/2019 Genap","Muara Tami "," Kota Jayapura ",Papua
"9 "," MTS Yapni ","MTS ","Swasta ","121291710002 ","11 ","6 ","1 ","4 ","0 ","0 ","2018/2019 Genap","Muara Tami "," Kota Jayapura ",Papua
"1 "," MA Integral Hidayatullah ","MA ","Swasta ","131291710005 ","21 ","1 ","1 ","2 ","0 ","0 ","2018/2019 Ganjil","Muara Tami "," Kota Jayapura ",Papua
"2 "," MI Integral Hidayatullah ","MI ","Swasta ","111291710006 ","75 ","9 ","1 ","8 ","1 ","0 ","2018/2019 Ganjil","Muara Tami "," Kota Jayapura ",Papua
"3 "," MTS Integral Hidayatullah ","MTS ","Swasta ","121291710003 ","68 ","1 ","1 ","3 ","0 ","0 ","2018/2019 Ganjil","Muara Tami "," Kota Jayapura ",Papua
"4 "," MI Kota Jayapura ","MI ","Negeri ","111191710001 ","429 ","40 ","1 ","23 ","1 ","3 ","2018/2019 Ganjil","Muara Tami "," Kota Jayapura ",Papua
"5 "," MTS KOTA JAYAPURA ","MTS ","Negeri ","121191710001 ","1 ","1 ","1 ","0 ","0 ","0 ","2018/2019 Ganjil","Muara Tami "," Kota Jayapura ",Papua
"6 "," MA MA Persiapan Negeri Koya Barat ","MA ","Swasta ","131291710007 ","16 ","16 ","1 ","3 ","0 ","0 ","2018/2019 Ganjil","Muara Tami "," Kota Jayapura ",Papua
"7 "," MTS Persiapan Negeri Koya Barat ","MTS ","Swasta ","121291710010 ","270 ","17 ","1 ","21 ","1 ","1 ","2018/2019 Ganjil","Muara Tami "," Kota Jayapura ",Papua
"8 "," MA Yapni ","MA ","Swasta ","131291710002 ","23 ","8 ","1 ","7 ","0 ","0 ","2018/2019 Ganjil","Muara Tami "," Kota Jayapura ",Papua
"9 "," MTS Yapni ","MTS ","Swasta ","121291710002 ","13 ","6 ","1 ","4 ","0 ","0 ","2018/2019 Ganjil","Muara Tami "," Kota Jayapura ",Papua
"1 "," MA Integral Hidayatullah ","MA ","Swasta ","131291710005 ","10 ","1 ","1 ","2 ","0 ","0 ","2017/2018 Ganjil","Muara Tami "," Kota Jayapura ",Papua
"2 "," MI Integral Hidayatullah ","MI ","Swasta ","111291710006 ","24 ","9 ","1 ","8 ","1 ","0 ","2017/2018 Ganjil","Muara Tami "," Kota Jayapura ",Papua
"3 "," MTS Integral Hidayatullah ","MTS ","Swasta ","121291710003 ","14 ","1 ","1 ","3 ","0 ","0 ","2017/2018 Ganjil","Muara Tami "," Kota Jayapura ",Papua
"4 "," MI Kota Jayapura ","MI ","Negeri ","111191710001 ","290 ","40 ","1 ","23 ","1 ","3 ","2017/2018 Ganjil","Muara Tami "," Kota Jayapura ",Papua
"5 "," MTS KOTA JAYAPURA ","MTS ","Negeri ","121191710001 ","1 ","1 ","1 ","0 ","0 ","0 ","2017/2018 Ganjil","Muara Tami "," Kota Jayapura ",Papua
"6 "," MA MA Persiapan Negeri Koya Barat ","MA ","Swasta ","131291710007 ","1 ","16 ","1 ","3 ","0 ","0 ","2017/2018 Ganjil","Muara Tami "," Kota Jayapura ",Papua
"7 "," MTS Persiapan Negeri Koya Barat ","MTS ","Swasta ","121291710010 ","169 ","17 ","1 ","21 ","1 ","1 ","2017/2018 Ganjil","Muara Tami "," Kota Jayapura ",Papua
"8 "," MA Yapni ","MA ","Swasta ","131291710002 ","7 ","8 ","1 ","7 ","0 ","0 ","2017/2018 Ganjil","Muara Tami "," Kota Jayapura ",Papua
"9 "," MTS Yapni ","MTS ","Swasta ","121291710002 ","4 ","6 ","1 ","4 ","0 ","0 ","2017/2018 Ganjil","Muara Tami "," Kota Jayapura ",Papua
"1 "," MI As`adiyah Eci ","MI ","Swasta ","111291170002 ","98 ","4 ","1 ","6 ","0 ","0 ","2018/2019 Genap","Assue "," Kab. Mappi ",Papua
"1 "," MI As`adiyah Eci ","MI ","Swasta ","111291170002 ","102 ","4 ","1 ","6 ","0 ","0 ","2018/2019 Ganjil","Assue "," Kab. Mappi ",Papua
"1 "," MI As`adiyah Eci ","MI ","Swasta ","111291170002 ","74 ","4 ","1 ","6 ","0 ","0 ","2017/2018 Ganjil","Assue "," Kab. Mappi ",Papua
"1 "," RA Ma`arif 1 Nurul Amin ","RA ","Swasta ","101291170001 ","15 ","1 ","1 ","0 ","0 ","0 ","2018/2019 Genap","Nambioman Bapai "," Kab. Mappi ",Papua
"1 "," RA Ma`arif 1 Nurul Amin ","RA ","Swasta ","101291170001 ","15 ","1 ","1 ","0 ","0 ","0 ","2018/2019 Ganjil","Nambioman Bapai "," Kab. Mappi ",Papua
"1 "," RA Ma`arif 1 Nurul Amin ","RA ","Swasta ","101291170001 ","15 ","1 ","1 ","0 ","0 ","0 ","2017/2018 Ganjil","Nambioman Bapai "," Kab. Mappi ",Papua
"1 "," RA Al Ma`arif 3 Kepi ","RA ","Swasta ","101291170003 ","62 ","1 ","1 ","4 ","0 ","0 ","2018/2019 Genap","Obaa "," Kab. Mappi ",Papua
"2 "," MI Ma`arif 1 Nurul Huda ","MI ","Swasta ","111291170001 ","185 ","11 ","1 ","9 ","0 ","0 ","2018/2019 Genap","Obaa "," Kab. Mappi ",Papua
"1 "," RA Al Ma`arif 3 Kepi ","RA ","Swasta ","101291170003 ","45 ","1 ","1 ","4 ","0 ","0 ","2018/2019 Ganjil","Obaa "," Kab. Mappi ",Papua
"2 "," MI Ma`arif 1 Nurul Huda ","MI ","Swasta ","111291170001 ","172 ","11 ","1 ","9 ","0 ","0 ","2018/2019 Ganjil","Obaa "," Kab. Mappi ",Papua
"1 "," RA Al Ma`arif 3 Kepi ","RA ","Swasta ","101291170003 ","41 ","1 ","1 ","4 ","0 ","0 ","2017/2018 Ganjil","Obaa "," Kab. Mappi ",Papua
"2 "," MI Ma`arif 1 Nurul Huda ","MI ","Swasta ","111291170001 ","120 ","11 ","1 ","9 ","0 ","0 ","2017/2018 Ganjil","Obaa "," Kab. Mappi ",Papua
"1 "," MI Darul Ulum ","MI ","Swasta ","111291010004 ","133 ","9 ","1 ","6 ","1 ","0 ","2018/2019 Genap","Kurik "," Kab. Merauke ",Papua
"2 "," MTS Merauke ","MTS ","Negeri ","121191010001 ","1 ","2 ","1 ","6 ","0 ","0 ","2018/2019 Genap","Kurik "," Kab. Merauke ",Papua
"3 "," MTS Merauke ","MTS ","Swasta ","121291010006 ","134 ","2 ","1 ","12 ","0 ","0 ","2018/2019 Genap","Kurik "," Kab. Merauke ",Papua
"4 "," RA Ra Ar Rahman ","RA ","Swasta ","101291010002 ","65 ","7 ","1 ","5 ","0 ","0 ","2018/2019 Genap","Kurik "," Kab. Merauke ",Papua
"1 "," MI Darul Ulum ","MI ","Swasta ","111291010004 ","133 ","9 ","1 ","6 ","1 ","0 ","2018/2019 Ganjil","Kurik "," Kab. Merauke ",Papua
"2 "," MTS Merauke ","MTS ","Negeri ","121191010001 ","1 ","2 ","1 ","6 ","0 ","0 ","2018/2019 Ganjil","Kurik "," Kab. Merauke ",Papua
"3 "," MTS Merauke ","MTS ","Swasta ","121291010006 ","134 ","2 ","1 ","12 ","0 ","0 ","2018/2019 Ganjil","Kurik "," Kab. Merauke ",Papua
"4 "," RA Ra Ar Rahman ","RA ","Swasta ","101291010002 ","65 ","7 ","1 ","5 ","0 ","0 ","2018/2019 Ganjil","Kurik "," Kab. Merauke ",Papua
"1 "," MI Darul Ulum ","MI ","Swasta ","111291010004 ","133 ","9 ","1 ","6 ","1 ","0 ","2017/2018 Ganjil","Kurik "," Kab. Merauke ",Papua
"2 "," MTS Merauke ","MTS ","Negeri ","121191010001 ","1 ","2 ","1 ","6 ","0 ","0 ","2017/2018 Ganjil","Kurik "," Kab. Merauke ",Papua
"3 "," MTS Merauke ","MTS ","Swasta ","121291010006 ","122 ","2 ","1 ","12 ","0 ","0 ","2017/2018 Ganjil","Kurik "," Kab. Merauke ",Papua
"4 "," RA Ra Ar Rahman ","RA ","Swasta ","101291010002 ","27 ","7 ","1 ","5 ","0 ","0 ","2017/2018 Ganjil","Kurik "," Kab. Merauke ",Papua
"1 "," RA Al-Izzah Kumbe ","RA ","Swasta ","101291010008 ","30 ","3 ","1 ","3 ","0 ","0 ","2018/2019 Genap","Malind "," Kab. Merauke ",Papua
"2 "," MI Merauke ","MI ","Negeri ","111191010001 ","305 ","22 ","3 ","14 ","0 ","0 ","2018/2019 Genap","Malind "," Kab. Merauke ",Papua
"3 "," MTS Yapis Kumbe ","MTS ","Swasta ","121291010003 ","65 ","7 ","1 ","3 ","0 ","0 ","2018/2019 Genap","Malind "," Kab. Merauke ",Papua
"1 "," RA Al-Izzah Kumbe ","RA ","Swasta ","101291010008 ","29 ","3 ","1 ","3 ","0 ","0 ","2018/2019 Ganjil","Malind "," Kab. Merauke ",Papua
"2 "," MI Merauke ","MI ","Negeri ","111191010001 ","300 ","22 ","3 ","14 ","0 ","0 ","2018/2019 Ganjil","Malind "," Kab. Merauke ",Papua
"3 "," MTS Yapis Kumbe ","MTS ","Swasta ","121291010003 ","68 ","7 ","1 ","3 ","0 ","0 ","2018/2019 Ganjil","Malind "," Kab. Merauke ",Papua
"1 "," RA Al-Izzah Kumbe ","RA ","Swasta ","101291010008 ","28 ","3 ","1 ","3 ","0 ","0 ","2017/2018 Ganjil","Malind "," Kab. Merauke ",Papua
"2 "," MI Merauke ","MI ","Negeri ","111191010001 ","273 ","22 ","3 ","14 ","0 ","0 ","2017/2018 Ganjil","Malind "," Kab. Merauke ",Papua
"3 "," MTS Yapis Kumbe ","MTS ","Swasta ","121291010003 ","39 ","7 ","1 ","3 ","0 ","0 ","2017/2018 Ganjil","Malind "," Kab. Merauke ",Papua
"1 "," MA Al Hikmah ","MA ","Swasta ","131291010005 ","59 ","16 ","1 ","3 ","0 ","1 ","2018/2019 Genap","Merauke "," Kab. Merauke ",Papua
"2 "," MTS Al-Hikmah ","MTS ","Swasta ","121291010004 ","128 ","20 ","1 ","6 ","0 ","1 ","2018/2019 Genap","Merauke "," Kab. Merauke ",Papua
"3 "," MI Al Maarif Merauke ","MI ","Swasta ","111291010001 ","821 ","49 ","1 ","28 ","0 ","0 ","2018/2019 Genap","Merauke "," Kab. Merauke ",Papua
"4 "," MA Al-Munawwaroh ","MA ","Swasta ","131291010004 ","129 ","11 ","1 ","8 ","1 ","2 ","2018/2019 Genap","Merauke "," Kab. Merauke ",Papua
"5 "," MI Al-Munawwaroh ","MI ","Swasta ","111291010005 ","114 ","15 ","1 ","6 ","0 ","0 ","2018/2019 Genap","Merauke "," Kab. Merauke ",Papua
"6 "," MTS Al-Munawwaroh ","MTS ","Swasta ","121291010005 ","100 ","10 ","1 ","6 ","0 ","0 ","2018/2019 Genap","Merauke "," Kab. Merauke ",Papua
"7 "," MA Annajah Yamra ","MA ","Swasta ","131291010003 ","72 ","11 ","1 ","3 ","0 ","4 ","2018/2019 Genap","Merauke "," Kab. Merauke ",Papua
"8 "," MTS Annajah Yamra ","MTS ","Swasta ","121291010002 ","119 ","15 ","1 ","9 ","1 ","2 ","2018/2019 Genap","Merauke "," Kab. Merauke ",Papua
"9 "," RA Baiturrahmah ","RA ","Swasta ","101291010006 ","58 ","11 ","1 ","5 ","0 ","0 ","2018/2019 Genap","Merauke "," Kab. Merauke ",Papua
"10 "," MI DDI Lampu Satu ","MI ","Swasta ","111291010003 ","286 ","18 ","1 ","12 ","0 ","0 ","2018/2019 Genap","Merauke "," Kab. Merauke ",Papua
"11 "," MTS DDI LAMPU SATU ","MTS ","Swasta ","121291010001 ","138 ","22 ","1 ","6 ","0 ","0 ","2018/2019 Genap","Merauke "," Kab. Merauke ",Papua
"12 "," MA MAS DDI Lampu Satu ","MA ","Swasta ","131291010001 ","24 ","11 ","1 ","3 ","1 ","1 ","2018/2019 Genap","Merauke "," Kab. Merauke ",Papua
"13 "," MI MI INTEGRAL AL HIKMAH HIDAYATULLAH ","MI ","Swasta ","111291010006 ","80 ","11 ","2 ","8 ","0 ","0 ","2018/2019 Genap","Merauke "," Kab. Merauke ",Papua
"14 "," RA Ra Al Firdaus ","RA ","Swasta ","101291010004 ","6 ","11 ","1 ","8 ","0 ","0 ","2018/2019 Genap","Merauke "," Kab. Merauke ",Papua
"15 "," RA Ra Al Munawwaroh ","RA ","Swasta ","101291010003 ","31 ","4 ","1 ","2 ","0 ","0 ","2018/2019 Genap","Merauke "," Kab. Merauke ",Papua
"16 "," RA Ra Ddi Lampu Satu ","RA ","Swasta ","101291010001 ","22 ","1 ","1 ","3 ","0 ","0 ","2018/2019 Genap","Merauke "," Kab. Merauke ",Papua
"17 "," RA Raudhatul Athfal Al-Hikmah ","RA ","Swasta ","101291010007 ","31 ","7 ","1 ","2 ","0 ","0 ","2018/2019 Genap","Merauke "," Kab. Merauke ",Papua
"18 "," MI Yamra ","MI ","Swasta ","111291010002 ","565 ","1 ","1 ","24 ","0 ","0 ","2018/2019 Genap","Merauke "," Kab. Merauke ",Papua
"1 "," MA Al Hikmah ","MA ","Swasta ","131291010005 ","59 ","16 ","1 ","3 ","0 ","1 ","2018/2019 Ganjil","Merauke "," Kab. Merauke ",Papua
"2 "," MTS Al-Hikmah ","MTS ","Swasta ","121291010004 ","133 ","20 ","1 ","6 ","0 ","1 ","2018/2019 Ganjil","Merauke "," Kab. Merauke ",Papua
"3 "," MI Al Maarif Merauke ","MI ","Swasta ","111291010001 ","661 ","49 ","1 ","28 ","0 ","0 ","2018/2019 Ganjil","Merauke "," Kab. Merauke ",Papua
"4 "," MA Al-Munawwaroh ","MA ","Swasta ","131291010004 ","129 ","11 ","1 ","8 ","1 ","2 ","2018/2019 Ganjil","Merauke "," Kab. Merauke ",Papua
"5 "," MI Al-Munawwaroh ","MI ","Swasta ","111291010005 ","113 ","15 ","1 ","6 ","0 ","0 ","2018/2019 Ganjil","Merauke "," Kab. Merauke ",Papua
"6 "," MTS Al-Munawwaroh ","MTS ","Swasta ","121291010005 ","104 ","10 ","1 ","6 ","0 ","0 ","2018/2019 Ganjil","Merauke "," Kab. Merauke ",Papua
"7 "," MA Annajah Yamra ","MA ","Swasta ","131291010003 ","62 ","11 ","1 ","3 ","0 ","4 ","2018/2019 Ganjil","Merauke "," Kab. Merauke ",Papua
"8 "," MTS Annajah Yamra ","MTS ","Swasta ","121291010002 ","118 ","15 ","1 ","9 ","1 ","2 ","2018/2019 Ganjil","Merauke "," Kab. Merauke ",Papua
"9 "," RA Baiturrahmah ","RA ","Swasta ","101291010006 ","13 ","11 ","1 ","5 ","0 ","0 ","2018/2019 Ganjil","Merauke "," Kab. Merauke ",Papua
"10 "," MI DDI Lampu Satu ","MI ","Swasta ","111291010003 ","248 ","18 ","1 ","12 ","0 ","0 ","2018/2019 Ganjil","Merauke "," Kab. Merauke ",Papua
"11 "," MTS DDI LAMPU SATU ","MTS ","Swasta ","121291010001 ","140 ","22 ","1 ","6 ","0 ","0 ","2018/2019 Ganjil","Merauke "," Kab. Merauke ",Papua
"12 "," MA MAS DDI Lampu Satu ","MA ","Swasta ","131291010001 ","55 ","11 ","1 ","3 ","1 ","1 ","2018/2019 Ganjil","Merauke "," Kab. Merauke ",Papua
"13 "," MI MI INTEGRAL AL HIKMAH HIDAYATULLAH ","MI ","Swasta ","111291010006 ","79 ","11 ","2 ","8 ","0 ","0 ","2018/2019 Ganjil","Merauke "," Kab. Merauke ",Papua
"14 "," RA Ra Al Firdaus ","RA ","Swasta ","101291010004 ","6 ","11 ","1 ","8 ","0 ","0 ","2018/2019 Ganjil","Merauke "," Kab. Merauke ",Papua
"15 "," RA Ra Al Munawwaroh ","RA ","Swasta ","101291010003 ","6 ","4 ","1 ","2 ","0 ","0 ","2018/2019 Ganjil","Merauke "," Kab. Merauke ",Papua
"16 "," RA Ra Ddi Lampu Satu ","RA ","Swasta ","101291010001 ","22 ","1 ","1 ","3 ","0 ","0 ","2018/2019 Ganjil","Merauke "," Kab. Merauke ",Papua
"17 "," RA Raudhatul Athfal Al-Hikmah ","RA ","Swasta ","101291010007 ","31 ","7 ","1 ","2 ","0 ","0 ","2018/2019 Ganjil","Merauke "," Kab. Merauke ",Papua
"18 "," MI Yamra ","MI ","Swasta ","111291010002 ","586 ","1 ","1 ","24 ","0 ","0 ","2018/2019 Ganjil","Merauke "," Kab. Merauke ",Papua
"1 "," MA Al Hikmah ","MA ","Swasta ","131291010005 ","30 ","16 ","1 ","3 ","0 ","1 ","2017/2018 Ganjil","Merauke "," Kab. Merauke ",Papua
"2 "," MTS Al-Hikmah ","MTS ","Swasta ","121291010004 ","95 ","20 ","1 ","6 ","0 ","1 ","2017/2018 Ganjil","Merauke "," Kab. Merauke ",Papua
"3 "," MI Al Maarif Merauke ","MI ","Swasta ","111291010001 ","654 ","49 ","1 ","28 ","0 ","0 ","2017/2018 Ganjil","Merauke "," Kab. Merauke ",Papua
"4 "," MA Al-Munawwaroh ","MA ","Swasta ","131291010004 ","69 ","11 ","1 ","8 ","1 ","2 ","2017/2018 Ganjil","Merauke "," Kab. Merauke ",Papua
"5 "," MI Al-Munawwaroh ","MI ","Swasta ","111291010005 ","96 ","15 ","1 ","6 ","0 ","0 ","2017/2018 Ganjil","Merauke "," Kab. Merauke ",Papua
"6 "," MTS Al-Munawwaroh ","MTS ","Swasta ","121291010005 ","94 ","10 ","1 ","6 ","0 ","0 ","2017/2018 Ganjil","Merauke "," Kab. Merauke ",Papua
"7 "," MA Annajah Yamra ","MA ","Swasta ","131291010003 ","56 ","11 ","1 ","3 ","0 ","4 ","2017/2018 Ganjil","Merauke "," Kab. Merauke ",Papua
"8 "," MTS Annajah Yamra ","MTS ","Swasta ","121291010002 ","74 ","15 ","1 ","9 ","1 ","2 ","2017/2018 Ganjil","Merauke "," Kab. Merauke ",Papua
"9 "," RA Baiturrahmah ","RA ","Swasta ","101291010006 ","1 ","11 ","1 ","5 ","0 ","0 ","2017/2018 Ganjil","Merauke "," Kab. Merauke ",Papua
"10 "," MI DDI Lampu Satu ","MI ","Swasta ","111291010003 ","229 ","18 ","1 ","12 ","0 ","0 ","2017/2018 Ganjil","Merauke "," Kab. Merauke ",Papua
"11 "," MTS DDI LAMPU SATU ","MTS ","Swasta ","121291010001 ","101 ","22 ","1 ","6 ","0 ","0 ","2017/2018 Ganjil","Merauke "," Kab. Merauke ",Papua
"12 "," MA MAS DDI Lampu Satu ","MA ","Swasta ","131291010001 ","21 ","11 ","1 ","3 ","1 ","1 ","2017/2018 Ganjil","Merauke "," Kab. Merauke ",Papua
"13 "," MI MI INTEGRAL AL HIKMAH HIDAYATULLAH ","MI ","Swasta ","111291010006 ","52 ","11 ","2 ","8 ","0 ","0 ","2017/2018 Ganjil","Merauke "," Kab. Merauke ",Papua
"14 "," RA Ra Al Firdaus ","RA ","Swasta ","101291010004 ","3 ","11 ","1 ","8 ","0 ","0 ","2017/2018 Ganjil","Merauke "," Kab. Merauke ",Papua
"15 "," RA Ra Al Munawwaroh ","RA ","Swasta ","101291010003 ","4 ","4 ","1 ","2 ","0 ","0 ","2017/2018 Ganjil","Merauke "," Kab. Merauke ",Papua
"16 "," RA Ra Ddi Lampu Satu ","RA ","Swasta ","101291010001 ","22 ","1 ","1 ","3 ","0 ","0 ","2017/2018 Ganjil","Merauke "," Kab. Merauke ",Papua
"17 "," RA Raudhatul Athfal Al-Hikmah ","RA ","Swasta ","101291010007 ","7 ","7 ","1 ","2 ","0 ","0 ","2017/2018 Ganjil","Merauke "," Kab. Merauke ",Papua
"18 "," MI Yamra ","MI ","Swasta ","111291010002 ","563 ","1 ","1 ","24 ","0 ","0 ","2017/2018 Ganjil","Merauke "," Kab. Merauke ",Papua
"1 "," MA Al-Kholidiyah ","MA ","Swasta ","131291010006 ","3 ","1 ","1 ","3 ","0 ","0 ","2018/2019 Genap","Tabonji "," Kab. Merauke ",Papua
"1 "," MA Al-Kholidiyah ","MA ","Swasta ","131291010006 ","3 ","1 ","1 ","3 ","0 ","0 ","2018/2019 Ganjil","Tabonji "," Kab. Merauke ",Papua
"1 "," MA Al-Kholidiyah ","MA ","Swasta ","131291010006 ","3 ","1 ","1 ","3 ","0 ","0 ","2017/2018 Ganjil","Tabonji "," Kab. Merauke ",Papua
"1 "," RA Al - Hidayah ","RA ","Swasta ","101291010005 ","10 ","1 ","1 ","0 ","0 ","0 ","2018/2019 Genap","Tanah Miring "," Kab. Merauke ",Papua
"1 "," RA Al - Hidayah ","RA ","Swasta ","101291010005 ","10 ","1 ","1 ","0 ","0 ","0 ","2018/2019 Ganjil","Tanah Miring "," Kab. Merauke ",Papua
"1 "," RA Al - Hidayah ","RA ","Swasta ","101291010005 ","10 ","1 ","1 ","0 ","0 ","0 ","2017/2018 Ganjil","Tanah Miring "," Kab. Merauke ",Papua
"1 "," RA Al Ilmu ","RA ","Swasta ","101291090003 ","21 ","3 ","1 ","1 ","0 ","0 ","2018/2019 Genap","Mimika Baru "," Kab. Mimika ",Papua
"2 "," MI AL ILMU ","MI ","Swasta ","111291090004 ","65 ","1 ","1 ","5 ","0 ","0 ","2018/2019 Genap","Mimika Baru "," Kab. Mimika ",Papua
"3 "," MI At-Taqwa ","MI ","Swasta ","111291090002 ","222 ","10 ","2 ","8 ","1 ","0 ","2018/2019 Genap","Mimika Baru "," Kab. Mimika ",Papua
"4 "," MTS Ddi Ad Nurul Islam ","MTS ","Swasta ","121291090001 ","68 ","1 ","1 ","6 ","1 ","1 ","2018/2019 Genap","Mimika Baru "," Kab. Mimika ",Papua
"5 "," RA Ddi Ad Nurul Islam ","RA ","Swasta ","101291090004 ","6 ","1 ","1 ","0 ","0 ","0 ","2018/2019 Genap","Mimika Baru "," Kab. Mimika ",Papua
"6 "," MI DDI-AD Nurul Islam ","MI ","Swasta ","111291090001 ","337 ","25 ","1 ","26 ","1 ","0 ","2018/2019 Genap","Mimika Baru "," Kab. Mimika ",Papua
"7 "," RA Madani ","RA ","Swasta ","101291090002 ","45 ","1 ","4 ","4 ","0 ","0 ","2018/2019 Genap","Mimika Baru "," Kab. Mimika ",Papua
"8 "," MI MADANI ","MI ","Swasta ","111291090003 ","6 ","4 ","4 ","15 ","0 ","0 ","2018/2019 Genap","Mimika Baru "," Kab. Mimika ",Papua
"1 "," RA Al Ilmu ","RA ","Swasta ","101291090003 ","20 ","3 ","1 ","1 ","0 ","0 ","2018/2019 Ganjil","Mimika Baru "," Kab. Mimika ",Papua
"2 "," MI AL ILMU ","MI ","Swasta ","111291090004 ","1 ","1 ","1 ","5 ","0 ","0 ","2018/2019 Ganjil","Mimika Baru "," Kab. Mimika ",Papua
"3 "," MI At-Taqwa ","MI ","Swasta ","111291090002 ","250 ","10 ","2 ","8 ","1 ","0 ","2018/2019 Ganjil","Mimika Baru "," Kab. Mimika ",Papua
"4 "," MTS Ddi Ad Nurul Islam ","MTS ","Swasta ","121291090001 ","76 ","1 ","1 ","6 ","1 ","1 ","2018/2019 Ganjil","Mimika Baru "," Kab. Mimika ",Papua
"5 "," RA Ddi Ad Nurul Islam ","RA ","Swasta ","101291090004 ","6 ","1 ","1 ","0 ","0 ","0 ","2018/2019 Ganjil","Mimika Baru "," Kab. Mimika ",Papua
"6 "," MI DDI-AD Nurul Islam ","MI ","Swasta ","111291090001 ","332 ","25 ","1 ","26 ","1 ","0 ","2018/2019 Ganjil","Mimika Baru "," Kab. Mimika ",Papua
"7 "," RA Madani ","RA ","Swasta ","101291090002 ","45 ","1 ","4 ","4 ","0 ","0 ","2018/2019 Ganjil","Mimika Baru "," Kab. Mimika ",Papua
"8 "," MI MADANI ","MI ","Swasta ","111291090003 ","6 ","4 ","4 ","15 ","0 ","0 ","2018/2019 Ganjil","Mimika Baru "," Kab. Mimika ",Papua
"1 "," RA Al Ilmu ","RA ","Swasta ","101291090003 ","1 ","3 ","1 ","1 ","0 ","0 ","2017/2018 Ganjil","Mimika Baru "," Kab. Mimika ",Papua
"2 "," MI AL ILMU ","MI ","Swasta ","111291090004 ","1 ","1 ","1 ","5 ","0 ","0 ","2017/2018 Ganjil","Mimika Baru "," Kab. Mimika ",Papua
"3 "," MI At-Taqwa ","MI ","Swasta ","111291090002 ","189 ","10 ","2 ","8 ","1 ","0 ","2017/2018 Ganjil","Mimika Baru "," Kab. Mimika ",Papua
"4 "," MTS Ddi Ad Nurul Islam ","MTS ","Swasta ","121291090001 ","65 ","1 ","1 ","6 ","1 ","1 ","2017/2018 Ganjil","Mimika Baru "," Kab. Mimika ",Papua
"5 "," RA Ddi Ad Nurul Islam ","RA ","Swasta ","101291090004 ","6 ","1 ","1 ","0 ","0 ","0 ","2017/2018 Ganjil","Mimika Baru "," Kab. Mimika ",Papua
"6 "," MI DDI-AD Nurul Islam ","MI ","Swasta ","111291090001 ","295 ","25 ","1 ","26 ","1 ","0 ","2017/2018 Ganjil","Mimika Baru "," Kab. Mimika ",Papua
"7 "," RA Madani ","RA ","Swasta ","101291090002 ","1 ","1 ","4 ","4 ","0 ","0 ","2017/2018 Ganjil","Mimika Baru "," Kab. Mimika ",Papua
"8 "," MI MADANI ","MI ","Swasta ","111291090003 ","1 ","4 ","4 ","15 ","0 ","0 ","2017/2018 Ganjil","Mimika Baru "," Kab. Mimika ",Papua
"1 "," RA Azzahro ","RA ","Swasta ","101291090001 ","55 ","14 ","1 ","3 ","0 ","0 ","2018/2019 Genap","Mimika Timur "," Kab. Mimika ",Papua
"2 "," MA Ddi Nurul Islam ","MA ","Swasta ","131291090001 ","18 ","5 ","1 ","3 ","0 ","0 ","2018/2019 Genap","Mimika Timur "," Kab. Mimika ",Papua
"1 "," RA Azzahro ","RA ","Swasta ","101291090001 ","55 ","14 ","1 ","3 ","0 ","0 ","2018/2019 Ganjil","Mimika Timur "," Kab. Mimika ",Papua
"2 "," MA Ddi Nurul Islam ","MA ","Swasta ","131291090001 ","20 ","5 ","1 ","3 ","0 ","0 ","2018/2019 Ganjil","Mimika Timur "," Kab. Mimika ",Papua
"1 "," RA Azzahro ","RA ","Swasta ","101291090001 ","47 ","14 ","1 ","3 ","0 ","0 ","2017/2018 Ganjil","Mimika Timur "," Kab. Mimika ",Papua
"2 "," MA Ddi Nurul Islam ","MA ","Swasta ","131291090001 ","18 ","5 ","1 ","3 ","0 ","0 ","2017/2018 Ganjil","Mimika Timur "," Kab. Mimika ",Papua
"1 "," MI AL AZHARLEGARI ","MI ","Swasta ","111291040006 ","112 ","13 ","1 ","7 ","1 ","0 ","2018/2019 Genap","Makimi "," Kab. Nabire ",Papua
"1 "," MI AL AZHARLEGARI ","MI ","Swasta ","111291040006 ","4 ","13 ","1 ","7 ","1 ","0 ","2018/2019 Ganjil","Makimi "," Kab. Nabire ",Papua
"1 "," MI AL AZHARLEGARI ","MI ","Swasta ","111291040006 ","1 ","13 ","1 ","7 ","1 ","0 ","2017/2018 Ganjil","Makimi "," Kab. Nabire ",Papua
"1 "," MI Al-Azhar ","MI ","Swasta ","111291040003 ","281 ","20 ","1 ","12 ","0 ","0 ","2018/2019 Genap","Nabire "," Kab. Nabire ",Papua
"2 "," MI Al-Khairaat Smoker ","MI ","Swasta ","111291040002 ","432 ","26 ","2 ","21 ","1 ","1 ","2018/2019 Genap","Nabire "," Kab. Nabire ",Papua
"3 "," MA Asy-Syafi`iyah ","MA ","Swasta ","131291040002 ","56 ","13 ","1 ","3 ","1 ","0 ","2018/2019 Genap","Nabire "," Kab. Nabire ",Papua
"4 "," MTS Asy-Syafi`iyah ","MTS ","Swasta ","121291040001 ","74 ","10 ","1 ","4 ","1 ","1 ","2018/2019 Genap","Nabire "," Kab. Nabire ",Papua
"5 "," MI Nurul Ilmi ","MI ","Swasta ","111291040001 ","339 ","23 ","1 ","17 ","0 ","0 ","2018/2019 Genap","Nabire "," Kab. Nabire ",Papua
"1 "," MI Al-Azhar ","MI ","Swasta ","111291040003 ","295 ","20 ","1 ","12 ","0 ","0 ","2018/2019 Ganjil","Nabire "," Kab. Nabire ",Papua
"2 "," MI Al-Khairaat Smoker ","MI ","Swasta ","111291040002 ","428 ","26 ","2 ","21 ","1 ","1 ","2018/2019 Ganjil","Nabire "," Kab. Nabire ",Papua
"3 "," MA Asy-Syafi`iyah ","MA ","Swasta ","131291040002 ","58 ","13 ","1 ","3 ","1 ","0 ","2018/2019 Ganjil","Nabire "," Kab. Nabire ",Papua
"4 "," MTS Asy-Syafi`iyah ","MTS ","Swasta ","121291040001 ","86 ","10 ","1 ","4 ","1 ","1 ","2018/2019 Ganjil","Nabire "," Kab. Nabire ",Papua
"5 "," MI Nurul Ilmi ","MI ","Swasta ","111291040001 ","340 ","23 ","1 ","17 ","0 ","0 ","2018/2019 Ganjil","Nabire "," Kab. Nabire ",Papua
"1 "," MI Al-Azhar ","MI ","Swasta ","111291040003 ","244 ","20 ","1 ","12 ","0 ","0 ","2017/2018 Ganjil","Nabire "," Kab. Nabire ",Papua
"2 "," MI Al-Khairaat Smoker ","MI ","Swasta ","111291040002 ","346 ","26 ","2 ","21 ","1 ","1 ","2017/2018 Ganjil","Nabire "," Kab. Nabire ",Papua
"3 "," MA Asy-Syafi`iyah ","MA ","Swasta ","131291040002 ","37 ","13 ","1 ","3 ","1 ","0 ","2017/2018 Ganjil","Nabire "," Kab. Nabire ",Papua
"4 "," MTS Asy-Syafi`iyah ","MTS ","Swasta ","121291040001 ","48 ","10 ","1 ","4 ","1 ","1 ","2017/2018 Ganjil","Nabire "," Kab. Nabire ",Papua
"5 "," MI Nurul Ilmi ","MI ","Swasta ","111291040001 ","283 ","23 ","1 ","17 ","0 ","0 ","2017/2018 Ganjil","Nabire "," Kab. Nabire ",Papua
"1 "," MI QUEEN AL-FALAH ","MI ","Swasta ","111291040005 ","15 ","1 ","1 ","6 ","0 ","0 ","2018/2019 Genap","Nabire Barat "," Kab. Nabire ",Papua
"1 "," MI QUEEN AL-FALAH ","MI ","Swasta ","111291040005 ","15 ","1 ","1 ","6 ","0 ","0 ","2018/2019 Ganjil","Nabire Barat "," Kab. Nabire ",Papua
"1 "," MI QUEEN AL-FALAH ","MI ","Swasta ","111291040005 ","1 ","1 ","1 ","6 ","0 ","0 ","2017/2018 Ganjil","Nabire Barat "," Kab. Nabire ",Papua
"1 "," MTS INTEGRAL HIDAYATULLAH ","MTS ","Swasta ","121291040003 ","48 ","1 ","9 ","9 ","0 ","0 ","2018/2019 Genap","Teluk Kimi "," Kab. Nabire ",Papua
"1 "," MTS INTEGRAL HIDAYATULLAH ","MTS ","Swasta ","121291040003 ","38 ","1 ","9 ","9 ","0 ","0 ","2018/2019 Ganjil","Teluk Kimi "," Kab. Nabire ",Papua
"1 "," MTS INTEGRAL HIDAYATULLAH ","MTS ","Swasta ","121291040003 ","1 ","1 ","9 ","9 ","0 ","0 ","2017/2018 Ganjil","Teluk Kimi "," Kab. Nabire ",Papua
"1 "," MA Mamba`ul Hisan ","MA ","Swasta ","131291040001 ","23 ","8 ","1 ","7 ","0 ","0 ","2018/2019 Genap","Wanggar "," Kab. Nabire ",Papua
"2 "," MI Mamba`ul Hisan ","MI ","Swasta ","111291040004 ","27 ","10 ","1 ","6 ","0 ","0 ","2018/2019 Genap","Wanggar "," Kab. Nabire ",Papua
"3 "," MTS Mamba`ul Hisan ","MTS ","Swasta ","121291040002 ","17 ","6 ","1 ","3 ","0 ","0 ","2018/2019 Genap","Wanggar "," Kab. Nabire ",Papua
"1 "," MA Mamba`ul Hisan ","MA ","Swasta ","131291040001 ","23 ","8 ","1 ","7 ","0 ","0 ","2018/2019 Ganjil","Wanggar "," Kab. Nabire ",Papua
"2 "," MI Mamba`ul Hisan ","MI ","Swasta ","111291040004 ","27 ","10 ","1 ","6 ","0 ","0 ","2018/2019 Ganjil","Wanggar "," Kab. Nabire ",Papua
"3 "," MTS Mamba`ul Hisan ","MTS ","Swasta ","121291040002 ","17 ","6 ","1 ","3 ","0 ","0 ","2018/2019 Ganjil","Wanggar "," Kab. Nabire ",Papua
"1 "," MA Mamba`ul Hisan ","MA ","Swasta ","131291040001 ","20 ","8 ","1 ","7 ","0 ","0 ","2017/2018 Ganjil","Wanggar "," Kab. Nabire ",Papua
"2 "," MI Mamba`ul Hisan ","MI ","Swasta ","111291040004 ","24 ","10 ","1 ","6 ","0 ","0 ","2017/2018 Ganjil","Wanggar "," Kab. Nabire ",Papua
"3 "," MTS Mamba`ul Hisan ","MTS ","Swasta ","121291040002 ","17 ","6 ","1 ","3 ","0 ","0 ","2017/2018 Ganjil","Wanggar "," Kab. Nabire ",Papua
"1 "," MI Ma`arif NU Paniai ","MI ","Swasta ","111291080001 ","109 ","2 ","1 ","6 ","0 ","0 ","2018/2019 Genap","Paniai Timur "," Kab. Paniai ",Papua
"1 "," MI Ma`arif NU Paniai ","MI ","Swasta ","111291080001 ","109 ","2 ","1 ","6 ","0 ","0 ","2018/2019 Ganjil","Paniai Timur "," Kab. Paniai ",Papua
"1 "," MI Ma`arif NU Paniai ","MI ","Swasta ","111291080001 ","46 ","2 ","1 ","6 ","0 ","0 ","2017/2018 Ganjil","Paniai Timur "," Kab. Paniai ",Papua
"1 "," MTS Al-Wahdah ","MTS ","Swasta ","121291100001 ","8 ","1 ","1 ","3 ","0 ","0 ","2018/2019 Genap","Bonggo "," Kab. Sarmi ",Papua
"1 "," MTS Al-Wahdah ","MTS ","Swasta ","121291100001 ","8 ","1 ","1 ","3 ","0 ","0 ","2018/2019 Ganjil","Bonggo "," Kab. Sarmi ",Papua
"1 "," MTS Al-Wahdah ","MTS ","Swasta ","121291100001 ","8 ","1 ","1 ","3 ","0 ","0 ","2017/2018 Ganjil","Bonggo "," Kab. Sarmi ",Papua
"1 "," MTS DDI KABUPATEN SARMI ","MTS ","Swasta ","121291100002 ","40 ","8 ","1 ","4 ","0 ","0 ","2018/2019 Genap","Sarmi "," Kab. Sarmi ",Papua
"1 "," MTS DDI KABUPATEN SARMI ","MTS ","Swasta ","121291100002 ","1 ","8 ","1 ","4 ","0 ","0 ","2018/2019 Ganjil","Sarmi "," Kab. Sarmi ",Papua
"1 "," MTS DDI KABUPATEN SARMI ","MTS ","Swasta ","121291100002 ","1 ","8 ","1 ","4 ","0 ","0 ","2017/2018 Ganjil","Sarmi "," Kab. Sarmi ",Papua
"1 "," MTS Ma`arif Nu ","MTS ","Swasta ","121291150001 ","45 ","10 ","1 ","9 ","0 ","0 ","2018/2019 Genap","Urei Faisei "," Kab. Waropen ",Papua
"2 "," MA Ma Ma`arif Nu ","MA ","Swasta ","131291150001 ","39 ","1 ","1 ","3 ","0 ","0 ","2018/2019 Genap","Urei Faisei "," Kab. Waropen ",Papua
"3 "," RA RA At-Taqwa ","RA ","Swasta ","101291150001 ","73 ","7 ","1 ","2 ","0 ","0 ","2018/2019 Genap","Urei Faisei "," Kab. Waropen ",Papua
"1 "," MTS Ma`arif Nu ","MTS ","Swasta ","121291150001 ","45 ","10 ","1 ","9 ","0 ","0 ","2018/2019 Ganjil","Urei Faisei "," Kab. Waropen ",Papua
"2 "," MA Ma Ma`arif Nu ","MA ","Swasta ","131291150001 ","39 ","1 ","1 ","3 ","0 ","0 ","2018/2019 Ganjil","Urei Faisei "," Kab. Waropen ",Papua
"3 "," RA RA At-Taqwa ","RA ","Swasta ","101291150001 ","77 ","7 ","1 ","2 ","0 ","0 ","2018/2019 Ganjil","Urei Faisei "," Kab. Waropen ",Papua
"1 "," MTS Ma`arif Nu ","MTS ","Swasta ","121291150001 ","27 ","10 ","1 ","9 ","0 ","0 ","2017/2018 Ganjil","Urei Faisei "," Kab. Waropen ",Papua
"2 "," MA Ma Ma`arif Nu ","MA ","Swasta ","131291150001 ","8 ","1 ","1 ","3 ","0 ","0 ","2017/2018 Ganjil","Urei Faisei "," Kab. Waropen ",Papua
"3 "," RA RA At-Taqwa ","RA ","Swasta ","101291150001 ","35 ","7 ","1 ","2 ","0 ","0 ","2017/2018 Ganjil","Urei Faisei "," Kab. Waropen ",Papua
"1 "," MI Al Muhajirin ","MI ","Swasta ","111291150002 ","100 ","13 ","1 ","12 ","0 ","0 ","2018/2019 Genap","Waropen Bawah "," Kab. Waropen ",Papua
"2 "," MI At Taqwa ","MI ","Swasta ","111291150001 ","155 ","13 ","1 ","15 ","0 ","0 ","2018/2019 Genap","Waropen Bawah "," Kab. Waropen ",Papua
"1 "," MI Al Muhajirin ","MI ","Swasta ","111291150002 ","99 ","13 ","1 ","12 ","0 ","0 ","2018/2019 Ganjil","Waropen Bawah "," Kab. Waropen ",Papua
"2 "," MI At Taqwa ","MI ","Swasta ","111291150001 ","159 ","13 ","1 ","15 ","0 ","0 ","2018/2019 Ganjil","Waropen Bawah "," Kab. Waropen ",Papua
"1 "," MI Al Muhajirin ","MI ","Swasta ","111291150002 ","91 ","13 ","1 ","12 ","0 ","0 ","2017/2018 Ganjil","Waropen Bawah "," Kab. Waropen ",Papua
"2 "," MI At Taqwa ","MI ","Swasta ","111291150001 ","126 ","13 ","1 ","15 ","0 ","0 ","2017/2018 Ganjil","Waropen Bawah "," Kab. Waropen ",Papua
"1 "," MI At-Taqwa Dekai ","MI ","Swasta ","111291130001 ","98 ","7 ","1 ","7 ","0 ","0 ","2018/2019 Genap","Dekai "," Kab. Yahukimo ",Papua
"1 "," MI At-Taqwa Dekai ","MI ","Swasta ","111291130001 ","99 ","7 ","1 ","7 ","0 ","0 ","2018/2019 Ganjil","Dekai "," Kab. Yahukimo ",Papua
"1 "," MI At-Taqwa Dekai ","MI ","Swasta ","111291130001 ","76 ","7 ","1 ","7 ","0 ","0 ","2017/2018 Ganjil","Dekai "," Kab. Yahukimo ",Papua
