No.,NPSN,"Nama Satuan Pendidikan",Alamat,Kelurahan,Status,"Jenis Pendidikan",Kecamatan,Kabupaten/Kota,Provinsi
"1 "," 90101057 ","SEKOLAH INDONESIA NEDERLAND TINGKAT SD ","RIJKSSTRAATWEG 679, 2245 CB WASSENAAR, THE NETHERLANDS ","WASSENAAR ","NEGERI ",SD,Wassenaar,Belanda,"Luar Negeri"
"1 "," 90101058 ","SEKOLAH INDONESIA NEDERLAND TINGKAT SMP ","RIJKSSTRAATWEG 679, 2245 CB WASSENAAR, THE NETHERLANDS ","WASSENAAR ","NEGERI ",SMP,Wassenaar,Belanda,"Luar Negeri"
"1 "," 90101003 ","SEKOLAH SI DEN HAAG ","RIJKSSTRAATWEG 679, 2245 CB WASSENAAR, THE NETHERLANDS ","WASSENAAR ","NEGERI ",SMA,Wassenaar,Belanda,"Luar Negeri"
"1 "," 90101023 ","SEKOLAH SI TOKYO TINGKAT SD ","SEKOLAH INDONESIA TOKYO NO. 4-6-6, MEGURO MEGURO-KU, TOKYO 153-0063 ","MEGURO-KU ","NEGERI ",SD,Tokyo,Japan,"Luar Negeri"
"1 "," 90101024 ","SEKOLAH SI TOKYO TINGKAT SMP ","SEKOLAH INDONESIA TOKYO NO. 4-6-6, MEGURO MEGURO-KU, TOKYO 153-0063 ","MEGURO-KU ","NEGERI ",SMP,Tokyo,Japan,"Luar Negeri"
"1 "," 90101025 ","SEKOLAH SI TOKYO TINGKAT SMA ","SEKOLAH INDONESIA TOKYO NO. 4-6-6, MEGURO MEGURO-KU, TOKYO 153-0063 ","MEGURO-KU ","NEGERI ",SMA,Tokyo,Japan,"Luar Negeri"
"1 "," 90101004 ","SEKOLAH SI CAIRO TINGKAT SD ","63 MOSADDAK, DOKKI ","CAIRO ","NEGERI ",SD,Cairo,Mesir,"Luar Negeri"
"1 "," 90101005 ","SEKOLAH SI CAIRO TINGKAT SMP ","63 MUSADDAK STR. DOKKI , PO. BOX 1661, CAIRO-EGYPT ","CAIRO ","NEGERI ",SMP,Cairo,Mesir,"Luar Negeri"
"1 "," 90101006 ","SEKOLAH SI CAIRO TINGKAT SMA ","63 MUSADDAK STR. DOKKI , PO. BOX 1661, CAIRO-EGYPT ","CAIRO ","NEGERI ",SMA,Cairo,Mesir,"Luar Negeri"
"1 "," 90101017 ","SEKOLAH SI KUALA LUMPUR TINGKAT SD ","LORONG TUN ISMAIL NO. 1 50480 KUALA LUMPUR, MALAYSIA ","KUALA LUMPUR ","SWASTA ",SD,"Kuala Lumpur",Malaysia,"Luar Negeri"
"1 "," 90101018 ","SEKOLAH SI KUALA LUMPUR TINGKAT SMP ","LORONG TUN ISMAIL NO. 1 50480 KUALA LUMPUR, MALAYSIA ","KUALA LUMPUR ","SWASTA ",SMP,"Kuala Lumpur",Malaysia,"Luar Negeri"
"1 "," 90101019 ","SEKOLAH SI KUALA LUMPUR TINGKAT SMA ","NO. 1 LORONG TUN ISMAIL 50480, KUALA LUMPUR, MALAYSIA ","KUALA LUMPUR ","SWASTA ",SMA,"Kuala Lumpur",Malaysia,"Luar Negeri"
"1 "," 9LN01013 ","CLC  KEMAJUAN INSAN INANAM ","- ","KINABALU ","SWASTA ",SD,"Kota Kinabalu",Malaysia,"Luar Negeri"
"2 "," 69972020 ","CLC ARUNAMARI ","ARUNAMARI ESTATE SDN. BHD.BQ 4064 MAIL BAG NO 8 90000 SANDAKAN, SABAH ","KINABALU ","NEGERI ",SD,"Kota Kinabalu",Malaysia,"Luar Negeri"
"3 "," 69972021 ","CLC BUKIT SEGAMAHA ","BOUSTEAD RIMBA NILAI SDN.BHD. LADANG BUKIT SEGAMAHA,  P.O.BOX 60496, 91114, KINA ","KINABALU ","NEGERI ",SD,"Kota Kinabalu",Malaysia,"Luar Negeri"
"4 "," 69971981 ","CLC CAHAYA TAGAS ","TAGAS TUARAN ","KINABALU ","SWASTA ",SD,"Kota Kinabalu",Malaysia,"Luar Negeri"
"5 "," 9LN01014 ","CLC CERDAS ","KINIBALU ","KINABALU ","NEGERI ",SD,"Kota Kinabalu",Malaysia,"Luar Negeri"
"6 "," 69972023 ","CLC DUTA ","LADANG SG. SAPA PAYAU, SANDAKAN ","KINABALU ","SWASTA ",SD,"Kota Kinabalu",Malaysia,"Luar Negeri"
"7 "," 69972016 ","CLC GRACE CENTRE ","JALAN TULANGIS 89500 ","PENAMPANG ","NEGERI ",SD,"Kota Kinabalu",Malaysia,"Luar Negeri"
"8 "," 9LN01012 ","CLC HANIM  ","HANIM KOTA KINABALU ","KINABALU ","NEGERI ",SD,"Kota Kinabalu",Malaysia,"Luar Negeri"
"9 "," 69971941 ","CLC KIM LOONG ","KG.LUANGMANIS BATU 50 ","LUANG MANIS ESTATE ","NEGERI ",SD,"Kota Kinabalu",Malaysia,"Luar Negeri"
"10 "," 69971967 ","CLC KRETAM SAPAGAYA ","JL.SUKAU LADANG SAPAGAYA ESTATE KINABATANGAN ","KINABALU ","SWASTA ",SD,"Kota Kinabalu",Malaysia,"Luar Negeri"
"11 "," 69971982 ","CLC KUARI 3 GUMGUM ","JL. BATU 16, KUARI 3 GUM-GUM ","KINABALU ","NEGERI ",SD,"Kota Kinabalu",Malaysia,"Luar Negeri"
"12 "," 69972018 ","CLC LADANG SUTERA ","BOUSTEAD PLANTATIONS BERHAD, SANDAKAN ","KINABALU ","NEGERI ",SD,"Kota Kinabalu",Malaysia,"Luar Negeri"
"13 "," 69981512 ","CLC SD FGV SAHABAT ","KOMPLEKS FELDA, LAHAD DATU, 91100 ","LAHAD DATU ","NEGERI ",SD,"Kota Kinabalu",Malaysia,"Luar Negeri"
"14 "," 69972004 ","CLC SD SUNGAI MENANGGOL ","JL. SUAN LAMBA, LADANG SUNGAI MENANGGOL ","SUNGAI MENANGGOL ESTATE ","NEGERI ",SD,"Kota Kinabalu",Malaysia,"Luar Negeri"
"15 "," 69972019 ","CLC TIMORA ","JL. JEROCO BT 13 LAHAD DATU, TIMORA ESTATE SCHOOL LOCKED BAG NO. 1791109 ","LAHAD DATU ","NEGERI ",SD,"Kota Kinabalu",Malaysia,"Luar Negeri"
"16 "," 90101049 ","SEKOLAH INDONESIA KOTA KINABALU TINGKAT SD ","JALAN 3B NO 6 KKIP SELATAN DUA 88460 KOTA KINABALU,SABAH MALAYSIA ","KINABALU ","NEGERI ",SD,"Kota Kinabalu",Malaysia,"Luar Negeri"
"1 "," 9LN01114 ","CLC KL KEPONG ","- ","KINABALU ","NEGERI ",SMP,"Kota Kinabalu",Malaysia,"Luar Negeri"
"2 "," 9LN01110 ","CLC PEGAGAU ","- ","KINABALU ","NEGERI ",SMP,"Kota Kinabalu",Malaysia,"Luar Negeri"
"3 "," 9LN01092 ","CLC PERMODALAN  ","- ","KINABALU ","NEGERI ",SMP,"Kota Kinabalu",Malaysia,"Luar Negeri"
"4 "," 9LN01108 ","CLC PONTIAN HILLCO ","LADANG HILLCO PETI SURAT 60525, 91114 LAHAD DATU ","LAHAD DATU ","SWASTA ",SMP,"Kota Kinabalu",Malaysia,"Luar Negeri"
"5 "," 69972047 ","CLC SMPT PAHANG 2 ","LADANG PAHANG OIL PALM ESTATE DIV 2. 90200. KINABATANGAN, SABAH, MALAYSIA  ","KINABALU ","SWASTA ",SMP,"Kota Kinabalu",Malaysia,"Luar Negeri"
"6 "," 9LN01098 ","CLC SUNGAI BALUNG ","LADANG SUNGAI BALUNG ESTATE-TAWAU ","SUNGAI BALUNG ","NEGERI ",SMP,"Kota Kinabalu",Malaysia,"Luar Negeri"
"7 "," 9LN01100 ","LC  JELETA BUMI ","- ","KINABALU ","NEGERI ",SMP,"Kota Kinabalu",Malaysia,"Luar Negeri"
"8 "," 9LN01107 ","LC  SUNGAI MENANGGOL ","SABAH, MALAYSIA ","SUNGAI MENANGGOL ESTATE ","NEGERI ",SMP,"Kota Kinabalu",Malaysia,"Luar Negeri"
"9 "," 9LN01116 ","LC BALUNG RIVER ","BALUNG RIVER ECO RESORT, TAWAU, MALAYSIA ","KINABALU ","NEGERI ",SMP,"Kota Kinabalu",Malaysia,"Luar Negeri"
"10 "," 9LN01093 ","LC BATU RONG, KUNAK-TAWAU ","- ","KINABALU ","NEGERI ",SMP,"Kota Kinabalu",Malaysia,"Luar Negeri"
"11 "," 9LN01106 ","LC BOMBALAI ","SIME DARBY, LADANG IMAM BOMBALAI 91007, TAWAU ","BOMBALAI ","NEGERI ",SMP,"Kota Kinabalu",Malaysia,"Luar Negeri"
"12 "," 9LN01094 ","LC BORNEO SAMUDERA, LAHADATU ","- ","SANDAU ","NEGERI ",SMP,"Kota Kinabalu",Malaysia,"Luar Negeri"
"13 "," 9LN01099 ","LC GAMORE ","MAYVIN 5 ESTATE ","MAYVIN 5 ESTATE ","NEGERI ",SMP,"Kota Kinabalu",Malaysia,"Luar Negeri"
"14 "," 9LN01109 ","LC GENTING MEWAH ","GENTING MEWAH ESTATE, KINABATANGAN, SABAH, MALAYSIA ","GENTING MEWAH ESTATE ","NEGERI ",SMP,"Kota Kinabalu",Malaysia,"Luar Negeri"
"15 "," 9LN01095 ","LC GENTING SUAN LAMBA ","- ","KINABALU ","NEGERI ",SMP,"Kota Kinabalu",Malaysia,"Luar Negeri"
"16 "," 9LN01120 ","LC GENTING TANJUNG ","SIMP.JEROCO, GENTING TANJUNG, KINABATANGAN ","GENTING TANJUNG ESTATE ","SWASTA ",SMP,"Kota Kinabalu",Malaysia,"Luar Negeri"
"17 "," 9LN01113 ","LC JEROCO ","- ","KINABALU ","NEGERI ",SMP,"Kota Kinabalu",Malaysia,"Luar Negeri"
"18 "," 9LN01084 ","LC KENINGAU ","- ","KINABALU ","SWASTA ",SMP,"Kota Kinabalu",Malaysia,"Luar Negeri"
"19 "," 9LN01118 ","LC KERTAM KALABAKAN (TAWAU) ","KALABAKAN ","KINABALU ","SWASTA ",SMP,"Kota Kinabalu",Malaysia,"Luar Negeri"
"20 "," 9LN01083 ","LC KOTA KINABALU ","KOTA KINABALU, SABAH, MALAYSIA ","KINABALU ","NEGERI ",SMP,"Kota Kinabalu",Malaysia,"Luar Negeri"
"21 "," 9LN01090 ","LC LADANG SAPI, SANDAKAN ","SAPI PLANTATION, SAPI ESTATE, LOCKED BAG 34, 90009, SANDAKAN, SABAH, MALAYSIA ","SAPIDUA ","SWASTA ",SMP,"Kota Kinabalu",Malaysia,"Luar Negeri"
"22 "," 9LN01115 ","LC LUANG MANIS ","- ","LUANG MANIS ESTATE ","NEGERI ",SMP,"Kota Kinabalu",Malaysia,"Luar Negeri"
"23 "," 9LN01119 ","LC LUMADAN BEUFORT ","LUMADAN BEAUFORT ","KINABALU ","SWASTA ",SMP,"Kota Kinabalu",Malaysia,"Luar Negeri"
"24 "," 9LN01097 ","LC MELANGKING  ","MELANGKING MOP A SUKAU KINABATANGAN SABAH MALAYSIA ","MELANGKING ","NEGERI ",SMP,"Kota Kinabalu",Malaysia,"Luar Negeri"
"25 "," 9LN01089 ","LC MEROTAI, TAWAU ","LADANG SIME DARBY PLANTATION, MEROTAI KECIL, TAWAU ","KINABALU ","NEGERI ",SMP,"Kota Kinabalu",Malaysia,"Luar Negeri"
"26 "," 9LN01088 ","LC MOSTYN, TAWAU ","LADANG MOSTYN, JLN. KUNAK TAWAU KM 7,SABAH  ","MOSTYN ","NEGERI ",SMP,"Kota Kinabalu",Malaysia,"Luar Negeri"
"27 "," 9LN01103 ","LC NABAWAN ","JALAN TAWAU BATU 50 SINJAYA ","KINABALU ","SWASTA ",SMP,"Kota Kinabalu",Malaysia,"Luar Negeri"
"28 "," 9LN01096 ","LC PAMOL SANDAKAN ","PAMOL-TELUPID. SANDAKAN ","APAS BALUNG ","NEGERI ",SMP,"Kota Kinabalu",Malaysia,"Luar Negeri"
"29 "," 9LN01091 ","LC PONTIAN FICO (ASIA OIL PALM) ","PONTIAN FICO ESTATE ","KINABALU ","SWASTA ",SMP,"Kota Kinabalu",Malaysia,"Luar Negeri"
"30 "," 9LN01111 ","LC PROLIFIC ","- ","KINABALU ","NEGERI ",SMP,"Kota Kinabalu",Malaysia,"Luar Negeri"
"31 "," 9LN01085 ","LC RIBU BONUS ","RIBUBONUS ESTATE PH. 4 TELUPID SANDAKAN ","KINABALU ","NEGERI ",SMP,"Kota Kinabalu",Malaysia,"Luar Negeri"
"32 "," 9LN01086 ","LC SABAH MAS LAHADATU ","- ","SABAH MAS ESTATE ","NEGERI ",SMP,"Kota Kinabalu",Malaysia,"Luar Negeri"
"33 "," 9LN01117 ","LC SEGARIA ","JALAN KUNAK - SEMPORNA KM 30 BOUSTEAD PANTATIONS LADANG SEGARIA ","SEGARIA ","NEGERI ",SMP,"Kota Kinabalu",Malaysia,"Luar Negeri"
"34 "," 9LN01105 ","LC SYARIMO ","AGROPLEX (SABAH) SDN BHD  ","SYARIMO ESTATE ","NEGERI ",SMP,"Kota Kinabalu",Malaysia,"Luar Negeri"
"35 "," 9LN01104 ","LC TERUSAN 2 ","- ","KINABALU ","NEGERI ",SMP,"Kota Kinabalu",Malaysia,"Luar Negeri"
"36 "," 9LN01087 ","LC TOMANGGONG, KINABATANGAN ","KINABATANGAN ","KINABALU ","NEGERI ",SMP,"Kota Kinabalu",Malaysia,"Luar Negeri"
"37 "," 90101050 ","SEKOLAH INDONESIA KOTA KINABALU TINGKAT SMP ","JALAN 3B NO 6 KKIP SELATAN DUA KOTA KINABALU SABAH, MALAYSIA 88460 ","KINABALU ","NEGERI ",SMP,"Kota Kinabalu",Malaysia,"Luar Negeri"
"1 "," 90101053 ","SEKOLAH INDONESIA KOTA KINABALU TINGKAT SMA ","JALAN 3B NO 6 KKIP SELATAN DUA KOTA KINABALU SABAH, MALAYSIA 88460 ","KINABALU ","NEGERI ",SMA,"Kota Kinabalu",Malaysia,"Luar Negeri"
"1 "," 69973923 ","SEKOLAH INDONESIA KOTA KINABALU TINGKAT SMK ","JALAN 3B NO 6 KKIP SELATAN DUA 88460 KOTA KINABALU,SABAH MALAYSIA ","KINABALU ","NEGERI ",SMK,"Kota Kinabalu",Malaysia,"Luar Negeri"
"1 "," 9LN01154 ","CLC BHINEKA TUNGGAL IKA ","JL. BALAI POLIS, PEKAN KUNDASANG, KG GIMAN, KUNDASANG, RANAU, SABAH, MALAYSIA ","KINASARABAN ","NEGERI ",SD,Kundasang,Malaysia,"Luar Negeri"
"2 "," 9LN01015 ","CLC CINTA MATA ","KINASARABAN ","KINASARABAN ","NEGERI ",SD,Kundasang,Malaysia,"Luar Negeri"
"3 "," 9LN01016 ","CLC RUMAH AGAPE ","- ","KINASARABAN ","SWASTA ",SD,Kundasang,Malaysia,"Luar Negeri"
"4 "," 9LN01138 ","CLC SD CEMPAKA ","JALAN MESILAU BALAI RAYA KAMPONG CINTAMATA KUNDASANG ","KINASARABAN ","SWASTA ",SD,Kundasang,Malaysia,"Luar Negeri"
"5 "," 9LN01017 ","CLC ST.THOMAS ","KINASARABAN ","KINASARABAN ","NEGERI ",SD,Kundasang,Malaysia,"Luar Negeri"
"1 "," 9LN01020 ","CLC SERAT BANGSA LADANG KIMANIS ","LADANG KIMANIS ","MENDUGI ","NEGERI ",SD,Papar,Malaysia,"Luar Negeri"
"2 "," 9LN01019 ","CLC TUNAS HARAPAN BANGSA  ","MENDUGI ","MENDUGI ","SWASTA ",SD,Papar,Malaysia,"Luar Negeri"
"1 "," 9LN01023 ","CLC BUDI LUHUR 1 BIAH ","BONGAWAN ","BONGAWAN ","NEGERI ",SD,Keningau,Malaysia,"Luar Negeri"
"2 "," 9LN01024 ","CLC BUDI LUHUR 2 ASBON ","BONGAWAN ","BONGAWAN ","SWASTA ",SD,Keningau,Malaysia,"Luar Negeri"
"3 "," 9LN01025 ","CLC BUDI LUHUR BINGKOR ","BINGKOR ","BONGAWAN ","NEGERI ",SD,Keningau,Malaysia,"Luar Negeri"
"4 "," 9LN01041 ","CLC GOOD SAMARITAN ","JALAN MASAK BATU 1 D/A BCCM BM P.O.BOX 60,89007 KENINGAU TEL : +60148512005 ","SETIA KENINGAU ","NEGERI ",SD,Keningau,Malaysia,"Luar Negeri"
"5 "," 9LN01030 ","CLC ILHAM INASA ","JALAN KENINGAU-TAWAU BATU 28 SOOK ","PASIR PUTIH ","NEGERI ",SD,Keningau,Malaysia,"Luar Negeri"
"6 "," 9LN01026 ","CLC JAVA ETANIA MATAKANA ","BATU 5 JALAN  NABAWAN KENINGAU ","KENINGAU ","NEGERI ",SD,Keningau,Malaysia,"Luar Negeri"
"7 "," 9LN01027 ","CLC PASIR PUTIH ","- ","KENINGAU ","SWASTA ",SD,Keningau,Malaysia,"Luar Negeri"
"8 "," 9LN01021 ","CLC SERAT BANGSA LADANG BONGAWAN ","BONGAWAN ","BONGAWAN ","SWASTA ",SD,Keningau,Malaysia,"Luar Negeri"
"9 "," 9LN01022 ","CLC SERAT BANGSA MAWAU ","MAWAU ","BONGAWAN ","NEGERI ",SD,Keningau,Malaysia,"Luar Negeri"
"10 "," 9LN01028 ","CLC SLDB DALIT ","DALIT KENINGAU ","BONGAWAN ","NEGERI ",SD,Keningau,Malaysia,"Luar Negeri"
"11 "," 9LN01029 ","CLC SLDB INANDUNG ","- ","INANDUNG KENINGAU ","NEGERI ",SD,Keningau,Malaysia,"Luar Negeri"
"1 "," 9LN01037 ","CLC MATAKANA ","JALAN PADAS NO.5 89807 BEAUFORT, SABAH, MALAYSIA. ","BEAUFORT ","SWASTA ",SD,Nabawan,Malaysia,"Luar Negeri"
"2 "," 9LN01031 ","CLC UNITED MALACCA 1o0o2 ","LADANG UNITED MALACCA BHD, BATU 38, NABAWAN ","NABAWAN ","NEGERI ",SD,Nabawan,Malaysia,"Luar Negeri"
"3 "," 9LN01032 ","CLC UNITED MALACCA 3o0o4 ","BEAFORT ","BEAUFORT ","NEGERI ",SD,Nabawan,Malaysia,"Luar Negeri"
"1 "," 9LN01036 ","CLC 25 LADANG CEPAT - KPD ","- ","KAMPUNG LINGKUNGAN ","NEGERI ",SD,Beaufort,Malaysia,"Luar Negeri"
"2 "," 9LN01035 ","CLC LADANG LUMADAN ","LUMADAN ","KAMPUNG LINGKUNGAN ","NEGERI ",SD,Beaufort,Malaysia,"Luar Negeri"
"3 "," 9LN01034 ","CLC ST.FRANSISKO YASINTA ","KAMPUNG LIKUNGAN ","KAMPUNG LINGKUNGAN ","SWASTA ",SD,Beaufort,Malaysia,"Luar Negeri"
"1 "," 9LN01038 ","CLC TENOM ","BARU JUMPA ","BARU JUMPA ","SWASTA ",SD,Tenom,Malaysia,"Luar Negeri"
"1 "," 9LN01040 ","CLC GAMBEN ","MASAPOL ","MASAPOL ","NEGERI ",SD,"Masapol Sipitang",Malaysia,"Luar Negeri"
"2 "," 9LN01039 ","CLC NUSA BANGSA ","MASAPOL ","MASAPOL ","NEGERI ",SD,"Masapol Sipitang",Malaysia,"Luar Negeri"
"1 "," 9LN01042 ","CLC SERAT BANGSA LADANG LANGKON ","MARUDU ","MARUDU ","NEGERI ",SD,Kudat,Malaysia,"Luar Negeri"
"1 "," 9LN01051 ","CLC  LADANG ABEDON KRETAM ","KRETAM ","KRETAM ","SWASTA ",SD,Sandakan,Malaysia,"Luar Negeri"
"2 "," 9LN01043 ","CLC ARUS SAWIT ","- ","BATU 8 ","SWASTA ",SD,Sandakan,Malaysia,"Luar Negeri"
"3 "," 9LN01050 ","CLC FELCRA ESTET PERTAMA ","BATU 8 ","BATU 8 ","NEGERI ",SD,Sandakan,Malaysia,"Luar Negeri"
"4 "," 9LN01054 ","CLC KAMPUNG MELAYU SULAIMAN ","- ","BATU 8 ","NEGERI ",SD,Sandakan,Malaysia,"Luar Negeri"
"5 "," 9LN01056 ","CLC LADANG ANDAMY  ","JALAN SAPI NANGOH ","SANDAKAN ","NEGERI ",SD,Sandakan,Malaysia,"Luar Negeri"
"6 "," 9LN01055 ","CLC LADANG KARANGAN ESTATE ","KARANGAN ESTATE ","BATU 8 ","NEGERI ",SD,Sandakan,Malaysia,"Luar Negeri"
"7 "," 9LN01045 ","CLC LADANG MASANG ","LIPONG ESTATE, KRETAM, SANDAKAN, SABAH - MALAYSIA ","KRETAM ","NEGERI ",SD,Sandakan,Malaysia,"Luar Negeri"
"8 "," 9LN01044 ","CLC MONSOK PALM OIL MILL ","- ","SAPI NANGOH ","NEGERI ",SD,Sandakan,Malaysia,"Luar Negeri"
"9 "," 9LN01155 ","CLC NUSANTARA ","BATU 17, JALAN PAYON, SANDAKAN, SABAH, MALAYSIA ","SANDAKAN ","NEGERI ",SD,Sandakan,Malaysia,"Luar Negeri"
"10 "," 9LN01046 ","CLC PAHANG 2 ","BATU 8 ","BATU 8 ","NEGERI ",SD,Sandakan,Malaysia,"Luar Negeri"
"11 "," 69981913 ","CLC SD LADANG NAK BOUSTEAD ","LADANG NAK BOUSTEAD SUNGAI API BATU 17 SANDAKAN. 90000 ","SANDAKAN ","NEGERI ",SD,Sandakan,Malaysia,"Luar Negeri"
"12 "," 9LN01048 ","CLC SERAT BANGSA GOMANTONG ","GOMANTONG ","BATU 8 ","SWASTA ",SD,Sandakan,Malaysia,"Luar Negeri"
"13 "," 9LN01049 ","CLC SERAT BANGSA TONGOD ","TONGOD ","SAPI NANGOH ","NEGERI ",SD,Sandakan,Malaysia,"Luar Negeri"
"14 "," 9LN01053 ","CLC SRI LIKAS MEWAH ","SRI LIKAS MEWAH ESTATE, KM 19 SUKAU, 20710, KINABATANGAN, SABAH, MALAYSIA ","KINABATANGAN ","NEGERI ",SD,Sandakan,Malaysia,"Luar Negeri"
"1 "," 9LN01068 ","CLC 34 LADANG SUNGAI KAWA ","- ","COCOA INTAN ","NEGERI ",SD,Tawau,Malaysia,"Luar Negeri"
"2 "," 9LN01071 ","CLC AL ALAQ ","BANDAR SRI INDAH BATU 10 ","TAWAU ","NEGERI ",SD,Tawau,Malaysia,"Luar Negeri"
"3 "," 69972046 ","CLC AUMKAR ","AUMKAR PLANTATIONS.SDN.BHD, KALUMPANG, TAWAU, SABAH, MALAYSIA, 91009 ","TAWAU ","NEGERI ",SD,Tawau,Malaysia,"Luar Negeri"
"4 "," 9LN01066 ","CLC HIDAYATULLAH SEGARIA ","- ","COCOA INTAN ","NEGERI ",SD,Tawau,Malaysia,"Luar Negeri"
"5 "," 9LN01070 ","CLC HOLY TRINITY ","JALAN MELATI, OFF MILE 1 1/2 JALAN KUHARA, P.O. BOX 21, 91007 TAWAU, SABAH. ","TAWAU ","NEGERI ",SD,Tawau,Malaysia,"Luar Negeri"
"6 "," 9LN01064 ","CLC KOKOH INTAN ","LADANG COCOA INTAN, KUNAK 91207, SABAH, MALAYSIA ","COCOA INTAN ","NEGERI ",SD,Tawau,Malaysia,"Luar Negeri"
"7 "," 9LN01059 ","CLC LAMSOON ","COCOA INTAN ","COCOA INTAN ","NEGERI ",SD,Tawau,Malaysia,"Luar Negeri"
"8 "," 9LN01079 ","CLC LEMBAH DANUM ","COCOA INTAN ","COCOA INTAN ","NEGERI ",SD,Tawau,Malaysia,"Luar Negeri"
"9 "," 69981516 ","CLC SD BAMBU KUNING ","JALAN SIN ONN, BATU 5, TAWAU ","TAWAU ","NEGERI ",SD,Tawau,Malaysia,"Luar Negeri"
"10 "," 69981514 ","CLC SD BUKIT TAJAM ","LADANG BUKIT TAJAM, KEMABONG,SDN, BHD. ","TAWAU ","NEGERI ",SD,Tawau,Malaysia,"Luar Negeri"
"11 "," 69981513 ","CLC SD INDRA SABAH ","JL. LORONG KIJANG 1, KAMPUNG INDRASABAH ","TAWAU ","NEGERI ",SD,Tawau,Malaysia,"Luar Negeri"
"12 "," 9LN01069 ","CLC SD PUTERA BANGSA ","LADANG BATU 60 LORONG 2 JALAN KUNAK-TAWAU ","COCOA INTAN ","NEGERI ",SD,Tawau,Malaysia,"Luar Negeri"
"13 "," 69981515 ","CLC SD SUNGAI TINGKAYU YUWANG ","LADANG SUNGAI TINGKAYU, YUWANG ESTATE. 91207. ","KUNAK ","NEGERI ",SD,Tawau,Malaysia,"Luar Negeri"
"14 "," 9LN01078 ","CLC SERAT BANGSA BONGALIO ","BONGALIO ","COCOA INTAN ","NEGERI ",SD,Tawau,Malaysia,"Luar Negeri"
"15 "," 9LN01065 ","CLC SERAT BANGSA LADANG BAGAHAK ","LADANG BAGAHAK ","COCOA INTAN ","SWASTA ",SD,Tawau,Malaysia,"Luar Negeri"
"16 "," 9LN01062 ","CLC SERAT BANGSA LADANG SEBRANG ","LADANG SEBRANG ","TAWAU ","SWASTA ",SD,Tawau,Malaysia,"Luar Negeri"
"17 "," 9LN01073 ","CLC SERTA BANGSA KALABAKAN ","- ","COCOA INTAN ","SWASTA ",SD,Tawau,Malaysia,"Luar Negeri"
"18 "," 9LN01127 ","CLC SILIM 2 ","ESTATE SILIMPOPON, KALABAKAN 91033 TAWAU, SAHAH MALAYSIA ","TAWAU ","SWASTA ",SD,Tawau,Malaysia,"Luar Negeri"
"19 "," 9LN01067 ","CLC SLDB APAS BALUNG ","JL.BUKIT QUOIN BT 17 APAS BALUNG TAWAU ","KAMPUNG BATU 17 ","NEGERI ",SD,Tawau,Malaysia,"Luar Negeri"
"20 "," 9LN01060 ","CLC SLDB LITANG ","JL. JEROCO ","LAHAD DATU ","SWASTA ",SD,Tawau,Malaysia,"Luar Negeri"
"21 "," 9LN01072 ","CLC TECK GUAN ","-KG 900 DIV 2,PULAU SEBATIK ","TAWAU ","NEGERI ",SD,Tawau,Malaysia,"Luar Negeri"
"22 "," 9LN01081 ","CLC TUNAS PERWIRA ","COCOA INTAN ","COCOA INTAN ","SWASTA ",SD,Tawau,Malaysia,"Luar Negeri"
"1 "," 9LN01164 ","CLC HOLY TRINITY ","JALAN MELATI-KUHARA BATU 1,5, 91000, TAWAU ","TAWAU ","NEGERI ",SMP,Tawau,Malaysia,"Luar Negeri"
"2 "," 69981517 ","CLC SMP FGV SAHABAT ","KOMPLEKS FELDA, LAHAD DATU, 91100 ","LAHAD DATU ","NEGERI ",SMP,Tawau,Malaysia,"Luar Negeri"
"3 "," 9LN01112 ","LC  LITANG ","JALAN JEROCO ","LAHAD DATU ","NEGERI ",SMP,Tawau,Malaysia,"Luar Negeri"
"1 "," 9LN01141 ","CLC 58, SOOK OIL PALM ","JLN. SOOK-TULID, KENINGAU, SABAH-MALAYSIA ","KUNAK ","NEGERI ",SD,Sabah,Malaysia,"Luar Negeri"
"2 "," 9LN01135 ","CLC ARUS SAWIT 2 ","ESTATE ARUS SAWIT SDN. BHD, KM46-56 JALAN SAPI NANGOH ","KUNAK ","SWASTA ",SD,Sabah,Malaysia,"Luar Negeri"
"3 "," 9LN01128 ","CLC BENTA BELIAN ","LADANG BELIAN, BENTA WAWASAN SDN. BHD. KALABAKAN ","LAHAD DATU ","SWASTA ",SD,Sabah,Malaysia,"Luar Negeri"
"4 "," 9LN01136 ","CLC BIMA SAKTI BALUNG RIVER ","JALAN APAS BALUNG, BATU 30, LOOKED BAG 91009  ","KUNAK ","NEGERI ",SD,Sabah,Malaysia,"Luar Negeri"
"5 "," 9LN01018 ","CLC KOTA BELUD ","KOTA BELUD ","SABAH ","NEGERI ",SD,Sabah,Malaysia,"Luar Negeri"
"6 "," 9LN01129 ","CLC KRETAM SILIMPOPON ","KRETAM HOLDINGS BERHAD (KHB), LOT 6 BLOK 44 LEBOH TIGA, 90714 ","KUNAK ","NEGERI ",SD,Sabah,Malaysia,"Luar Negeri"
"7 "," 9LN01131 ","CLC LACAK FEDELITY ","KM 85, JLN KALABAKAN, KG BRANTIAN, JAB PERHUTANAN ","KUNAK ","SWASTA ",SD,Sabah,Malaysia,"Luar Negeri"
"8 "," 9LN01137 ","CLC LADANG ONG YAH HO ","ONG YAH HO ESTATE, KINABATANGAN, SABAH ","KUNAK ","NEGERI ",SD,Sabah,Malaysia,"Luar Negeri"
"9 "," 9LN01140 ","CLC LADANG RESORT  ","LADANG RESORT LOOKED BAG. NO. 69 KM 100 JALAN TELUPID ","TELUPID ","NEGERI ",SD,Sabah,Malaysia,"Luar Negeri"
"10 "," 9LN01126 ","CLC LADANG TAMACO ","JLN. JEROCO.BT. 13, LADANG TAMACO, DIV 7. LAHAD DATU ","LAHAD DATU ","SWASTA ",SD,Sabah,Malaysia,"Luar Negeri"
"11 "," 9LN01130 ","CLC PELITA BANGSA LKSK ","JALAN APAS BANGUNAN TSH, TB 9, KM 7, 91000 ","KUNAK ","NEGERI ",SD,Sabah,Malaysia,"Luar Negeri"
"12 "," 9LN01124 ","CLC PERDANA TELUPID ","TELUPID, 89100 BELURAN, SABAH, MALAYSIA ","KUNAK ","SWASTA ",SD,Sabah,Malaysia,"Luar Negeri"
"13 "," 9LN01134 ","CLC SABAH TEA ","KG. NALAPAK, JALAN RANAU-SANDAKAN ","KUNAK ","NEGERI ",SD,Sabah,Malaysia,"Luar Negeri"
"14 "," 9LN01142 ","CLC SD DALIT OIL PALM MILL (DOP) ","ESTATE DALIT OIL PALMS, APL KAMPUNG DALIT KENINGAU ","KUNAK ","NEGERI ",SD,Sabah,Malaysia,"Luar Negeri"
"15 "," 9LN01139 ","CLC SD WINSOME ","LADANG YUWANG KP.KALABAKAN. SABAH ","KUNAK ","SWASTA ",SD,Sabah,Malaysia,"Luar Negeri"
"16 "," 9LN01125 ","CLC SERAT BANGSA PITAS ","LADANG PITAS, 89100 KOTA MARUDU, SABAH ","KUNAK ","NEGERI ",SD,Sabah,Malaysia,"Luar Negeri"
"17 "," 9LN01133 ","CLC ST. JOSEPH PAPAR  ","CLC ST. JOSEPH PAPAR P. O BOX 1, 89600 ","KUNAK ","SWASTA ",SD,Sabah,Malaysia,"Luar Negeri"
"18 "," 9LN01132 ","CLC TAMACO CENTER ","JLN. JEROCO.BT. 13, LADANG TAMACO, DIV 1o0o2 ","KUNAK ","NEGERI ",SD,Sabah,Malaysia,"Luar Negeri"
"1 "," 9LN01156 ","CLC GIRAM ","GIRAM ESTATE, SIME DARBY PLANTATION ","KUNAK ","NEGERI ",SMP,Sabah,Malaysia,"Luar Negeri"
"2 "," 9LN01161 ","CLC KENINGAU BINGKOR  ","JLN KUANGO BINGKOR KENINGAU ","KUNAK ","NEGERI ",SMP,Sabah,Malaysia,"Luar Negeri"
"3 "," 9LN01158 ","CLC KERTAM SEPAGAYA ","SANDAKAN, SABAH, MALAYSIA ","KUNAK ","NEGERI ",SMP,Sabah,Malaysia,"Luar Negeri"
"4 "," 9LN01162 ","CLC KUNDASANG ","JALAN KUNDASANG, 89300 KUNDASANG ","KUNAK ","SWASTA ",SMP,Sabah,Malaysia,"Luar Negeri"
"5 "," 9LN01163 ","CLC LEMBAH DANUM ","FELCRA BERHAD ESTET DANUM KM.15 JALAN SILAM ","KUNAK ","SWASTA ",SMP,Sabah,Malaysia,"Luar Negeri"
"6 "," 9LN01157 ","CLC PERMAI ","LADANG PERMAI, 91117 LAHAD DATU ","LAHAD DATU ","NEGERI ",SMP,Sabah,Malaysia,"Luar Negeri"
"1 "," 9LN01147 ","CLC AL-HIJRAH LADANG MUTIARA ","MUTIARA ESTATE, KM 50, MIRI  BINTULU ROAD, 98000 MIRI ","MIRI ","SWASTA ",SD,Serawak,Malaysia,"Luar Negeri"
"2 "," 9LN01152 ","CLC LADANG 3 SPAD ","LADANG TIGA, 98200 MIRI, SARAWAK, MALAYSIA ","MIRI ","SWASTA ",SD,Serawak,Malaysia,"Luar Negeri"
"3 "," 9LN01145 ","CLC LADANG GALASAH ","GALASAH ESTATE, KM 120, MIRI  BINTULU ROAD, MIRI SARAWAK ","MIRI ","NEGERI ",SD,Serawak,Malaysia,"Luar Negeri"
"4 "," 69972045 ","CLC LADANG LADONG ","KUMPULAN KRIS JATI SDNBHD,LADANG LADONG,94800 ","MIRI ","SWASTA ",SD,Serawak,Malaysia,"Luar Negeri"
"5 "," 9LN01153 ","CLC LADANG LAMBIR ","LAMBIR ESTATE, KM 41, MIRI  BINTULU ROAD, 98150 MIRI ","MIRI ","SWASTA ",SD,Serawak,Malaysia,"Luar Negeri"
"6 "," 9LN01149 ","CLC LADANG LAVANG SPECIAL ","JLN. BINTULU MIRI KM 72 97088 BINTULU-SARAWAK ","MIRI ","SWASTA ",SD,Serawak,Malaysia,"Luar Negeri"
"7 "," 69972024 ","CLC LADANG PEKAKA ","LADANG PEKAKA,KM 78 BINTULU SARAWAK 97008 ","MIRI ","NEGERI ",SD,Serawak,Malaysia,"Luar Negeri"
"8 "," 9LN01148 ","CLC LADANG PINANG ","PINANG ESTATE, KM 120, MIRI  BINTULU ROAD ","MIRI ","SWASTA ",SD,Serawak,Malaysia,"Luar Negeri"
"9 "," 9LN01143 ","CLC LADANG RAJAWALI ","JLN. BINTULU MIRI KM 52 97008 SARAWAK, MALAYSIA ","MIRI ","NEGERI ",SD,Serawak,Malaysia,"Luar Negeri"
"10 "," 9LN01146 ","CLC LADANG SUAI 2, TELABIT ","TELABIT ESTATE, KM 115, MIRI  BINTULU ROAD, PLUS FURTHER 9KM ","MIRI ","SWASTA ",SD,Serawak,Malaysia,"Luar Negeri"
"11 "," 9LN01150 ","CLC LADANG SUNGAI BALIM ","SG. BALIM ESTATE, NO. 124-126 JALAN BENDAHARA ","MIRI ","SWASTA ",SD,Serawak,Malaysia,"Luar Negeri"
"12 "," 69972030 ","CLC LADANG SUNGAI TRUS ","JL.KUALA NIAH KM.3 MIRI SERAWAK ","MIRI ","NEGERI ",SD,Serawak,Malaysia,"Luar Negeri"
"13 "," 69972044 ","CLC RINWOOD PELITA MUKAH ","RINWOOD PELITA (MUKAH) PLANTATION, SDN. BHD. 96400 ","MIRI ","SWASTA ",SD,Serawak,Malaysia,"Luar Negeri"
"14 "," 69972043 ","CLC SUNGAI KLAD ","LADING SUNGAI KLAD 98008 ","MIRI ","SWASTA ",SD,Serawak,Malaysia,"Luar Negeri"
"15 "," 9LN01151 ","CLC WILMAR SAREMAS ","LOT 4, BLOK 31 SAWAI LAND DISTRICT, ULU SUAI KM 105 ","MIRI ","SWASTA ",SD,Serawak,Malaysia,"Luar Negeri"
"16 "," 9LN01144 ","CLC WILMAR SEGARMAS ","SEGARMAS PLANTATION 18 KM OFF KM 115, BINTULU-MIRI ROAD 97008 ","MIRI ","NEGERI ",SD,Serawak,Malaysia,"Luar Negeri"
"1 "," 69962248 ","SEKOLAH SI JOHOR BAHRU (SIJB) TINGKAT SD ","NO 46 JALAN TAAT 80100 ","JOHOR BAHRU ","SWASTA ",SD,"Johor Bahru",Malaysia,"Luar Negeri"
"1 "," 69962249 ","SEKOLAH SI JOHOR BAHRU (SIJB) TINGKAT SMP ","NO 46 JALAN TAAT 80100 ","JOHOR BAHRU ","SWASTA ",SMP,"Johor Bahru",Malaysia,"Luar Negeri"
"1 "," 9LN01047 ","CLC FANTASI GENERASI ","SAWIT KINABALU GROUP LADANG SAPAGAYA 90200 KINABATANGAN ","PARIS 1 ","NEGERI ",SD,Kinabatangan,Malaysia,"Luar Negeri"
"2 "," 69984999 ","CLC SUNGAI SEGAMAHA ","CLC SUNGAI SEGAMAHA ","PARIS 1 ","NEGERI ",SD,Kinabatangan,Malaysia,"Luar Negeri"
"1 "," 90101029 ","SEKOLAH SI YANGON TINGKAT SD ","100, LOWER KYIMYINDINE ROAD, AHLONE YANGON, MYANMAR ","YANGON ","NEGERI ",SD,Yangon,Myanmar,"Luar Negeri"
"1 "," 90101030 ","SEKOLAH SI YANGON TINGKAT SMP ","100, LOWER KYIMYINDINE ROAD, AHLONE YANGON, MYANMAR ","YANGON ","NEGERI ",SMP,Yangon,Myanmar,"Luar Negeri"
"1 "," 90101031 ","SEKOLAH SI YANGON TINGKAT SMA ","100, LOWER KYIMYINDINE ROAD, AHLONE YANGON, MYANMAR ","YANGON ","NEGERI ",SMA,Yangon,Myanmar,"Luar Negeri"
"1 "," 90101032 ","SEKOLAH SI DAVAO TINGKAT SD ","KONSULAT JENDERAL RI ECOLAND SUBDIVISION, MATINA, DAVAO CITY PHILIPINA ","DAVAO CITY ","NEGERI ",SD,"Davao City",Filipina,"Luar Negeri"
"1 "," 9LN01102 ","LC LAENSASI (MINDANAO-FILIPINA) ","- ","- ","SWASTA ",SMP,"Davao City",Filipina,"Luar Negeri"
"2 "," 9LN01101 ","LC TUPI (MINDANAO-FILIPINA) ","- ","- ","SWASTA ",SMP,"Davao City",Filipina,"Luar Negeri"
"3 "," 90101033 ","SEKOLAH SI DAVAO TINGKAT SMP ","KONSULAT JENDERAL RI ECOLAND SUBDIVISION, MATINA, DAVAO CITY FILIPINA ","DAVAO CITY ","NEGERI ",SMP,"Davao City",Filipina,"Luar Negeri"
"1 "," 90101034 ","SEKOLAH SI DAVAO TINGKAT SMA ","KONSULAT JENDERAL RI ECOLAND SUBDIVISION, MATINA, DAVAO CITY PHILIPINA  ","DAVAO CITY ","NEGERI ",SMA,"Davao City",Filipina,"Luar Negeri"
"1 "," 90101035 ","SEKOLAH SI MOSCOW TINGKAT SD ","NOVOKUZNETSKAYA ULITSA 12 MOSKOW FEDERASI RUSIA ","- ","SWASTA ",SD,Moskow,Rusia,"Luar Negeri"
"1 "," 90101036 ","SEKOLAH SI MOSCOW TINGKAT SMP ","NOVOKUZNETSKAYA ULITSA 12 MOSKOW FEDERASI RUSIA ","- ","SWASTA ",SMP,Moskow,Rusia,"Luar Negeri"
"1 "," 90101037 ","SEKOLAH SI MOSCOW TINGKAT SMA ","NOVOKUZNETSKAYA ULITSA 12 MOSKOW FEDERASI RUSIA ","MOSKOW ","SWASTA ",SMA,Moskow,Rusia,"Luar Negeri"
"1 "," 90101007 ","SEKOLAH INDONESIA RIYADH TINGKAT SD ","7488 SUWAID IBN HUBAIRAH, UMM AL HAMAM AL GHARBI ","RIYADH ","NEGERI ",SD,Riyadh,"Arab Saudi","Luar Negeri"
"1 "," 90101008 ","SEKOLAH INDONESIA RIYADH TINGKAT SMP ","7488 SUWAID IBN HUBAIRAH, UMM AL HAMAM AL GHARBI ","RIYADH ","NEGERI ",SMP,Riyadh,"Arab Saudi","Luar Negeri"
"1 "," 90101009 ","SEKOLAH INDONESIA RIYADH TINGKAT SMA ","7488 SUWAID IBN HUBAIRAH, UMM AL HAMAM AL GHARBI ","RIYADH ","NEGERI ",SMA,Riyadh,"Arab Saudi","Luar Negeri"
"1 "," 90101014 ","SEKOLAH SI JEDDAH TINGKAT SD ","DISTRICT 7155, 5421 AZ ZILAQ, AR REHAB, JEDDAH 23343 ","JEDDAH ","NEGERI ",SD,Jeddah,"Arab Saudi","Luar Negeri"
"1 "," 90101015 ","SEKOLAH SI JEDDAH TINGKAT SMP ","DISTRICT 7155, 5421 AZ ZILAQ, AR REHAB, JEDDAH 23343, SAUDI ARABIA ","JEDDAH ","NEGERI ",SMP,Jeddah,"Arab Saudi","Luar Negeri"
"1 "," 90101016 ","SEKOLAH SI JEDDAH TINGKAT SMA ","ALI M. AL-HAMRANI ST. (299) NO. 33 PO. BOX. 10 JEDDAH 21411 SAUDI ARABIA ","JEDDAH ","NEGERI ",SMA,Jeddah,"Arab Saudi","Luar Negeri"
"1 "," 90101055 ","SEKOLAH INDONESIA MEKKAH TINGKAT SD ","HERA COMPLEKS, DISTRICT AL-GASSALAH JABAL NUR MAKKAH ","DISTRICT AL-GASSALAH ","NEGERI ",SD,Mekkah,"Arab Saudi","Luar Negeri"
"1 "," 90101056 ","SEKOLAH INDONESIA MEKKAH TINGKAT SMP ","HERA COMPLEX, DISTRICT AL-GASSALAH JABAL NUR MAKKAH ","DISTRICT AL-GASSALAH ","NEGERI ",SMP,Mekkah,"Arab Saudi","Luar Negeri"
"1 "," 90101190 ","SEKOLAH INDONESIA MEKKAH TINGKAT SMA ","HERA COMPLEX, DISTRICT AL-GASSALAH JABAL NUR MAKKAH ","DISTRICT AL-GASSALAH ","NEGERI ",SMA,Mekkah,"Arab Saudi","Luar Negeri"
"1 "," 90101020 ","SEKOLAH SI SINGAPURA TINGKAT SD ","SINGAPURA SIGLAP ROAD SINGAPORE 455859 ","SINGAPORE ","SWASTA ",SD,Singapura,Singapura,"Luar Negeri"
"1 "," 90101021 ","SEKOLAH SI SINGAPURA TINGKAT SMP ","SINGAPURA SIGLAP ROAD SINGAPORE 455859 ","SINGAPURA ","SWASTA ",SMP,Singapura,Singapura,"Luar Negeri"
"1 "," 90101022 ","SEKOLAH SI SINGAPURA TINGKAT SMA ","SINGAPURA SIGLAP ROAD SINGAPORE 455859  ","SINGAPURA ","SWASTA ",SMA,Singapura,Singapura,"Luar Negeri"
"1 "," 90101026 ","SEKOLAH SI BANGKOK TINGKAT SD ","INDONESIAN EMBASSY 600-602 PATCHBURI ROAD, BANGKOK 10400 ","PHAYATHAI ","NEGERI ",SD,Bangkok,Thailand,"Luar Negeri"
"1 "," 90101027 ","SEKOLAH SI BANGKOK TINGKAT SMP ","EMBASSY 600-602 PETCHBURI ROAD, BANGKOK 10400 ","PHAYATHAI ","NEGERI ",SMP,Bangkok,Thailand,"Luar Negeri"
"1 "," 90101028 ","SEKOLAH SI BANGKOK TINGKAT SMA ","INDONESIAN EMBASSY 600-602 PATCHBURI ROAD, BANGKOK 10400 ","PHAYATHAI ","NEGERI ",SMA,Bangkok,Thailand,"Luar Negeri"
